#include "gfx/legato/generated/le_gen_assets.h"

/*********************************
 * Legato Font Asset
 * Name:         aptos_light_l
 * Height:       31
 * Baseline:     24
 * Style:        Antialias
 * Glyph Count:  177
 * Range Count:  1
 * Glyph Ranges: 0x0-0xB0
 *********************************/
/*********************************
 * font glyph kerning table description
 *
 * unsigned int - number of glyphs
 * for each glyph:
 *     unsigned short - codepoint         * the glyph's codepoint
 *     short          - width             * the glyph's width in pixels
 *     short          - height            * the glyph's height in pixels
 *     short          - advance           * the glyph's advance value in pixels
 *     short          - bearingX          * the glyph's bearing value in pixels on the X axis
 *     short          - bearingY          * the glyph's bearing value in pixels on the Y axis
 *     unsigned short - flags             * status flags for this glyph
 *     unsigned short - data row width    * the size of a row of glyph data in bytes
 *     unsigned int   - data table offset * the offset into the corresponding font data table
 ********************************/
const uint8_t aptos_light_l_data[3544] =
{
    0xB1,0x00,0x00,0x00,0x00,0x00,0x10,0x00,0x15,0x00,0x0F,0x00,0x00,0x00,0x15,0x00,
    0x00,0x00,0x10,0x00,0x00,0x00,0x00,0x00,0x01,0x00,0x10,0x00,0x15,0x00,0x0F,0x00,
    0x00,0x00,0x15,0x00,0x00,0x00,0x10,0x00,0x50,0x01,0x00,0x00,0x02,0x00,0x10,0x00,
    0x15,0x00,0x0F,0x00,0x00,0x00,0x15,0x00,0x00,0x00,0x10,0x00,0xA0,0x02,0x00,0x00,
    0x03,0x00,0x10,0x00,0x15,0x00,0x0F,0x00,0x00,0x00,0x15,0x00,0x00,0x00,0x10,0x00,
    0xF0,0x03,0x00,0x00,0x04,0x00,0x10,0x00,0x15,0x00,0x0F,0x00,0x00,0x00,0x15,0x00,
    0x00,0x00,0x10,0x00,0x40,0x05,0x00,0x00,0x05,0x00,0x10,0x00,0x15,0x00,0x0F,0x00,
    0x00,0x00,0x15,0x00,0x00,0x00,0x10,0x00,0x90,0x06,0x00,0x00,0x06,0x00,0x10,0x00,
    0x15,0x00,0x0F,0x00,0x00,0x00,0x15,0x00,0x00,0x00,0x10,0x00,0xE0,0x07,0x00,0x00,
    0x07,0x00,0x10,0x00,0x15,0x00,0x0F,0x00,0x00,0x00,0x15,0x00,0x00,0x00,0x10,0x00,
    0x30,0x09,0x00,0x00,0x08,0x00,0x10,0x00,0x15,0x00,0x0F,0x00,0x00,0x00,0x15,0x00,
    0x00,0x00,0x10,0x00,0x80,0x0A,0x00,0x00,0x09,0x00,0x10,0x00,0x15,0x00,0x0F,0x00,
    0x00,0x00,0x15,0x00,0x00,0x00,0x10,0x00,0xD0,0x0B,0x00,0x00,0x0A,0x00,0x10,0x00,
    0x15,0x00,0x0F,0x00,0x00,0x00,0x15,0x00,0x00,0x00,0x10,0x00,0x20,0x0D,0x00,0x00,
    0x0B,0x00,0x10,0x00,0x15,0x00,0x0F,0x00,0x00,0x00,0x15,0x00,0x00,0x00,0x10,0x00,
    0x70,0x0E,0x00,0x00,0x0C,0x00,0x10,0x00,0x15,0x00,0x0F,0x00,0x00,0x00,0x15,0x00,
    0x00,0x00,0x10,0x00,0xC0,0x0F,0x00,0x00,0x0D,0x00,0x00,0x00,0x00,0x00,0x00,0x00,
    0x00,0x00,0x00,0x00,0x00,0x00,0x00,0x00,0x10,0x11,0x00,0x00,0x0E,0x00,0x10,0x00,
    0x15,0x00,0x0F,0x00,0x00,0x00,0x15,0x00,0x00,0x00,0x10,0x00,0x10,0x11,0x00,0x00,
    0x0F,0x00,0x10,0x00,0x15,0x00,0x0F,0x00,0x00,0x00,0x15,0x00,0x00,0x00,0x10,0x00,
    0x60,0x12,0x00,0x00,0x10,0x00,0x10,0x00,0x15,0x00,0x0F,0x00,0x00,0x00,0x15,0x00,
    0x00,0x00,0x10,0x00,0xB0,0x13,0x00,0x00,0x11,0x00,0x10,0x00,0x15,0x00,0x0F,0x00,
    0x00,0x00,0x15,0x00,0x00,0x00,0x10,0x00,0x00,0x15,0x00,0x00,0x12,0x00,0x10,0x00,
    0x15,0x00,0x0F,0x00,0x00,0x00,0x15,0x00,0x00,0x00,0x10,0x00,0x50,0x16,0x00,0x00,
    0x13,0x00,0x10,0x00,0x15,0x00,0x0F,0x00,0x00,0x00,0x15,0x00,0x00,0x00,0x10,0x00,
    0xA0,0x17,0x00,0x00,0x14,0x00,0x10,0x00,0x15,0x00,0x0F,0x00,0x00,0x00,0x15,0x00,
    0x00,0x00,0x10,0x00,0xF0,0x18,0x00,0x00,0x15,0x00,0x10,0x00,0x15,0x00,0x0F,0x00,
    0x00,0x00,0x15,0x00,0x00,0x00,0x10,0x00,0x40,0x1A,0x00,0x00,0x16,0x00,0x10,0x00,
    0x15,0x00,0x0F,0x00,0x00,0x00,0x15,0x00,0x00,0x00,0x10,0x00,0x90,0x1B,0x00,0x00,
    0x17,0x00,0x10,0x00,0x15,0x00,0x0F,0x00,0x00,0x00,0x15,0x00,0x00,0x00,0x10,0x00,
    0xE0,0x1C,0x00,0x00,0x18,0x00,0x10,0x00,0x15,0x00,0x0F,0x00,0x00,0x00,0x15,0x00,
    0x00,0x00,0x10,0x00,0x30,0x1E,0x00,0x00,0x19,0x00,0x10,0x00,0x15,0x00,0x0F,0x00,
    0x00,0x00,0x15,0x00,0x00,0x00,0x10,0x00,0x80,0x1F,0x00,0x00,0x1A,0x00,0x10,0x00,
    0x15,0x00,0x0F,0x00,0x00,0x00,0x15,0x00,0x00,0x00,0x10,0x00,0xD0,0x20,0x00,0x00,
    0x1B,0x00,0x10,0x00,0x15,0x00,0x0F,0x00,0x00,0x00,0x15,0x00,0x00,0x00,0x10,0x00,
    0x20,0x22,0x00,0x00,0x1C,0x00,0x10,0x00,0x15,0x00,0x0F,0x00,0x00,0x00,0x15,0x00,
    0x00,0x00,0x10,0x00,0x70,0x23,0x00,0x00,0x1D,0x00,0x10,0x00,0x15,0x00,0x0F,0x00,
    0x00,0x00,0x15,0x00,0x00,0x00,0x10,0x00,0xC0,0x24,0x00,0x00,0x1E,0x00,0x10,0x00,
    0x15,0x00,0x0F,0x00,0x00,0x00,0x15,0x00,0x00,0x00,0x10,0x00,0x10,0x26,0x00,0x00,
    0x1F,0x00,0x10,0x00,0x15,0x00,0x0F,0x00,0x00,0x00,0x15,0x00,0x00,0x00,0x10,0x00,
    0x60,0x27,0x00,0x00,0x20,0x00,0x00,0x00,0x00,0x00,0x07,0x00,0x00,0x00,0x00,0x00,
    0x00,0x00,0x00,0x00,0xB0,0x28,0x00,0x00,0x21,0x00,0x04,0x00,0x16,0x00,0x09,0x00,
    0x03,0x00,0x16,0x00,0x00,0x00,0x04,0x00,0xB0,0x28,0x00,0x00,0x22,0x00,0x07,0x00,
    0x07,0x00,0x0B,0x00,0x02,0x00,0x15,0x00,0x00,0x00,0x07,0x00,0x08,0x29,0x00,0x00,
    0x23,0x00,0x11,0x00,0x15,0x00,0x11,0x00,0x00,0x00,0x15,0x00,0x00,0x00,0x11,0x00,
    0x3C,0x29,0x00,0x00,0x24,0x00,0x0F,0x00,0x1B,0x00,0x11,0x00,0x01,0x00,0x18,0x00,
    0x00,0x00,0x0F,0x00,0xA4,0x2A,0x00,0x00,0x25,0x00,0x18,0x00,0x14,0x00,0x1A,0x00,
    0x01,0x00,0x14,0x00,0x00,0x00,0x18,0x00,0x3C,0x2C,0x00,0x00,0x26,0x00,0x13,0x00,
    0x15,0x00,0x14,0x00,0x01,0x00,0x15,0x00,0x00,0x00,0x13,0x00,0x1C,0x2E,0x00,0x00,
    0x27,0x00,0x03,0x00,0x07,0x00,0x06,0x00,0x02,0x00,0x15,0x00,0x00,0x00,0x03,0x00,
    0xAC,0x2F,0x00,0x00,0x28,0x00,0x07,0x00,0x1B,0x00,0x09,0x00,0x02,0x00,0x15,0x00,
    0x00,0x00,0x07,0x00,0xC4,0x2F,0x00,0x00,0x29,0x00,0x06,0x00,0x1B,0x00,0x09,0x00,
    0x01,0x00,0x15,0x00,0x00,0x00,0x06,0x00,0x84,0x30,0x00,0x00,0x2A,0x00,0x0C,0x00,
    0x0B,0x00,0x0F,0x00,0x01,0x00,0x15,0x00,0x00,0x00,0x0C,0x00,0x28,0x31,0x00,0x00,
    0x2B,0x00,0x0E,0x00,0x0D,0x00,0x11,0x00,0x02,0x00,0x11,0x00,0x00,0x00,0x0E,0x00,
    0xAC,0x31,0x00,0x00,0x2C,0x00,0x05,0x00,0x08,0x00,0x09,0x00,0x02,0x00,0x04,0x00,
    0x00,0x00,0x05,0x00,0x64,0x32,0x00,0x00,0x2D,0x00,0x09,0x00,0x02,0x00,0x0B,0x00,
    0x01,0x00,0x09,0x00,0x00,0x00,0x09,0x00,0x8C,0x32,0x00,0x00,0x2E,0x00,0x05,0x00,
    0x04,0x00,0x09,0x00,0x02,0x00,0x04,0x00,0x00,0x00,0x05,0x00,0xA0,0x32,0x00,0x00,
    0x2F,0x00,0x0A,0x00,0x15,0x00,0x0A,0x00,0x00,0x00,0x15,0x00,0x00,0x00,0x0A,0x00,
    0xB4,0x32,0x00,0x00,0x30,0x00,0x0F,0x00,0x15,0x00,0x11,0x00,0x01,0x00,0x15,0x00,
    0x00,0x00,0x0F,0x00,0x88,0x33,0x00,0x00,0x31,0x00,0x08,0x00,0x15,0x00,0x11,0x00,
    0x03,0x00,0x15,0x00,0x00,0x00,0x08,0x00,0xC4,0x34,0x00,0x00,0x32,0x00,0x0F,0x00,
    0x15,0x00,0x11,0x00,0x01,0x00,0x15,0x00,0x00,0x00,0x0F,0x00,0x6C,0x35,0x00,0x00,
    0x33,0x00,0x0F,0x00,0x15,0x00,0x11,0x00,0x01,0x00,0x15,0x00,0x00,0x00,0x0F,0x00,
    0xA8,0x36,0x00,0x00,0x34,0x00,0x0F,0x00,0x15,0x00,0x11,0x00,0x01,0x00,0x15,0x00,
    0x00,0x00,0x0F,0x00,0xE4,0x37,0x00,0x00,0x35,0x00,0x0F,0x00,0x15,0x00,0x11,0x00,
    0x01,0x00,0x15,0x00,0x00,0x00,0x0F,0x00,0x20,0x39,0x00,0x00,0x36,0x00,0x0F,0x00,
    0x15,0x00,0x11,0x00,0x01,0x00,0x15,0x00,0x00,0x00,0x0F,0x00,0x5C,0x3A,0x00,0x00,
    0x37,0x00,0x0F,0x00,0x15,0x00,0x11,0x00,0x01,0x00,0x15,0x00,0x00,0x00,0x0F,0x00,
    0x98,0x3B,0x00,0x00,0x38,0x00,0x0F,0x00,0x15,0x00,0x11,0x00,0x01,0x00,0x15,0x00,
    0x00,0x00,0x0F,0x00,0xD4,0x3C,0x00,0x00,0x39,0x00,0x0F,0x00,0x15,0x00,0x11,0x00,
    0x01,0x00,0x15,0x00,0x00,0x00,0x0F,0x00,0x10,0x3E,0x00,0x00,0x3A,0x00,0x05,0x00,
    0x10,0x00,0x09,0x00,0x02,0x00,0x10,0x00,0x00,0x00,0x05,0x00,0x4C,0x3F,0x00,0x00,
    0x3B,0x00,0x05,0x00,0x14,0x00,0x09,0x00,0x02,0x00,0x10,0x00,0x00,0x00,0x05,0x00,
    0x9C,0x3F,0x00,0x00,0x3C,0x00,0x0E,0x00,0x0F,0x00,0x11,0x00,0x02,0x00,0x12,0x00,
    0x00,0x00,0x0E,0x00,0x00,0x40,0x00,0x00,0x3D,0x00,0x0E,0x00,0x07,0x00,0x11,0x00,
    0x02,0x00,0x0E,0x00,0x00,0x00,0x0E,0x00,0xD4,0x40,0x00,0x00,0x3E,0x00,0x0E,0x00,
    0x0F,0x00,0x11,0x00,0x02,0x00,0x12,0x00,0x00,0x00,0x0E,0x00,0x38,0x41,0x00,0x00,
    0x3F,0x00,0x0E,0x00,0x15,0x00,0x10,0x00,0x01,0x00,0x15,0x00,0x00,0x00,0x0E,0x00,
    0x0C,0x42,0x00,0x00,0x40,0x00,0x1A,0x00,0x19,0x00,0x1D,0x00,0x01,0x00,0x15,0x00,
    0x00,0x00,0x1A,0x00,0x34,0x43,0x00,0x00,0x41,0x00,0x13,0x00,0x15,0x00,0x12,0x00,
    0x00,0x00,0x15,0x00,0x00,0x00,0x13,0x00,0xC0,0x45,0x00,0x00,0x42,0x00,0x10,0x00,
    0x15,0x00,0x13,0x00,0x02,0x00,0x15,0x00,0x00,0x00,0x10,0x00,0x50,0x47,0x00,0x00,
    0x43,0x00,0x14,0x00,0x15,0x00,0x16,0x00,0x01,0x00,0x15,0x00,0x00,0x00,0x14,0x00,
    0xA0,0x48,0x00,0x00,0x44,0x00,0x12,0x00,0x15,0x00,0x16,0x00,0x02,0x00,0x15,0x00,
    0x00,0x00,0x12,0x00,0x44,0x4A,0x00,0x00,0x45,0x00,0x0E,0x00,0x15,0x00,0x12,0x00,
    0x02,0x00,0x15,0x00,0x00,0x00,0x0E,0x00,0xC0,0x4B,0x00,0x00,0x46,0x00,0x0E,0x00,
    0x15,0x00,0x11,0x00,0x02,0x00,0x15,0x00,0x00,0x00,0x0E,0x00,0xE8,0x4C,0x00,0x00,
    0x47,0x00,0x14,0x00,0x15,0x00,0x17,0x00,0x01,0x00,0x15,0x00,0x00,0x00,0x14,0x00,
    0x10,0x4E,0x00,0x00,0x48,0x00,0x12,0x00,0x15,0x00,0x16,0x00,0x02,0x00,0x15,0x00,
    0x00,0x00,0x12,0x00,0xB4,0x4F,0x00,0x00,0x49,0x00,0x03,0x00,0x15,0x00,0x08,0x00,
    0x02,0x00,0x15,0x00,0x00,0x00,0x03,0x00,0x30,0x51,0x00,0x00,0x4A,0x00,0x08,0x00,
    0x15,0x00,0x0A,0x00,0x00,0x00,0x15,0x00,0x00,0x00,0x08,0x00,0x70,0x51,0x00,0x00,
    0x4B,0x00,0x10,0x00,0x15,0x00,0x11,0x00,0x02,0x00,0x15,0x00,0x00,0x00,0x10,0x00,
    0x18,0x52,0x00,0x00,0x4C,0x00,0x0E,0x00,0x15,0x00,0x10,0x00,0x02,0x00,0x15,0x00,
    0x00,0x00,0x0E,0x00,0x68,0x53,0x00,0x00,0x4D,0x00,0x14,0x00,0x15,0x00,0x19,0x00,
    0x02,0x00,0x15,0x00,0x00,0x00,0x14,0x00,0x90,0x54,0x00,0x00,0x4E,0x00,0x12,0x00,
    0x15,0x00,0x16,0x00,0x02,0x00,0x15,0x00,0x00,0x00,0x12,0x00,0x34,0x56,0x00,0x00,
    0x4F,0x00,0x15,0x00,0x15,0x00,0x17,0x00,0x01,0x00,0x15,0x00,0x00,0x00,0x15,0x00,
    0xB0,0x57,0x00,0x00,0x50,0x00,0x0F,0x00,0x15,0x00,0x12,0x00,0x02,0x00,0x15,0x00,
    0x00,0x00,0x0F,0x00,0x6C,0x59,0x00,0x00,0x51,0x00,0x15,0x00,0x19,0x00,0x17,0x00,
    0x01,0x00,0x15,0x00,0x00,0x00,0x15,0x00,0xA8,0x5A,0x00,0x00,0x52,0x00,0x10,0x00,
    0x15,0x00,0x13,0x00,0x02,0x00,0x15,0x00,0x00,0x00,0x10,0x00,0xB8,0x5C,0x00,0x00,
    0x53,0x00,0x10,0x00,0x15,0x00,0x12,0x00,0x01,0x00,0x15,0x00,0x00,0x00,0x10,0x00,
    0x08,0x5E,0x00,0x00,0x54,0x00,0x0F,0x00,0x15,0x00,0x0F,0x00,0x00,0x00,0x15,0x00,
    0x00,0x00,0x0F,0x00,0x58,0x5F,0x00,0x00,0x55,0x00,0x11,0x00,0x15,0x00,0x16,0x00,
    0x02,0x00,0x15,0x00,0x00,0x00,0x11,0x00,0x94,0x60,0x00,0x00,0x56,0x00,0x13,0x00,
    0x15,0x00,0x12,0x00,0x00,0x00,0x15,0x00,0x00,0x00,0x13,0x00,0xFC,0x61,0x00,0x00,
    0x57,0x00,0x1C,0x00,0x15,0x00,0x1C,0x00,0x00,0x00,0x15,0x00,0x00,0x00,0x1C,0x00,
    0x8C,0x63,0x00,0x00,0x58,0x00,0x11,0x00,0x15,0x00,0x11,0x00,0x00,0x00,0x15,0x00,
    0x00,0x00,0x11,0x00,0xD8,0x65,0x00,0x00,0x59,0x00,0x11,0x00,0x15,0x00,0x11,0x00,
    0x00,0x00,0x15,0x00,0x00,0x00,0x11,0x00,0x40,0x67,0x00,0x00,0x5A,0x00,0x10,0x00,
    0x15,0x00,0x10,0x00,0x00,0x00,0x15,0x00,0x00,0x00,0x10,0x00,0xA8,0x68,0x00,0x00,
    0x5B,0x00,0x06,0x00,0x1B,0x00,0x09,0x00,0x02,0x00,0x15,0x00,0x00,0x00,0x06,0x00,
    0xF8,0x69,0x00,0x00,0x5C,0x00,0x0A,0x00,0x15,0x00,0x0A,0x00,0x00,0x00,0x15,0x00,
    0x00,0x00,0x0A,0x00,0x9C,0x6A,0x00,0x00,0x5D,0x00,0x06,0x00,0x1B,0x00,0x09,0x00,
    0x01,0x00,0x15,0x00,0x00,0x00,0x06,0x00,0x70,0x6B,0x00,0x00,0x5E,0x00,0x0D,0x00,
    0x09,0x00,0x11,0x00,0x02,0x00,0x15,0x00,0x00,0x00,0x0D,0x00,0x14,0x6C,0x00,0x00,
    0x5F,0x00,0x0F,0x00,0x02,0x00,0x0F,0x00,0x00,0x00,0xFE,0xFF,0x00,0x00,0x0F,0x00,
    0x8C,0x6C,0x00,0x00,0x60,0x00,0x06,0x00,0x05,0x00,0x12,0x00,0x04,0x00,0x16,0x00,
    0x00,0x00,0x06,0x00,0xAC,0x6C,0x00,0x00,0x61,0x00,0x0E,0x00,0x10,0x00,0x11,0x00,
    0x01,0x00,0x10,0x00,0x00,0x00,0x0E,0x00,0xCC,0x6C,0x00,0x00,0x62,0x00,0x0E,0x00,
    0x15,0x00,0x12,0x00,0x02,0x00,0x15,0x00,0x00,0x00,0x0E,0x00,0xAC,0x6D,0x00,0x00,
    0x63,0x00,0x0E,0x00,0x10,0x00,0x10,0x00,0x01,0x00,0x10,0x00,0x00,0x00,0x0E,0x00,
    0xD4,0x6E,0x00,0x00,0x64,0x00,0x0E,0x00,0x15,0x00,0x12,0x00,0x01,0x00,0x15,0x00,
    0x00,0x00,0x0E,0x00,0xB4,0x6F,0x00,0x00,0x65,0x00,0x0E,0x00,0x10,0x00,0x10,0x00,
    0x01,0x00,0x10,0x00,0x00,0x00,0x0E,0x00,0xDC,0x70,0x00,0x00,0x66,0x00,0x09,0x00,
    0x15,0x00,0x09,0x00,0x00,0x00,0x15,0x00,0x00,0x00,0x09,0x00,0xBC,0x71,0x00,0x00,
    0x67,0x00,0x0E,0x00,0x18,0x00,0x0F,0x00,0x01,0x00,0x12,0x00,0x00,0x00,0x0E,0x00,
    0x7C,0x72,0x00,0x00,0x68,0x00,0x0D,0x00,0x15,0x00,0x11,0x00,0x02,0x00,0x15,0x00,
    0x00,0x00,0x0D,0x00,0xCC,0x73,0x00,0x00,0x69,0x00,0x03,0x00,0x16,0x00,0x07,0x00,
    0x02,0x00,0x16,0x00,0x00,0x00,0x03,0x00,0xE0,0x74,0x00,0x00,0x6A,0x00,0x06,0x00,
    0x1C,0x00,0x07,0x00,0xFF,0xFF,0x16,0x00,0x00,0x00,0x06,0x00,0x24,0x75,0x00,0x00,
    0x6B,0x00,0x0D,0x00,0x15,0x00,0x0F,0x00,0x02,0x00,0x15,0x00,0x00,0x00,0x0D,0x00,
    0xCC,0x75,0x00,0x00,0x6C,0x00,0x06,0x00,0x15,0x00,0x08,0x00,0x02,0x00,0x15,0x00,
    0x00,0x00,0x06,0x00,0xE0,0x76,0x00,0x00,0x6D,0x00,0x17,0x00,0x10,0x00,0x1B,0x00,
    0x02,0x00,0x10,0x00,0x00,0x00,0x17,0x00,0x60,0x77,0x00,0x00,0x6E,0x00,0x0D,0x00,
    0x10,0x00,0x11,0x00,0x02,0x00,0x10,0x00,0x00,0x00,0x0D,0x00,0xD0,0x78,0x00,0x00,
    0x6F,0x00,0x0F,0x00,0x10,0x00,0x11,0x00,0x01,0x00,0x10,0x00,0x00,0x00,0x0F,0x00,
    0xA0,0x79,0x00,0x00,0x70,0x00,0x0E,0x00,0x16,0x00,0x12,0x00,0x02,0x00,0x10,0x00,
    0x00,0x00,0x0E,0x00,0x90,0x7A,0x00,0x00,0x71,0x00,0x0E,0x00,0x16,0x00,0x12,0x00,
    0x01,0x00,0x10,0x00,0x00,0x00,0x0E,0x00,0xC4,0x7B,0x00,0x00,0x72,0x00,0x08,0x00,
    0x10,0x00,0x0A,0x00,0x02,0x00,0x10,0x00,0x00,0x00,0x08,0x00,0xF8,0x7C,0x00,0x00,
    0x73,0x00,0x0D,0x00,0x10,0x00,0x0F,0x00,0x01,0x00,0x10,0x00,0x00,0x00,0x0D,0x00,
    0x78,0x7D,0x00,0x00,0x74,0x00,0x09,0x00,0x14,0x00,0x0A,0x00,0x00,0x00,0x14,0x00,
    0x00,0x00,0x09,0x00,0x48,0x7E,0x00,0x00,0x75,0x00,0x0D,0x00,0x10,0x00,0x12,0x00,
    0x02,0x00,0x10,0x00,0x00,0x00,0x0D,0x00,0xFC,0x7E,0x00,0x00,0x76,0x00,0x0E,0x00,
    0x10,0x00,0x0E,0x00,0x00,0x00,0x10,0x00,0x00,0x00,0x0E,0x00,0xCC,0x7F,0x00,0x00,
    0x77,0x00,0x17,0x00,0x10,0x00,0x16,0x00,0x00,0x00,0x10,0x00,0x00,0x00,0x17,0x00,
    0xAC,0x80,0x00,0x00,0x78,0x00,0x0E,0x00,0x10,0x00,0x0D,0x00,0x00,0x00,0x10,0x00,
    0x00,0x00,0x0E,0x00,0x1C,0x82,0x00,0x00,0x79,0x00,0x0E,0x00,0x16,0x00,0x0E,0x00,
    0x00,0x00,0x10,0x00,0x00,0x00,0x0E,0x00,0xFC,0x82,0x00,0x00,0x7A,0x00,0x0C,0x00,
    0x10,0x00,0x0E,0x00,0x01,0x00,0x10,0x00,0x00,0x00,0x0C,0x00,0x30,0x84,0x00,0x00,
    0x7B,0x00,0x08,0x00,0x1B,0x00,0x09,0x00,0x00,0x00,0x15,0x00,0x00,0x00,0x08,0x00,
    0xF0,0x84,0x00,0x00,0x7C,0x00,0x03,0x00,0x1B,0x00,0x09,0x00,0x03,0x00,0x15,0x00,
    0x00,0x00,0x03,0x00,0xC8,0x85,0x00,0x00,0x7D,0x00,0x08,0x00,0x1B,0x00,0x09,0x00,
    0x01,0x00,0x15,0x00,0x00,0x00,0x08,0x00,0x1C,0x86,0x00,0x00,0x7E,0x00,0x11,0x00,
    0x06,0x00,0x11,0x00,0x00,0x00,0x0D,0x00,0x00,0x00,0x11,0x00,0xF4,0x86,0x00,0x00,
    0x7F,0x00,0x10,0x00,0x15,0x00,0x0F,0x00,0x00,0x00,0x15,0x00,0x00,0x00,0x10,0x00,
    0x5C,0x87,0x00,0x00,0x80,0x00,0x10,0x00,0x15,0x00,0x0F,0x00,0x00,0x00,0x15,0x00,
    0x00,0x00,0x10,0x00,0xAC,0x88,0x00,0x00,0x81,0x00,0x10,0x00,0x15,0x00,0x0F,0x00,
    0x00,0x00,0x15,0x00,0x00,0x00,0x10,0x00,0xFC,0x89,0x00,0x00,0x82,0x00,0x10,0x00,
    0x15,0x00,0x0F,0x00,0x00,0x00,0x15,0x00,0x00,0x00,0x10,0x00,0x4C,0x8B,0x00,0x00,
    0x83,0x00,0x10,0x00,0x15,0x00,0x0F,0x00,0x00,0x00,0x15,0x00,0x00,0x00,0x10,0x00,
    0x9C,0x8C,0x00,0x00,0x84,0x00,0x10,0x00,0x15,0x00,0x0F,0x00,0x00,0x00,0x15,0x00,
    0x00,0x00,0x10,0x00,0xEC,0x8D,0x00,0x00,0x85,0x00,0x10,0x00,0x15,0x00,0x0F,0x00,
    0x00,0x00,0x15,0x00,0x00,0x00,0x10,0x00,0x3C,0x8F,0x00,0x00,0x86,0x00,0x10,0x00,
    0x15,0x00,0x0F,0x00,0x00,0x00,0x15,0x00,0x00,0x00,0x10,0x00,0x8C,0x90,0x00,0x00,
    0x87,0x00,0x10,0x00,0x15,0x00,0x0F,0x00,0x00,0x00,0x15,0x00,0x00,0x00,0x10,0x00,
    0xDC,0x91,0x00,0x00,0x88,0x00,0x10,0x00,0x15,0x00,0x0F,0x00,0x00,0x00,0x15,0x00,
    0x00,0x00,0x10,0x00,0x2C,0x93,0x00,0x00,0x89,0x00,0x10,0x00,0x15,0x00,0x0F,0x00,
    0x00,0x00,0x15,0x00,0x00,0x00,0x10,0x00,0x7C,0x94,0x00,0x00,0x8A,0x00,0x10,0x00,
    0x15,0x00,0x0F,0x00,0x00,0x00,0x15,0x00,0x00,0x00,0x10,0x00,0xCC,0x95,0x00,0x00,
    0x8B,0x00,0x10,0x00,0x15,0x00,0x0F,0x00,0x00,0x00,0x15,0x00,0x00,0x00,0x10,0x00,
    0x1C,0x97,0x00,0x00,0x8C,0x00,0x10,0x00,0x15,0x00,0x0F,0x00,0x00,0x00,0x15,0x00,
    0x00,0x00,0x10,0x00,0x6C,0x98,0x00,0x00,0x8D,0x00,0x10,0x00,0x15,0x00,0x0F,0x00,
    0x00,0x00,0x15,0x00,0x00,0x00,0x10,0x00,0xBC,0x99,0x00,0x00,0x8E,0x00,0x10,0x00,
    0x15,0x00,0x0F,0x00,0x00,0x00,0x15,0x00,0x00,0x00,0x10,0x00,0x0C,0x9B,0x00,0x00,
    0x8F,0x00,0x10,0x00,0x15,0x00,0x0F,0x00,0x00,0x00,0x15,0x00,0x00,0x00,0x10,0x00,
    0x5C,0x9C,0x00,0x00,0x90,0x00,0x10,0x00,0x15,0x00,0x0F,0x00,0x00,0x00,0x15,0x00,
    0x00,0x00,0x10,0x00,0xAC,0x9D,0x00,0x00,0x91,0x00,0x10,0x00,0x15,0x00,0x0F,0x00,
    0x00,0x00,0x15,0x00,0x00,0x00,0x10,0x00,0xFC,0x9E,0x00,0x00,0x92,0x00,0x10,0x00,
    0x15,0x00,0x0F,0x00,0x00,0x00,0x15,0x00,0x00,0x00,0x10,0x00,0x4C,0xA0,0x00,0x00,
    0x93,0x00,0x10,0x00,0x15,0x00,0x0F,0x00,0x00,0x00,0x15,0x00,0x00,0x00,0x10,0x00,
    0x9C,0xA1,0x00,0x00,0x94,0x00,0x10,0x00,0x15,0x00,0x0F,0x00,0x00,0x00,0x15,0x00,
    0x00,0x00,0x10,0x00,0xEC,0xA2,0x00,0x00,0x95,0x00,0x10,0x00,0x15,0x00,0x0F,0x00,
    0x00,0x00,0x15,0x00,0x00,0x00,0x10,0x00,0x3C,0xA4,0x00,0x00,0x96,0x00,0x10,0x00,
    0x15,0x00,0x0F,0x00,0x00,0x00,0x15,0x00,0x00,0x00,0x10,0x00,0x8C,0xA5,0x00,0x00,
    0x97,0x00,0x10,0x00,0x15,0x00,0x0F,0x00,0x00,0x00,0x15,0x00,0x00,0x00,0x10,0x00,
    0xDC,0xA6,0x00,0x00,0x98,0x00,0x10,0x00,0x15,0x00,0x0F,0x00,0x00,0x00,0x15,0x00,
    0x00,0x00,0x10,0x00,0x2C,0xA8,0x00,0x00,0x99,0x00,0x10,0x00,0x15,0x00,0x0F,0x00,
    0x00,0x00,0x15,0x00,0x00,0x00,0x10,0x00,0x7C,0xA9,0x00,0x00,0x9A,0x00,0x10,0x00,
    0x15,0x00,0x0F,0x00,0x00,0x00,0x15,0x00,0x00,0x00,0x10,0x00,0xCC,0xAA,0x00,0x00,
    0x9B,0x00,0x10,0x00,0x15,0x00,0x0F,0x00,0x00,0x00,0x15,0x00,0x00,0x00,0x10,0x00,
    0x1C,0xAC,0x00,0x00,0x9C,0x00,0x10,0x00,0x15,0x00,0x0F,0x00,0x00,0x00,0x15,0x00,
    0x00,0x00,0x10,0x00,0x6C,0xAD,0x00,0x00,0x9D,0x00,0x10,0x00,0x15,0x00,0x0F,0x00,
    0x00,0x00,0x15,0x00,0x00,0x00,0x10,0x00,0xBC,0xAE,0x00,0x00,0x9E,0x00,0x10,0x00,
    0x15,0x00,0x0F,0x00,0x00,0x00,0x15,0x00,0x00,0x00,0x10,0x00,0x0C,0xB0,0x00,0x00,
    0x9F,0x00,0x10,0x00,0x15,0x00,0x0F,0x00,0x00,0x00,0x15,0x00,0x00,0x00,0x10,0x00,
    0x5C,0xB1,0x00,0x00,0xA0,0x00,0x00,0x00,0x00,0x00,0x07,0x00,0x00,0x00,0x00,0x00,
    0x00,0x00,0x00,0x00,0xAC,0xB2,0x00,0x00,0xA1,0x00,0x05,0x00,0x16,0x00,0x09,0x00,
    0x02,0x00,0x10,0x00,0x00,0x00,0x05,0x00,0xAC,0xB2,0x00,0x00,0xA2,0x00,0x0E,0x00,
    0x16,0x00,0x11,0x00,0x02,0x00,0x13,0x00,0x00,0x00,0x0E,0x00,0x1C,0xB3,0x00,0x00,
    0xA3,0x00,0x0F,0x00,0x15,0x00,0x11,0x00,0x01,0x00,0x15,0x00,0x00,0x00,0x0F,0x00,
    0x50,0xB4,0x00,0x00,0xA4,0x00,0x0F,0x00,0x0E,0x00,0x11,0x00,0x01,0x00,0x11,0x00,
    0x00,0x00,0x0F,0x00,0x8C,0xB5,0x00,0x00,0xA5,0x00,0x11,0x00,0x15,0x00,0x11,0x00,
    0x00,0x00,0x15,0x00,0x00,0x00,0x11,0x00,0x60,0xB6,0x00,0x00,0xA6,0x00,0x03,0x00,
    0x1B,0x00,0x09,0x00,0x03,0x00,0x15,0x00,0x00,0x00,0x03,0x00,0xC8,0xB7,0x00,0x00,
    0xA7,0x00,0x0C,0x00,0x16,0x00,0x0F,0x00,0x01,0x00,0x16,0x00,0x00,0x00,0x0C,0x00,
    0x1C,0xB8,0x00,0x00,0xA8,0x00,0x09,0x00,0x03,0x00,0x12,0x00,0x04,0x00,0x16,0x00,
    0x00,0x00,0x09,0x00,0x24,0xB9,0x00,0x00,0xA9,0x00,0x16,0x00,0x15,0x00,0x18,0x00,
    0x01,0x00,0x15,0x00,0x00,0x00,0x16,0x00,0x40,0xB9,0x00,0x00,0xAA,0x00,0x0B,0x00,
    0x0D,0x00,0x0D,0x00,0x01,0x00,0x15,0x00,0x00,0x00,0x0B,0x00,0x10,0xBB,0x00,0x00,
    0xAB,0x00,0x0B,0x00,0x0A,0x00,0x0D,0x00,0x01,0x00,0x0D,0x00,0x00,0x00,0x0B,0x00,
    0xA0,0xBB,0x00,0x00,0xAC,0x00,0x0E,0x00,0x09,0x00,0x11,0x00,0x02,0x00,0x0F,0x00,
    0x00,0x00,0x0E,0x00,0x10,0xBC,0x00,0x00,0xAD,0x00,0x09,0x00,0x02,0x00,0x0B,0x00,
    0x01,0x00,0x09,0x00,0x00,0x00,0x09,0x00,0x90,0xBC,0x00,0x00,0xAE,0x00,0x0D,0x00,
    0x0C,0x00,0x0F,0x00,0x01,0x00,0x15,0x00,0x00,0x00,0x0D,0x00,0xA4,0xBC,0x00,0x00,
    0xAF,0x00,0x0A,0x00,0x02,0x00,0x12,0x00,0x04,0x00,0x15,0x00,0x00,0x00,0x0A,0x00,
    0x40,0xBD,0x00,0x00,0xB0,0x00,0x0B,0x00,0x0A,0x00,0x0B,0x00,0x00,0x00,0x15,0x00,
    0x00,0x00,0x0B,0x00,0x54,0xBD,0x00,0x00,
};

/*********************************
 * raw font glyph data
 ********************************/
const uint8_t aptos_light_l_glyphs[48580] =
{
    0xFF,0xF0,0xF0,0xF0,0xF0,0xF0,0xF0,0xF0,0xF0,0xF0,0xF0,0xF0,0xF0,0xF0,0xFE,0x14,
    0xEC,0x00,0x00,0x00,0x00,0x00,0x00,0x00,0x00,0x00,0x00,0x00,0x00,0x00,0xDC,0x14,
    0xEC,0x00,0x00,0x00,0x00,0x00,0x02,0x0E,0x03,0x00,0x00,0x00,0x00,0x00,0xDC,0x14,
    0xEC,0x00,0x00,0x00,0x27,0xAE,0xF5,0xFF,0xF9,0xBD,0x3C,0x00,0x00,0x00,0xDC,0x14,
    0xEC,0x00,0x00,0x27,0xF1,0x95,0x22,0x04,0x19,0x80,0xFA,0x3C,0x00,0x00,0xDC,0x14,
    0xEC,0x00,0x00,0xA2,0xB0,0x00,0x00,0x00,0x00,0x00,0xA7,0xB0,0x00,0x00,0xDC,0x14,
    0xEC,0x00,0x00,0xC0,0x5E,0x00,0x00,0x00,0x00,0x00,0x75,0xCC,0x00,0x00,0xDC,0x14,
    0xEC,0x00,0x00,0x00,0x00,0x00,0x00,0x00,0x00,0x00,0xAA,0xA4,0x00,0x00,0xDC,0x14,
    0xEC,0x00,0x00,0x00,0x00,0x00,0x00,0x00,0x00,0x65,0xEF,0x27,0x00,0x00,0xDC,0x14,
    0xEC,0x00,0x00,0x00,0x00,0x00,0x00,0x00,0x85,0xEA,0x36,0x00,0x00,0x00,0xDC,0x14,
    0xEC,0x00,0x00,0x00,0x00,0x00,0x00,0x6F,0xE3,0x22,0x00,0x00,0x00,0x00,0xDC,0x14,
    0xEC,0x00,0x00,0x00,0x00,0x00,0x02,0xEA,0x58,0x00,0x00,0x00,0x00,0x00,0xDC,0x14,
    0xEC,0x00,0x00,0x00,0x00,0x00,0x12,0xDC,0x1A,0x00,0x00,0x00,0x00,0x00,0xDC,0x14,
    0xEC,0x00,0x00,0x00,0x00,0x00,0x00,0x00,0x00,0x00,0x00,0x00,0x00,0x00,0xDC,0x14,
    0xEC,0x00,0x00,0x00,0x00,0x00,0x00,0x19,0x00,0x00,0x00,0x00,0x00,0x00,0xDC,0x14,
    0xEC,0x00,0x00,0x00,0x00,0x00,0x6A,0xFF,0x79,0x00,0x00,0x00,0x00,0x00,0xDC,0x14,
    0xEC,0x00,0x00,0x00,0x00,0x00,0x60,0xFF,0x6F,0x00,0x00,0x00,0x00,0x00,0xDC,0x14,
    0xEC,0x00,0x00,0x00,0x00,0x00,0x00,0x0A,0x00,0x00,0x00,0x00,0x00,0x00,0xDC,0x14,
    0xEC,0x00,0x00,0x00,0x00,0x00,0x00,0x00,0x00,0x00,0x00,0x00,0x00,0x00,0xDC,0x14,
    0xEC,0x00,0x00,0x00,0x00,0x00,0x00,0x00,0x00,0x00,0x00,0x00,0x00,0x00,0xDC,0x14,
    0xFE,0xEC,0xEC,0xEC,0xEC,0xEC,0xEC,0xEC,0xEC,0xEC,0xEC,0xEC,0xEC,0xEC,0xFD,0x14,
    0xFF,0xF0,0xF0,0xF0,0xF0,0xF0,0xF0,0xF0,0xF0,0xF0,0xF0,0xF0,0xF0,0xF0,0xFE,0x14,
    0xEC,0x00,0x00,0x00,0x00,0x00,0x00,0x00,0x00,0x00,0x00,0x00,0x00,0x00,0xDC,0x14,
    0xEC,0x00,0x00,0x00,0x00,0x00,0x02,0x0E,0x03,0x00,0x00,0x00,0x00,0x00,0xDC,0x14,
    0xEC,0x00,0x00,0x00,0x27,0xAE,0xF5,0xFF,0xF9,0xBD,0x3C,0x00,0x00,0x00,0xDC,0x14,
    0xEC,0x00,0x00,0x27,0xF1,0x95,0x22,0x04,0x19,0x80,0xFA,0x3C,0x00,0x00,0xDC,0x14,
    0xEC,0x00,0x00,0xA2,0xB0,0x00,0x00,0x00,0x00,0x00,0xA7,0xB0,0x00,0x00,0xDC,0x14,
    0xEC,0x00,0x00,0xC0,0x5E,0x00,0x00,0x00,0x00,0x00,0x75,0xCC,0x00,0x00,0xDC,0x14,
    0xEC,0x00,0x00,0x00,0x00,0x00,0x00,0x00,0x00,0x00,0xAA,0xA4,0x00,0x00,0xDC,0x14,
    0xEC,0x00,0x00,0x00,0x00,0x00,0x00,0x00,0x00,0x65,0xEF,0x27,0x00,0x00,0xDC,0x14,
    0xEC,0x00,0x00,0x00,0x00,0x00,0x00,0x00,0x85,0xEA,0x36,0x00,0x00,0x00,0xDC,0x14,
    0xEC,0x00,0x00,0x00,0x00,0x00,0x00,0x6F,0xE3,0x22,0x00,0x00,0x00,0x00,0xDC,0x14,
    0xEC,0x00,0x00,0x00,0x00,0x00,0x02,0xEA,0x58,0x00,0x00,0x00,0x00,0x00,0xDC,0x14,
    0xEC,0x00,0x00,0x00,0x00,0x00,0x12,0xDC,0x1A,0x00,0x00,0x00,0x00,0x00,0xDC,0x14,
    0xEC,0x00,0x00,0x00,0x00,0x00,0x00,0x00,0x00,0x00,0x00,0x00,0x00,0x00,0xDC,0x14,
    0xEC,0x00,0x00,0x00,0x00,0x00,0x00,0x19,0x00,0x00,0x00,0x00,0x00,0x00,0xDC,0x14,
    0xEC,0x00,0x00,0x00,0x00,0x00,0x6A,0xFF,0x79,0x00,0x00,0x00,0x00,0x00,0xDC,0x14,
    0xEC,0x00,0x00,0x00,0x00,0x00,0x60,0xFF,0x6F,0x00,0x00,0x00,0x00,0x00,0xDC,0x14,
    0xEC,0x00,0x00,0x00,0x00,0x00,0x00,0x0A,0x00,0x00,0x00,0x00,0x00,0x00,0xDC,0x14,
    0xEC,0x00,0x00,0x00,0x00,0x00,0x00,0x00,0x00,0x00,0x00,0x00,0x00,0x00,0xDC,0x14,
    0xEC,0x00,0x00,0x00,0x00,0x00,0x00,0x00,0x00,0x00,0x00,0x00,0x00,0x00,0xDC,0x14,
    0xFE,0xEC,0xEC,0xEC,0xEC,0xEC,0xEC,0xEC,0xEC,0xEC,0xEC,0xEC,0xEC,0xEC,0xFD,0x14,
    0xFF,0xF0,0xF0,0xF0,0xF0,0xF0,0xF0,0xF0,0xF0,0xF0,0xF0,0xF0,0xF0,0xF0,0xFE,0x14,
    0xEC,0x00,0x00,0x00,0x00,0x00,0x00,0x00,0x00,0x00,0x00,0x00,0x00,0x00,0xDC,0x14,
    0xEC,0x00,0x00,0x00,0x00,0x00,0x02,0x0E,0x03,0x00,0x00,0x00,0x00,0x00,0xDC,0x14,
    0xEC,0x00,0x00,0x00,0x27,0xAE,0xF5,0xFF,0xF9,0xBD,0x3C,0x00,0x00,0x00,0xDC,0x14,
    0xEC,0x00,0x00,0x27,0xF1,0x95,0x22,0x04,0x19,0x80,0xFA,0x3C,0x00,0x00,0xDC,0x14,
    0xEC,0x00,0x00,0xA2,0xB0,0x00,0x00,0x00,0x00,0x00,0xA7,0xB0,0x00,0x00,0xDC,0x14,
    0xEC,0x00,0x00,0xC0,0x5E,0x00,0x00,0x00,0x00,0x00,0x75,0xCC,0x00,0x00,0xDC,0x14,
    0xEC,0x00,0x00,0x00,0x00,0x00,0x00,0x00,0x00,0x00,0xAA,0xA4,0x00,0x00,0xDC,0x14,
    0xEC,0x00,0x00,0x00,0x00,0x00,0x00,0x00,0x00,0x65,0xEF,0x27,0x00,0x00,0xDC,0x14,
    0xEC,0x00,0x00,0x00,0x00,0x00,0x00,0x00,0x85,0xEA,0x36,0x00,0x00,0x00,0xDC,0x14,
    0xEC,0x00,0x00,0x00,0x00,0x00,0x00,0x6F,0xE3,0x22,0x00,0x00,0x00,0x00,0xDC,0x14,
    0xEC,0x00,0x00,0x00,0x00,0x00,0x02,0xEA,0x58,0x00,0x00,0x00,0x00,0x00,0xDC,0x14,
    0xEC,0x00,0x00,0x00,0x00,0x00,0x12,0xDC,0x1A,0x00,0x00,0x00,0x00,0x00,0xDC,0x14,
    0xEC,0x00,0x00,0x00,0x00,0x00,0x00,0x00,0x00,0x00,0x00,0x00,0x00,0x00,0xDC,0x14,
    0xEC,0x00,0x00,0x00,0x00,0x00,0x00,0x19,0x00,0x00,0x00,0x00,0x00,0x00,0xDC,0x14,
    0xEC,0x00,0x00,0x00,0x00,0x00,0x6A,0xFF,0x79,0x00,0x00,0x00,0x00,0x00,0xDC,0x14,
    0xEC,0x00,0x00,0x00,0x00,0x00,0x60,0xFF,0x6F,0x00,0x00,0x00,0x00,0x00,0xDC,0x14,
    0xEC,0x00,0x00,0x00,0x00,0x00,0x00,0x0A,0x00,0x00,0x00,0x00,0x00,0x00,0xDC,0x14,
    0xEC,0x00,0x00,0x00,0x00,0x00,0x00,0x00,0x00,0x00,0x00,0x00,0x00,0x00,0xDC,0x14,
    0xEC,0x00,0x00,0x00,0x00,0x00,0x00,0x00,0x00,0x00,0x00,0x00,0x00,0x00,0xDC,0x14,
    0xFE,0xEC,0xEC,0xEC,0xEC,0xEC,0xEC,0xEC,0xEC,0xEC,0xEC,0xEC,0xEC,0xEC,0xFD,0x14,
    0xFF,0xF0,0xF0,0xF0,0xF0,0xF0,0xF0,0xF0,0xF0,0xF0,0xF0,0xF0,0xF0,0xF0,0xFE,0x14,
    0xEC,0x00,0x00,0x00,0x00,0x00,0x00,0x00,0x00,0x00,0x00,0x00,0x00,0x00,0xDC,0x14,
    0xEC,0x00,0x00,0x00,0x00,0x00,0x02,0x0E,0x03,0x00,0x00,0x00,0x00,0x00,0xDC,0x14,
    0xEC,0x00,0x00,0x00,0x27,0xAE,0xF5,0xFF,0xF9,0xBD,0x3C,0x00,0x00,0x00,0xDC,0x14,
    0xEC,0x00,0x00,0x27,0xF1,0x95,0x22,0x04,0x19,0x80,0xFA,0x3C,0x00,0x00,0xDC,0x14,
    0xEC,0x00,0x00,0xA2,0xB0,0x00,0x00,0x00,0x00,0x00,0xA7,0xB0,0x00,0x00,0xDC,0x14,
    0xEC,0x00,0x00,0xC0,0x5E,0x00,0x00,0x00,0x00,0x00,0x75,0xCC,0x00,0x00,0xDC,0x14,
    0xEC,0x00,0x00,0x00,0x00,0x00,0x00,0x00,0x00,0x00,0xAA,0xA4,0x00,0x00,0xDC,0x14,
    0xEC,0x00,0x00,0x00,0x00,0x00,0x00,0x00,0x00,0x65,0xEF,0x27,0x00,0x00,0xDC,0x14,
    0xEC,0x00,0x00,0x00,0x00,0x00,0x00,0x00,0x85,0xEA,0x36,0x00,0x00,0x00,0xDC,0x14,
    0xEC,0x00,0x00,0x00,0x00,0x00,0x00,0x6F,0xE3,0x22,0x00,0x00,0x00,0x00,0xDC,0x14,
    0xEC,0x00,0x00,0x00,0x00,0x00,0x02,0xEA,0x58,0x00,0x00,0x00,0x00,0x00,0xDC,0x14,
    0xEC,0x00,0x00,0x00,0x00,0x00,0x12,0xDC,0x1A,0x00,0x00,0x00,0x00,0x00,0xDC,0x14,
    0xEC,0x00,0x00,0x00,0x00,0x00,0x00,0x00,0x00,0x00,0x00,0x00,0x00,0x00,0xDC,0x14,
    0xEC,0x00,0x00,0x00,0x00,0x00,0x00,0x19,0x00,0x00,0x00,0x00,0x00,0x00,0xDC,0x14,
    0xEC,0x00,0x00,0x00,0x00,0x00,0x6A,0xFF,0x79,0x00,0x00,0x00,0x00,0x00,0xDC,0x14,
    0xEC,0x00,0x00,0x00,0x00,0x00,0x60,0xFF,0x6F,0x00,0x00,0x00,0x00,0x00,0xDC,0x14,
    0xEC,0x00,0x00,0x00,0x00,0x00,0x00,0x0A,0x00,0x00,0x00,0x00,0x00,0x00,0xDC,0x14,
    0xEC,0x00,0x00,0x00,0x00,0x00,0x00,0x00,0x00,0x00,0x00,0x00,0x00,0x00,0xDC,0x14,
    0xEC,0x00,0x00,0x00,0x00,0x00,0x00,0x00,0x00,0x00,0x00,0x00,0x00,0x00,0xDC,0x14,
    0xFE,0xEC,0xEC,0xEC,0xEC,0xEC,0xEC,0xEC,0xEC,0xEC,0xEC,0xEC,0xEC,0xEC,0xFD,0x14,
    0xFF,0xF0,0xF0,0xF0,0xF0,0xF0,0xF0,0xF0,0xF0,0xF0,0xF0,0xF0,0xF0,0xF0,0xFE,0x14,
    0xEC,0x00,0x00,0x00,0x00,0x00,0x00,0x00,0x00,0x00,0x00,0x00,0x00,0x00,0xDC,0x14,
    0xEC,0x00,0x00,0x00,0x00,0x00,0x02,0x0E,0x03,0x00,0x00,0x00,0x00,0x00,0xDC,0x14,
    0xEC,0x00,0x00,0x00,0x27,0xAE,0xF5,0xFF,0xF9,0xBD,0x3C,0x00,0x00,0x00,0xDC,0x14,
    0xEC,0x00,0x00,0x27,0xF1,0x95,0x22,0x04,0x19,0x80,0xFA,0x3C,0x00,0x00,0xDC,0x14,
    0xEC,0x00,0x00,0xA2,0xB0,0x00,0x00,0x00,0x00,0x00,0xA7,0xB0,0x00,0x00,0xDC,0x14,
    0xEC,0x00,0x00,0xC0,0x5E,0x00,0x00,0x00,0x00,0x00,0x75,0xCC,0x00,0x00,0xDC,0x14,
    0xEC,0x00,0x00,0x00,0x00,0x00,0x00,0x00,0x00,0x00,0xAA,0xA4,0x00,0x00,0xDC,0x14,
    0xEC,0x00,0x00,0x00,0x00,0x00,0x00,0x00,0x00,0x65,0xEF,0x27,0x00,0x00,0xDC,0x14,
    0xEC,0x00,0x00,0x00,0x00,0x00,0x00,0x00,0x85,0xEA,0x36,0x00,0x00,0x00,0xDC,0x14,
    0xEC,0x00,0x00,0x00,0x00,0x00,0x00,0x6F,0xE3,0x22,0x00,0x00,0x00,0x00,0xDC,0x14,
    0xEC,0x00,0x00,0x00,0x00,0x00,0x02,0xEA,0x58,0x00,0x00,0x00,0x00,0x00,0xDC,0x14,
    0xEC,0x00,0x00,0x00,0x00,0x00,0x12,0xDC,0x1A,0x00,0x00,0x00,0x00,0x00,0xDC,0x14,
    0xEC,0x00,0x00,0x00,0x00,0x00,0x00,0x00,0x00,0x00,0x00,0x00,0x00,0x00,0xDC,0x14,
    0xEC,0x00,0x00,0x00,0x00,0x00,0x00,0x19,0x00,0x00,0x00,0x00,0x00,0x00,0xDC,0x14,
    0xEC,0x00,0x00,0x00,0x00,0x00,0x6A,0xFF,0x79,0x00,0x00,0x00,0x00,0x00,0xDC,0x14,
    0xEC,0x00,0x00,0x00,0x00,0x00,0x60,0xFF,0x6F,0x00,0x00,0x00,0x00,0x00,0xDC,0x14,
    0xEC,0x00,0x00,0x00,0x00,0x00,0x00,0x0A,0x00,0x00,0x00,0x00,0x00,0x00,0xDC,0x14,
    0xEC,0x00,0x00,0x00,0x00,0x00,0x00,0x00,0x00,0x00,0x00,0x00,0x00,0x00,0xDC,0x14,
    0xEC,0x00,0x00,0x00,0x00,0x00,0x00,0x00,0x00,0x00,0x00,0x00,0x00,0x00,0xDC,0x14,
    0xFE,0xEC,0xEC,0xEC,0xEC,0xEC,0xEC,0xEC,0xEC,0xEC,0xEC,0xEC,0xEC,0xEC,0xFD,0x14,
    0xFF,0xF0,0xF0,0xF0,0xF0,0xF0,0xF0,0xF0,0xF0,0xF0,0xF0,0xF0,0xF0,0xF0,0xFE,0x14,
    0xEC,0x00,0x00,0x00,0x00,0x00,0x00,0x00,0x00,0x00,0x00,0x00,0x00,0x00,0xDC,0x14,
    0xEC,0x00,0x00,0x00,0x00,0x00,0x02,0x0E,0x03,0x00,0x00,0x00,0x00,0x00,0xDC,0x14,
    0xEC,0x00,0x00,0x00,0x27,0xAE,0xF5,0xFF,0xF9,0xBD,0x3C,0x00,0x00,0x00,0xDC,0x14,
    0xEC,0x00,0x00,0x27,0xF1,0x95,0x22,0x04,0x19,0x80,0xFA,0x3C,0x00,0x00,0xDC,0x14,
    0xEC,0x00,0x00,0xA2,0xB0,0x00,0x00,0x00,0x00,0x00,0xA7,0xB0,0x00,0x00,0xDC,0x14,
    0xEC,0x00,0x00,0xC0,0x5E,0x00,0x00,0x00,0x00,0x00,0x75,0xCC,0x00,0x00,0xDC,0x14,
    0xEC,0x00,0x00,0x00,0x00,0x00,0x00,0x00,0x00,0x00,0xAA,0xA4,0x00,0x00,0xDC,0x14,
    0xEC,0x00,0x00,0x00,0x00,0x00,0x00,0x00,0x00,0x65,0xEF,0x27,0x00,0x00,0xDC,0x14,
    0xEC,0x00,0x00,0x00,0x00,0x00,0x00,0x00,0x85,0xEA,0x36,0x00,0x00,0x00,0xDC,0x14,
    0xEC,0x00,0x00,0x00,0x00,0x00,0x00,0x6F,0xE3,0x22,0x00,0x00,0x00,0x00,0xDC,0x14,
    0xEC,0x00,0x00,0x00,0x00,0x00,0x02,0xEA,0x58,0x00,0x00,0x00,0x00,0x00,0xDC,0x14,
    0xEC,0x00,0x00,0x00,0x00,0x00,0x12,0xDC,0x1A,0x00,0x00,0x00,0x00,0x00,0xDC,0x14,
    0xEC,0x00,0x00,0x00,0x00,0x00,0x00,0x00,0x00,0x00,0x00,0x00,0x00,0x00,0xDC,0x14,
    0xEC,0x00,0x00,0x00,0x00,0x00,0x00,0x19,0x00,0x00,0x00,0x00,0x00,0x00,0xDC,0x14,
    0xEC,0x00,0x00,0x00,0x00,0x00,0x6A,0xFF,0x79,0x00,0x00,0x00,0x00,0x00,0xDC,0x14,
    0xEC,0x00,0x00,0x00,0x00,0x00,0x60,0xFF,0x6F,0x00,0x00,0x00,0x00,0x00,0xDC,0x14,
    0xEC,0x00,0x00,0x00,0x00,0x00,0x00,0x0A,0x00,0x00,0x00,0x00,0x00,0x00,0xDC,0x14,
    0xEC,0x00,0x00,0x00,0x00,0x00,0x00,0x00,0x00,0x00,0x00,0x00,0x00,0x00,0xDC,0x14,
    0xEC,0x00,0x00,0x00,0x00,0x00,0x00,0x00,0x00,0x00,0x00,0x00,0x00,0x00,0xDC,0x14,
    0xFE,0xEC,0xEC,0xEC,0xEC,0xEC,0xEC,0xEC,0xEC,0xEC,0xEC,0xEC,0xEC,0xEC,0xFD,0x14,
    0xFF,0xF0,0xF0,0xF0,0xF0,0xF0,0xF0,0xF0,0xF0,0xF0,0xF0,0xF0,0xF0,0xF0,0xFE,0x14,
    0xEC,0x00,0x00,0x00,0x00,0x00,0x00,0x00,0x00,0x00,0x00,0x00,0x00,0x00,0xDC,0x14,
    0xEC,0x00,0x00,0x00,0x00,0x00,0x02,0x0E,0x03,0x00,0x00,0x00,0x00,0x00,0xDC,0x14,
    0xEC,0x00,0x00,0x00,0x27,0xAE,0xF5,0xFF,0xF9,0xBD,0x3C,0x00,0x00,0x00,0xDC,0x14,
    0xEC,0x00,0x00,0x27,0xF1,0x95,0x22,0x04,0x19,0x80,0xFA,0x3C,0x00,0x00,0xDC,0x14,
    0xEC,0x00,0x00,0xA2,0xB0,0x00,0x00,0x00,0x00,0x00,0xA7,0xB0,0x00,0x00,0xDC,0x14,
    0xEC,0x00,0x00,0xC0,0x5E,0x00,0x00,0x00,0x00,0x00,0x75,0xCC,0x00,0x00,0xDC,0x14,
    0xEC,0x00,0x00,0x00,0x00,0x00,0x00,0x00,0x00,0x00,0xAA,0xA4,0x00,0x00,0xDC,0x14,
    0xEC,0x00,0x00,0x00,0x00,0x00,0x00,0x00,0x00,0x65,0xEF,0x27,0x00,0x00,0xDC,0x14,
    0xEC,0x00,0x00,0x00,0x00,0x00,0x00,0x00,0x85,0xEA,0x36,0x00,0x00,0x00,0xDC,0x14,
    0xEC,0x00,0x00,0x00,0x00,0x00,0x00,0x6F,0xE3,0x22,0x00,0x00,0x00,0x00,0xDC,0x14,
    0xEC,0x00,0x00,0x00,0x00,0x00,0x02,0xEA,0x58,0x00,0x00,0x00,0x00,0x00,0xDC,0x14,
    0xEC,0x00,0x00,0x00,0x00,0x00,0x12,0xDC,0x1A,0x00,0x00,0x00,0x00,0x00,0xDC,0x14,
    0xEC,0x00,0x00,0x00,0x00,0x00,0x00,0x00,0x00,0x00,0x00,0x00,0x00,0x00,0xDC,0x14,
    0xEC,0x00,0x00,0x00,0x00,0x00,0x00,0x19,0x00,0x00,0x00,0x00,0x00,0x00,0xDC,0x14,
    0xEC,0x00,0x00,0x00,0x00,0x00,0x6A,0xFF,0x79,0x00,0x00,0x00,0x00,0x00,0xDC,0x14,
    0xEC,0x00,0x00,0x00,0x00,0x00,0x60,0xFF,0x6F,0x00,0x00,0x00,0x00,0x00,0xDC,0x14,
    0xEC,0x00,0x00,0x00,0x00,0x00,0x00,0x0A,0x00,0x00,0x00,0x00,0x00,0x00,0xDC,0x14,
    0xEC,0x00,0x00,0x00,0x00,0x00,0x00,0x00,0x00,0x00,0x00,0x00,0x00,0x00,0xDC,0x14,
    0xEC,0x00,0x00,0x00,0x00,0x00,0x00,0x00,0x00,0x00,0x00,0x00,0x00,0x00,0xDC,0x14,
    0xFE,0xEC,0xEC,0xEC,0xEC,0xEC,0xEC,0xEC,0xEC,0xEC,0xEC,0xEC,0xEC,0xEC,0xFD,0x14,
    0xFF,0xF0,0xF0,0xF0,0xF0,0xF0,0xF0,0xF0,0xF0,0xF0,0xF0,0xF0,0xF0,0xF0,0xFE,0x14,
    0xEC,0x00,0x00,0x00,0x00,0x00,0x00,0x00,0x00,0x00,0x00,0x00,0x00,0x00,0xDC,0x14,
    0xEC,0x00,0x00,0x00,0x00,0x00,0x02,0x0E,0x03,0x00,0x00,0x00,0x00,0x00,0xDC,0x14,
    0xEC,0x00,0x00,0x00,0x27,0xAE,0xF5,0xFF,0xF9,0xBD,0x3C,0x00,0x00,0x00,0xDC,0x14,
    0xEC,0x00,0x00,0x27,0xF1,0x95,0x22,0x04,0x19,0x80,0xFA,0x3C,0x00,0x00,0xDC,0x14,
    0xEC,0x00,0x00,0xA2,0xB0,0x00,0x00,0x00,0x00,0x00,0xA7,0xB0,0x00,0x00,0xDC,0x14,
    0xEC,0x00,0x00,0xC0,0x5E,0x00,0x00,0x00,0x00,0x00,0x75,0xCC,0x00,0x00,0xDC,0x14,
    0xEC,0x00,0x00,0x00,0x00,0x00,0x00,0x00,0x00,0x00,0xAA,0xA4,0x00,0x00,0xDC,0x14,
    0xEC,0x00,0x00,0x00,0x00,0x00,0x00,0x00,0x00,0x65,0xEF,0x27,0x00,0x00,0xDC,0x14,
    0xEC,0x00,0x00,0x00,0x00,0x00,0x00,0x00,0x85,0xEA,0x36,0x00,0x00,0x00,0xDC,0x14,
    0xEC,0x00,0x00,0x00,0x00,0x00,0x00,0x6F,0xE3,0x22,0x00,0x00,0x00,0x00,0xDC,0x14,
    0xEC,0x00,0x00,0x00,0x00,0x00,0x02,0xEA,0x58,0x00,0x00,0x00,0x00,0x00,0xDC,0x14,
    0xEC,0x00,0x00,0x00,0x00,0x00,0x12,0xDC,0x1A,0x00,0x00,0x00,0x00,0x00,0xDC,0x14,
    0xEC,0x00,0x00,0x00,0x00,0x00,0x00,0x00,0x00,0x00,0x00,0x00,0x00,0x00,0xDC,0x14,
    0xEC,0x00,0x00,0x00,0x00,0x00,0x00,0x19,0x00,0x00,0x00,0x00,0x00,0x00,0xDC,0x14,
    0xEC,0x00,0x00,0x00,0x00,0x00,0x6A,0xFF,0x79,0x00,0x00,0x00,0x00,0x00,0xDC,0x14,
    0xEC,0x00,0x00,0x00,0x00,0x00,0x60,0xFF,0x6F,0x00,0x00,0x00,0x00,0x00,0xDC,0x14,
    0xEC,0x00,0x00,0x00,0x00,0x00,0x00,0x0A,0x00,0x00,0x00,0x00,0x00,0x00,0xDC,0x14,
    0xEC,0x00,0x00,0x00,0x00,0x00,0x00,0x00,0x00,0x00,0x00,0x00,0x00,0x00,0xDC,0x14,
    0xEC,0x00,0x00,0x00,0x00,0x00,0x00,0x00,0x00,0x00,0x00,0x00,0x00,0x00,0xDC,0x14,
    0xFE,0xEC,0xEC,0xEC,0xEC,0xEC,0xEC,0xEC,0xEC,0xEC,0xEC,0xEC,0xEC,0xEC,0xFD,0x14,
    0xFF,0xF0,0xF0,0xF0,0xF0,0xF0,0xF0,0xF0,0xF0,0xF0,0xF0,0xF0,0xF0,0xF0,0xFE,0x14,
    0xEC,0x00,0x00,0x00,0x00,0x00,0x00,0x00,0x00,0x00,0x00,0x00,0x00,0x00,0xDC,0x14,
    0xEC,0x00,0x00,0x00,0x00,0x00,0x02,0x0E,0x03,0x00,0x00,0x00,0x00,0x00,0xDC,0x14,
    0xEC,0x00,0x00,0x00,0x27,0xAE,0xF5,0xFF,0xF9,0xBD,0x3C,0x00,0x00,0x00,0xDC,0x14,
    0xEC,0x00,0x00,0x27,0xF1,0x95,0x22,0x04,0x19,0x80,0xFA,0x3C,0x00,0x00,0xDC,0x14,
    0xEC,0x00,0x00,0xA2,0xB0,0x00,0x00,0x00,0x00,0x00,0xA7,0xB0,0x00,0x00,0xDC,0x14,
    0xEC,0x00,0x00,0xC0,0x5E,0x00,0x00,0x00,0x00,0x00,0x75,0xCC,0x00,0x00,0xDC,0x14,
    0xEC,0x00,0x00,0x00,0x00,0x00,0x00,0x00,0x00,0x00,0xAA,0xA4,0x00,0x00,0xDC,0x14,
    0xEC,0x00,0x00,0x00,0x00,0x00,0x00,0x00,0x00,0x65,0xEF,0x27,0x00,0x00,0xDC,0x14,
    0xEC,0x00,0x00,0x00,0x00,0x00,0x00,0x00,0x85,0xEA,0x36,0x00,0x00,0x00,0xDC,0x14,
    0xEC,0x00,0x00,0x00,0x00,0x00,0x00,0x6F,0xE3,0x22,0x00,0x00,0x00,0x00,0xDC,0x14,
    0xEC,0x00,0x00,0x00,0x00,0x00,0x02,0xEA,0x58,0x00,0x00,0x00,0x00,0x00,0xDC,0x14,
    0xEC,0x00,0x00,0x00,0x00,0x00,0x12,0xDC,0x1A,0x00,0x00,0x00,0x00,0x00,0xDC,0x14,
    0xEC,0x00,0x00,0x00,0x00,0x00,0x00,0x00,0x00,0x00,0x00,0x00,0x00,0x00,0xDC,0x14,
    0xEC,0x00,0x00,0x00,0x00,0x00,0x00,0x19,0x00,0x00,0x00,0x00,0x00,0x00,0xDC,0x14,
    0xEC,0x00,0x00,0x00,0x00,0x00,0x6A,0xFF,0x79,0x00,0x00,0x00,0x00,0x00,0xDC,0x14,
    0xEC,0x00,0x00,0x00,0x00,0x00,0x60,0xFF,0x6F,0x00,0x00,0x00,0x00,0x00,0xDC,0x14,
    0xEC,0x00,0x00,0x00,0x00,0x00,0x00,0x0A,0x00,0x00,0x00,0x00,0x00,0x00,0xDC,0x14,
    0xEC,0x00,0x00,0x00,0x00,0x00,0x00,0x00,0x00,0x00,0x00,0x00,0x00,0x00,0xDC,0x14,
    0xEC,0x00,0x00,0x00,0x00,0x00,0x00,0x00,0x00,0x00,0x00,0x00,0x00,0x00,0xDC,0x14,
    0xFE,0xEC,0xEC,0xEC,0xEC,0xEC,0xEC,0xEC,0xEC,0xEC,0xEC,0xEC,0xEC,0xEC,0xFD,0x14,
    0xFF,0xF0,0xF0,0xF0,0xF0,0xF0,0xF0,0xF0,0xF0,0xF0,0xF0,0xF0,0xF0,0xF0,0xFE,0x14,
    0xEC,0x00,0x00,0x00,0x00,0x00,0x00,0x00,0x00,0x00,0x00,0x00,0x00,0x00,0xDC,0x14,
    0xEC,0x00,0x00,0x00,0x00,0x00,0x02,0x0E,0x03,0x00,0x00,0x00,0x00,0x00,0xDC,0x14,
    0xEC,0x00,0x00,0x00,0x27,0xAE,0xF5,0xFF,0xF9,0xBD,0x3C,0x00,0x00,0x00,0xDC,0x14,
    0xEC,0x00,0x00,0x27,0xF1,0x95,0x22,0x04,0x19,0x80,0xFA,0x3C,0x00,0x00,0xDC,0x14,
    0xEC,0x00,0x00,0xA2,0xB0,0x00,0x00,0x00,0x00,0x00,0xA7,0xB0,0x00,0x00,0xDC,0x14,
    0xEC,0x00,0x00,0xC0,0x5E,0x00,0x00,0x00,0x00,0x00,0x75,0xCC,0x00,0x00,0xDC,0x14,
    0xEC,0x00,0x00,0x00,0x00,0x00,0x00,0x00,0x00,0x00,0xAA,0xA4,0x00,0x00,0xDC,0x14,
    0xEC,0x00,0x00,0x00,0x00,0x00,0x00,0x00,0x00,0x65,0xEF,0x27,0x00,0x00,0xDC,0x14,
    0xEC,0x00,0x00,0x00,0x00,0x00,0x00,0x00,0x85,0xEA,0x36,0x00,0x00,0x00,0xDC,0x14,
    0xEC,0x00,0x00,0x00,0x00,0x00,0x00,0x6F,0xE3,0x22,0x00,0x00,0x00,0x00,0xDC,0x14,
    0xEC,0x00,0x00,0x00,0x00,0x00,0x02,0xEA,0x58,0x00,0x00,0x00,0x00,0x00,0xDC,0x14,
    0xEC,0x00,0x00,0x00,0x00,0x00,0x12,0xDC,0x1A,0x00,0x00,0x00,0x00,0x00,0xDC,0x14,
    0xEC,0x00,0x00,0x00,0x00,0x00,0x00,0x00,0x00,0x00,0x00,0x00,0x00,0x00,0xDC,0x14,
    0xEC,0x00,0x00,0x00,0x00,0x00,0x00,0x19,0x00,0x00,0x00,0x00,0x00,0x00,0xDC,0x14,
    0xEC,0x00,0x00,0x00,0x00,0x00,0x6A,0xFF,0x79,0x00,0x00,0x00,0x00,0x00,0xDC,0x14,
    0xEC,0x00,0x00,0x00,0x00,0x00,0x60,0xFF,0x6F,0x00,0x00,0x00,0x00,0x00,0xDC,0x14,
    0xEC,0x00,0x00,0x00,0x00,0x00,0x00,0x0A,0x00,0x00,0x00,0x00,0x00,0x00,0xDC,0x14,
    0xEC,0x00,0x00,0x00,0x00,0x00,0x00,0x00,0x00,0x00,0x00,0x00,0x00,0x00,0xDC,0x14,
    0xEC,0x00,0x00,0x00,0x00,0x00,0x00,0x00,0x00,0x00,0x00,0x00,0x00,0x00,0xDC,0x14,
    0xFE,0xEC,0xEC,0xEC,0xEC,0xEC,0xEC,0xEC,0xEC,0xEC,0xEC,0xEC,0xEC,0xEC,0xFD,0x14,
    0xFF,0xF0,0xF0,0xF0,0xF0,0xF0,0xF0,0xF0,0xF0,0xF0,0xF0,0xF0,0xF0,0xF0,0xFE,0x14,
    0xEC,0x00,0x00,0x00,0x00,0x00,0x00,0x00,0x00,0x00,0x00,0x00,0x00,0x00,0xDC,0x14,
    0xEC,0x00,0x00,0x00,0x00,0x00,0x02,0x0E,0x03,0x00,0x00,0x00,0x00,0x00,0xDC,0x14,
    0xEC,0x00,0x00,0x00,0x27,0xAE,0xF5,0xFF,0xF9,0xBD,0x3C,0x00,0x00,0x00,0xDC,0x14,
    0xEC,0x00,0x00,0x27,0xF1,0x95,0x22,0x04,0x19,0x80,0xFA,0x3C,0x00,0x00,0xDC,0x14,
    0xEC,0x00,0x00,0xA2,0xB0,0x00,0x00,0x00,0x00,0x00,0xA7,0xB0,0x00,0x00,0xDC,0x14,
    0xEC,0x00,0x00,0xC0,0x5E,0x00,0x00,0x00,0x00,0x00,0x75,0xCC,0x00,0x00,0xDC,0x14,
    0xEC,0x00,0x00,0x00,0x00,0x00,0x00,0x00,0x00,0x00,0xAA,0xA4,0x00,0x00,0xDC,0x14,
    0xEC,0x00,0x00,0x00,0x00,0x00,0x00,0x00,0x00,0x65,0xEF,0x27,0x00,0x00,0xDC,0x14,
    0xEC,0x00,0x00,0x00,0x00,0x00,0x00,0x00,0x85,0xEA,0x36,0x00,0x00,0x00,0xDC,0x14,
    0xEC,0x00,0x00,0x00,0x00,0x00,0x00,0x6F,0xE3,0x22,0x00,0x00,0x00,0x00,0xDC,0x14,
    0xEC,0x00,0x00,0x00,0x00,0x00,0x02,0xEA,0x58,0x00,0x00,0x00,0x00,0x00,0xDC,0x14,
    0xEC,0x00,0x00,0x00,0x00,0x00,0x12,0xDC,0x1A,0x00,0x00,0x00,0x00,0x00,0xDC,0x14,
    0xEC,0x00,0x00,0x00,0x00,0x00,0x00,0x00,0x00,0x00,0x00,0x00,0x00,0x00,0xDC,0x14,
    0xEC,0x00,0x00,0x00,0x00,0x00,0x00,0x19,0x00,0x00,0x00,0x00,0x00,0x00,0xDC,0x14,
    0xEC,0x00,0x00,0x00,0x00,0x00,0x6A,0xFF,0x79,0x00,0x00,0x00,0x00,0x00,0xDC,0x14,
    0xEC,0x00,0x00,0x00,0x00,0x00,0x60,0xFF,0x6F,0x00,0x00,0x00,0x00,0x00,0xDC,0x14,
    0xEC,0x00,0x00,0x00,0x00,0x00,0x00,0x0A,0x00,0x00,0x00,0x00,0x00,0x00,0xDC,0x14,
    0xEC,0x00,0x00,0x00,0x00,0x00,0x00,0x00,0x00,0x00,0x00,0x00,0x00,0x00,0xDC,0x14,
    0xEC,0x00,0x00,0x00,0x00,0x00,0x00,0x00,0x00,0x00,0x00,0x00,0x00,0x00,0xDC,0x14,
    0xFE,0xEC,0xEC,0xEC,0xEC,0xEC,0xEC,0xEC,0xEC,0xEC,0xEC,0xEC,0xEC,0xEC,0xFD,0x14,
    0xFF,0xF0,0xF0,0xF0,0xF0,0xF0,0xF0,0xF0,0xF0,0xF0,0xF0,0xF0,0xF0,0xF0,0xFE,0x14,
    0xEC,0x00,0x00,0x00,0x00,0x00,0x00,0x00,0x00,0x00,0x00,0x00,0x00,0x00,0xDC,0x14,
    0xEC,0x00,0x00,0x00,0x00,0x00,0x02,0x0E,0x03,0x00,0x00,0x00,0x00,0x00,0xDC,0x14,
    0xEC,0x00,0x00,0x00,0x27,0xAE,0xF5,0xFF,0xF9,0xBD,0x3C,0x00,0x00,0x00,0xDC,0x14,
    0xEC,0x00,0x00,0x27,0xF1,0x95,0x22,0x04,0x19,0x80,0xFA,0x3C,0x00,0x00,0xDC,0x14,
    0xEC,0x00,0x00,0xA2,0xB0,0x00,0x00,0x00,0x00,0x00,0xA7,0xB0,0x00,0x00,0xDC,0x14,
    0xEC,0x00,0x00,0xC0,0x5E,0x00,0x00,0x00,0x00,0x00,0x75,0xCC,0x00,0x00,0xDC,0x14,
    0xEC,0x00,0x00,0x00,0x00,0x00,0x00,0x00,0x00,0x00,0xAA,0xA4,0x00,0x00,0xDC,0x14,
    0xEC,0x00,0x00,0x00,0x00,0x00,0x00,0x00,0x00,0x65,0xEF,0x27,0x00,0x00,0xDC,0x14,
    0xEC,0x00,0x00,0x00,0x00,0x00,0x00,0x00,0x85,0xEA,0x36,0x00,0x00,0x00,0xDC,0x14,
    0xEC,0x00,0x00,0x00,0x00,0x00,0x00,0x6F,0xE3,0x22,0x00,0x00,0x00,0x00,0xDC,0x14,
    0xEC,0x00,0x00,0x00,0x00,0x00,0x02,0xEA,0x58,0x00,0x00,0x00,0x00,0x00,0xDC,0x14,
    0xEC,0x00,0x00,0x00,0x00,0x00,0x12,0xDC,0x1A,0x00,0x00,0x00,0x00,0x00,0xDC,0x14,
    0xEC,0x00,0x00,0x00,0x00,0x00,0x00,0x00,0x00,0x00,0x00,0x00,0x00,0x00,0xDC,0x14,
    0xEC,0x00,0x00,0x00,0x00,0x00,0x00,0x19,0x00,0x00,0x00,0x00,0x00,0x00,0xDC,0x14,
    0xEC,0x00,0x00,0x00,0x00,0x00,0x6A,0xFF,0x79,0x00,0x00,0x00,0x00,0x00,0xDC,0x14,
    0xEC,0x00,0x00,0x00,0x00,0x00,0x60,0xFF,0x6F,0x00,0x00,0x00,0x00,0x00,0xDC,0x14,
    0xEC,0x00,0x00,0x00,0x00,0x00,0x00,0x0A,0x00,0x00,0x00,0x00,0x00,0x00,0xDC,0x14,
    0xEC,0x00,0x00,0x00,0x00,0x00,0x00,0x00,0x00,0x00,0x00,0x00,0x00,0x00,0xDC,0x14,
    0xEC,0x00,0x00,0x00,0x00,0x00,0x00,0x00,0x00,0x00,0x00,0x00,0x00,0x00,0xDC,0x14,
    0xFE,0xEC,0xEC,0xEC,0xEC,0xEC,0xEC,0xEC,0xEC,0xEC,0xEC,0xEC,0xEC,0xEC,0xFD,0x14,
    0xFF,0xF0,0xF0,0xF0,0xF0,0xF0,0xF0,0xF0,0xF0,0xF0,0xF0,0xF0,0xF0,0xF0,0xFE,0x14,
    0xEC,0x00,0x00,0x00,0x00,0x00,0x00,0x00,0x00,0x00,0x00,0x00,0x00,0x00,0xDC,0x14,
    0xEC,0x00,0x00,0x00,0x00,0x00,0x02,0x0E,0x03,0x00,0x00,0x00,0x00,0x00,0xDC,0x14,
    0xEC,0x00,0x00,0x00,0x27,0xAE,0xF5,0xFF,0xF9,0xBD,0x3C,0x00,0x00,0x00,0xDC,0x14,
    0xEC,0x00,0x00,0x27,0xF1,0x95,0x22,0x04,0x19,0x80,0xFA,0x3C,0x00,0x00,0xDC,0x14,
    0xEC,0x00,0x00,0xA2,0xB0,0x00,0x00,0x00,0x00,0x00,0xA7,0xB0,0x00,0x00,0xDC,0x14,
    0xEC,0x00,0x00,0xC0,0x5E,0x00,0x00,0x00,0x00,0x00,0x75,0xCC,0x00,0x00,0xDC,0x14,
    0xEC,0x00,0x00,0x00,0x00,0x00,0x00,0x00,0x00,0x00,0xAA,0xA4,0x00,0x00,0xDC,0x14,
    0xEC,0x00,0x00,0x00,0x00,0x00,0x00,0x00,0x00,0x65,0xEF,0x27,0x00,0x00,0xDC,0x14,
    0xEC,0x00,0x00,0x00,0x00,0x00,0x00,0x00,0x85,0xEA,0x36,0x00,0x00,0x00,0xDC,0x14,
    0xEC,0x00,0x00,0x00,0x00,0x00,0x00,0x6F,0xE3,0x22,0x00,0x00,0x00,0x00,0xDC,0x14,
    0xEC,0x00,0x00,0x00,0x00,0x00,0x02,0xEA,0x58,0x00,0x00,0x00,0x00,0x00,0xDC,0x14,
    0xEC,0x00,0x00,0x00,0x00,0x00,0x12,0xDC,0x1A,0x00,0x00,0x00,0x00,0x00,0xDC,0x14,
    0xEC,0x00,0x00,0x00,0x00,0x00,0x00,0x00,0x00,0x00,0x00,0x00,0x00,0x00,0xDC,0x14,
    0xEC,0x00,0x00,0x00,0x00,0x00,0x00,0x19,0x00,0x00,0x00,0x00,0x00,0x00,0xDC,0x14,
    0xEC,0x00,0x00,0x00,0x00,0x00,0x6A,0xFF,0x79,0x00,0x00,0x00,0x00,0x00,0xDC,0x14,
    0xEC,0x00,0x00,0x00,0x00,0x00,0x60,0xFF,0x6F,0x00,0x00,0x00,0x00,0x00,0xDC,0x14,
    0xEC,0x00,0x00,0x00,0x00,0x00,0x00,0x0A,0x00,0x00,0x00,0x00,0x00,0x00,0xDC,0x14,
    0xEC,0x00,0x00,0x00,0x00,0x00,0x00,0x00,0x00,0x00,0x00,0x00,0x00,0x00,0xDC,0x14,
    0xEC,0x00,0x00,0x00,0x00,0x00,0x00,0x00,0x00,0x00,0x00,0x00,0x00,0x00,0xDC,0x14,
    0xFE,0xEC,0xEC,0xEC,0xEC,0xEC,0xEC,0xEC,0xEC,0xEC,0xEC,0xEC,0xEC,0xEC,0xFD,0x14,
    0xFF,0xF0,0xF0,0xF0,0xF0,0xF0,0xF0,0xF0,0xF0,0xF0,0xF0,0xF0,0xF0,0xF0,0xFE,0x14,
    0xEC,0x00,0x00,0x00,0x00,0x00,0x00,0x00,0x00,0x00,0x00,0x00,0x00,0x00,0xDC,0x14,
    0xEC,0x00,0x00,0x00,0x00,0x00,0x02,0x0E,0x03,0x00,0x00,0x00,0x00,0x00,0xDC,0x14,
    0xEC,0x00,0x00,0x00,0x27,0xAE,0xF5,0xFF,0xF9,0xBD,0x3C,0x00,0x00,0x00,0xDC,0x14,
    0xEC,0x00,0x00,0x27,0xF1,0x95,0x22,0x04,0x19,0x80,0xFA,0x3C,0x00,0x00,0xDC,0x14,
    0xEC,0x00,0x00,0xA2,0xB0,0x00,0x00,0x00,0x00,0x00,0xA7,0xB0,0x00,0x00,0xDC,0x14,
    0xEC,0x00,0x00,0xC0,0x5E,0x00,0x00,0x00,0x00,0x00,0x75,0xCC,0x00,0x00,0xDC,0x14,
    0xEC,0x00,0x00,0x00,0x00,0x00,0x00,0x00,0x00,0x00,0xAA,0xA4,0x00,0x00,0xDC,0x14,
    0xEC,0x00,0x00,0x00,0x00,0x00,0x00,0x00,0x00,0x65,0xEF,0x27,0x00,0x00,0xDC,0x14,
    0xEC,0x00,0x00,0x00,0x00,0x00,0x00,0x00,0x85,0xEA,0x36,0x00,0x00,0x00,0xDC,0x14,
    0xEC,0x00,0x00,0x00,0x00,0x00,0x00,0x6F,0xE3,0x22,0x00,0x00,0x00,0x00,0xDC,0x14,
    0xEC,0x00,0x00,0x00,0x00,0x00,0x02,0xEA,0x58,0x00,0x00,0x00,0x00,0x00,0xDC,0x14,
    0xEC,0x00,0x00,0x00,0x00,0x00,0x12,0xDC,0x1A,0x00,0x00,0x00,0x00,0x00,0xDC,0x14,
    0xEC,0x00,0x00,0x00,0x00,0x00,0x00,0x00,0x00,0x00,0x00,0x00,0x00,0x00,0xDC,0x14,
    0xEC,0x00,0x00,0x00,0x00,0x00,0x00,0x19,0x00,0x00,0x00,0x00,0x00,0x00,0xDC,0x14,
    0xEC,0x00,0x00,0x00,0x00,0x00,0x6A,0xFF,0x79,0x00,0x00,0x00,0x00,0x00,0xDC,0x14,
    0xEC,0x00,0x00,0x00,0x00,0x00,0x60,0xFF,0x6F,0x00,0x00,0x00,0x00,0x00,0xDC,0x14,
    0xEC,0x00,0x00,0x00,0x00,0x00,0x00,0x0A,0x00,0x00,0x00,0x00,0x00,0x00,0xDC,0x14,
    0xEC,0x00,0x00,0x00,0x00,0x00,0x00,0x00,0x00,0x00,0x00,0x00,0x00,0x00,0xDC,0x14,
    0xEC,0x00,0x00,0x00,0x00,0x00,0x00,0x00,0x00,0x00,0x00,0x00,0x00,0x00,0xDC,0x14,
    0xFE,0xEC,0xEC,0xEC,0xEC,0xEC,0xEC,0xEC,0xEC,0xEC,0xEC,0xEC,0xEC,0xEC,0xFD,0x14,
    0xFF,0xF0,0xF0,0xF0,0xF0,0xF0,0xF0,0xF0,0xF0,0xF0,0xF0,0xF0,0xF0,0xF0,0xFE,0x14,
    0xEC,0x00,0x00,0x00,0x00,0x00,0x00,0x00,0x00,0x00,0x00,0x00,0x00,0x00,0xDC,0x14,
    0xEC,0x00,0x00,0x00,0x00,0x00,0x02,0x0E,0x03,0x00,0x00,0x00,0x00,0x00,0xDC,0x14,
    0xEC,0x00,0x00,0x00,0x27,0xAE,0xF5,0xFF,0xF9,0xBD,0x3C,0x00,0x00,0x00,0xDC,0x14,
    0xEC,0x00,0x00,0x27,0xF1,0x95,0x22,0x04,0x19,0x80,0xFA,0x3C,0x00,0x00,0xDC,0x14,
    0xEC,0x00,0x00,0xA2,0xB0,0x00,0x00,0x00,0x00,0x00,0xA7,0xB0,0x00,0x00,0xDC,0x14,
    0xEC,0x00,0x00,0xC0,0x5E,0x00,0x00,0x00,0x00,0x00,0x75,0xCC,0x00,0x00,0xDC,0x14,
    0xEC,0x00,0x00,0x00,0x00,0x00,0x00,0x00,0x00,0x00,0xAA,0xA4,0x00,0x00,0xDC,0x14,
    0xEC,0x00,0x00,0x00,0x00,0x00,0x00,0x00,0x00,0x65,0xEF,0x27,0x00,0x00,0xDC,0x14,
    0xEC,0x00,0x00,0x00,0x00,0x00,0x00,0x00,0x85,0xEA,0x36,0x00,0x00,0x00,0xDC,0x14,
    0xEC,0x00,0x00,0x00,0x00,0x00,0x00,0x6F,0xE3,0x22,0x00,0x00,0x00,0x00,0xDC,0x14,
    0xEC,0x00,0x00,0x00,0x00,0x00,0x02,0xEA,0x58,0x00,0x00,0x00,0x00,0x00,0xDC,0x14,
    0xEC,0x00,0x00,0x00,0x00,0x00,0x12,0xDC,0x1A,0x00,0x00,0x00,0x00,0x00,0xDC,0x14,
    0xEC,0x00,0x00,0x00,0x00,0x00,0x00,0x00,0x00,0x00,0x00,0x00,0x00,0x00,0xDC,0x14,
    0xEC,0x00,0x00,0x00,0x00,0x00,0x00,0x19,0x00,0x00,0x00,0x00,0x00,0x00,0xDC,0x14,
    0xEC,0x00,0x00,0x00,0x00,0x00,0x6A,0xFF,0x79,0x00,0x00,0x00,0x00,0x00,0xDC,0x14,
    0xEC,0x00,0x00,0x00,0x00,0x00,0x60,0xFF,0x6F,0x00,0x00,0x00,0x00,0x00,0xDC,0x14,
    0xEC,0x00,0x00,0x00,0x00,0x00,0x00,0x0A,0x00,0x00,0x00,0x00,0x00,0x00,0xDC,0x14,
    0xEC,0x00,0x00,0x00,0x00,0x00,0x00,0x00,0x00,0x00,0x00,0x00,0x00,0x00,0xDC,0x14,
    0xEC,0x00,0x00,0x00,0x00,0x00,0x00,0x00,0x00,0x00,0x00,0x00,0x00,0x00,0xDC,0x14,
    0xFE,0xEC,0xEC,0xEC,0xEC,0xEC,0xEC,0xEC,0xEC,0xEC,0xEC,0xEC,0xEC,0xEC,0xFD,0x14,
    0xFF,0xF0,0xF0,0xF0,0xF0,0xF0,0xF0,0xF0,0xF0,0xF0,0xF0,0xF0,0xF0,0xF0,0xFE,0x14,
    0xEC,0x00,0x00,0x00,0x00,0x00,0x00,0x00,0x00,0x00,0x00,0x00,0x00,0x00,0xDC,0x14,
    0xEC,0x00,0x00,0x00,0x00,0x00,0x02,0x0E,0x03,0x00,0x00,0x00,0x00,0x00,0xDC,0x14,
    0xEC,0x00,0x00,0x00,0x27,0xAE,0xF5,0xFF,0xF9,0xBD,0x3C,0x00,0x00,0x00,0xDC,0x14,
    0xEC,0x00,0x00,0x27,0xF1,0x95,0x22,0x04,0x19,0x80,0xFA,0x3C,0x00,0x00,0xDC,0x14,
    0xEC,0x00,0x00,0xA2,0xB0,0x00,0x00,0x00,0x00,0x00,0xA7,0xB0,0x00,0x00,0xDC,0x14,
    0xEC,0x00,0x00,0xC0,0x5E,0x00,0x00,0x00,0x00,0x00,0x75,0xCC,0x00,0x00,0xDC,0x14,
    0xEC,0x00,0x00,0x00,0x00,0x00,0x00,0x00,0x00,0x00,0xAA,0xA4,0x00,0x00,0xDC,0x14,
    0xEC,0x00,0x00,0x00,0x00,0x00,0x00,0x00,0x00,0x65,0xEF,0x27,0x00,0x00,0xDC,0x14,
    0xEC,0x00,0x00,0x00,0x00,0x00,0x00,0x00,0x85,0xEA,0x36,0x00,0x00,0x00,0xDC,0x14,
    0xEC,0x00,0x00,0x00,0x00,0x00,0x00,0x6F,0xE3,0x22,0x00,0x00,0x00,0x00,0xDC,0x14,
    0xEC,0x00,0x00,0x00,0x00,0x00,0x02,0xEA,0x58,0x00,0x00,0x00,0x00,0x00,0xDC,0x14,
    0xEC,0x00,0x00,0x00,0x00,0x00,0x12,0xDC,0x1A,0x00,0x00,0x00,0x00,0x00,0xDC,0x14,
    0xEC,0x00,0x00,0x00,0x00,0x00,0x00,0x00,0x00,0x00,0x00,0x00,0x00,0x00,0xDC,0x14,
    0xEC,0x00,0x00,0x00,0x00,0x00,0x00,0x19,0x00,0x00,0x00,0x00,0x00,0x00,0xDC,0x14,
    0xEC,0x00,0x00,0x00,0x00,0x00,0x6A,0xFF,0x79,0x00,0x00,0x00,0x00,0x00,0xDC,0x14,
    0xEC,0x00,0x00,0x00,0x00,0x00,0x60,0xFF,0x6F,0x00,0x00,0x00,0x00,0x00,0xDC,0x14,
    0xEC,0x00,0x00,0x00,0x00,0x00,0x00,0x0A,0x00,0x00,0x00,0x00,0x00,0x00,0xDC,0x14,
    0xEC,0x00,0x00,0x00,0x00,0x00,0x00,0x00,0x00,0x00,0x00,0x00,0x00,0x00,0xDC,0x14,
    0xEC,0x00,0x00,0x00,0x00,0x00,0x00,0x00,0x00,0x00,0x00,0x00,0x00,0x00,0xDC,0x14,
    0xFE,0xEC,0xEC,0xEC,0xEC,0xEC,0xEC,0xEC,0xEC,0xEC,0xEC,0xEC,0xEC,0xEC,0xFD,0x14,
    0xFF,0xF0,0xF0,0xF0,0xF0,0xF0,0xF0,0xF0,0xF0,0xF0,0xF0,0xF0,0xF0,0xF0,0xFE,0x14,
    0xEC,0x00,0x00,0x00,0x00,0x00,0x00,0x00,0x00,0x00,0x00,0x00,0x00,0x00,0xDC,0x14,
    0xEC,0x00,0x00,0x00,0x00,0x00,0x02,0x0E,0x03,0x00,0x00,0x00,0x00,0x00,0xDC,0x14,
    0xEC,0x00,0x00,0x00,0x27,0xAE,0xF5,0xFF,0xF9,0xBD,0x3C,0x00,0x00,0x00,0xDC,0x14,
    0xEC,0x00,0x00,0x27,0xF1,0x95,0x22,0x04,0x19,0x80,0xFA,0x3C,0x00,0x00,0xDC,0x14,
    0xEC,0x00,0x00,0xA2,0xB0,0x00,0x00,0x00,0x00,0x00,0xA7,0xB0,0x00,0x00,0xDC,0x14,
    0xEC,0x00,0x00,0xC0,0x5E,0x00,0x00,0x00,0x00,0x00,0x75,0xCC,0x00,0x00,0xDC,0x14,
    0xEC,0x00,0x00,0x00,0x00,0x00,0x00,0x00,0x00,0x00,0xAA,0xA4,0x00,0x00,0xDC,0x14,
    0xEC,0x00,0x00,0x00,0x00,0x00,0x00,0x00,0x00,0x65,0xEF,0x27,0x00,0x00,0xDC,0x14,
    0xEC,0x00,0x00,0x00,0x00,0x00,0x00,0x00,0x85,0xEA,0x36,0x00,0x00,0x00,0xDC,0x14,
    0xEC,0x00,0x00,0x00,0x00,0x00,0x00,0x6F,0xE3,0x22,0x00,0x00,0x00,0x00,0xDC,0x14,
    0xEC,0x00,0x00,0x00,0x00,0x00,0x02,0xEA,0x58,0x00,0x00,0x00,0x00,0x00,0xDC,0x14,
    0xEC,0x00,0x00,0x00,0x00,0x00,0x12,0xDC,0x1A,0x00,0x00,0x00,0x00,0x00,0xDC,0x14,
    0xEC,0x00,0x00,0x00,0x00,0x00,0x00,0x00,0x00,0x00,0x00,0x00,0x00,0x00,0xDC,0x14,
    0xEC,0x00,0x00,0x00,0x00,0x00,0x00,0x19,0x00,0x00,0x00,0x00,0x00,0x00,0xDC,0x14,
    0xEC,0x00,0x00,0x00,0x00,0x00,0x6A,0xFF,0x79,0x00,0x00,0x00,0x00,0x00,0xDC,0x14,
    0xEC,0x00,0x00,0x00,0x00,0x00,0x60,0xFF,0x6F,0x00,0x00,0x00,0x00,0x00,0xDC,0x14,
    0xEC,0x00,0x00,0x00,0x00,0x00,0x00,0x0A,0x00,0x00,0x00,0x00,0x00,0x00,0xDC,0x14,
    0xEC,0x00,0x00,0x00,0x00,0x00,0x00,0x00,0x00,0x00,0x00,0x00,0x00,0x00,0xDC,0x14,
    0xEC,0x00,0x00,0x00,0x00,0x00,0x00,0x00,0x00,0x00,0x00,0x00,0x00,0x00,0xDC,0x14,
    0xFE,0xEC,0xEC,0xEC,0xEC,0xEC,0xEC,0xEC,0xEC,0xEC,0xEC,0xEC,0xEC,0xEC,0xFD,0x14,
    0xFF,0xF0,0xF0,0xF0,0xF0,0xF0,0xF0,0xF0,0xF0,0xF0,0xF0,0xF0,0xF0,0xF0,0xFE,0x14,
    0xEC,0x00,0x00,0x00,0x00,0x00,0x00,0x00,0x00,0x00,0x00,0x00,0x00,0x00,0xDC,0x14,
    0xEC,0x00,0x00,0x00,0x00,0x00,0x02,0x0E,0x03,0x00,0x00,0x00,0x00,0x00,0xDC,0x14,
    0xEC,0x00,0x00,0x00,0x27,0xAE,0xF5,0xFF,0xF9,0xBD,0x3C,0x00,0x00,0x00,0xDC,0x14,
    0xEC,0x00,0x00,0x27,0xF1,0x95,0x22,0x04,0x19,0x80,0xFA,0x3C,0x00,0x00,0xDC,0x14,
    0xEC,0x00,0x00,0xA2,0xB0,0x00,0x00,0x00,0x00,0x00,0xA7,0xB0,0x00,0x00,0xDC,0x14,
    0xEC,0x00,0x00,0xC0,0x5E,0x00,0x00,0x00,0x00,0x00,0x75,0xCC,0x00,0x00,0xDC,0x14,
    0xEC,0x00,0x00,0x00,0x00,0x00,0x00,0x00,0x00,0x00,0xAA,0xA4,0x00,0x00,0xDC,0x14,
    0xEC,0x00,0x00,0x00,0x00,0x00,0x00,0x00,0x00,0x65,0xEF,0x27,0x00,0x00,0xDC,0x14,
    0xEC,0x00,0x00,0x00,0x00,0x00,0x00,0x00,0x85,0xEA,0x36,0x00,0x00,0x00,0xDC,0x14,
    0xEC,0x00,0x00,0x00,0x00,0x00,0x00,0x6F,0xE3,0x22,0x00,0x00,0x00,0x00,0xDC,0x14,
    0xEC,0x00,0x00,0x00,0x00,0x00,0x02,0xEA,0x58,0x00,0x00,0x00,0x00,0x00,0xDC,0x14,
    0xEC,0x00,0x00,0x00,0x00,0x00,0x12,0xDC,0x1A,0x00,0x00,0x00,0x00,0x00,0xDC,0x14,
    0xEC,0x00,0x00,0x00,0x00,0x00,0x00,0x00,0x00,0x00,0x00,0x00,0x00,0x00,0xDC,0x14,
    0xEC,0x00,0x00,0x00,0x00,0x00,0x00,0x19,0x00,0x00,0x00,0x00,0x00,0x00,0xDC,0x14,
    0xEC,0x00,0x00,0x00,0x00,0x00,0x6A,0xFF,0x79,0x00,0x00,0x00,0x00,0x00,0xDC,0x14,
    0xEC,0x00,0x00,0x00,0x00,0x00,0x60,0xFF,0x6F,0x00,0x00,0x00,0x00,0x00,0xDC,0x14,
    0xEC,0x00,0x00,0x00,0x00,0x00,0x00,0x0A,0x00,0x00,0x00,0x00,0x00,0x00,0xDC,0x14,
    0xEC,0x00,0x00,0x00,0x00,0x00,0x00,0x00,0x00,0x00,0x00,0x00,0x00,0x00,0xDC,0x14,
    0xEC,0x00,0x00,0x00,0x00,0x00,0x00,0x00,0x00,0x00,0x00,0x00,0x00,0x00,0xDC,0x14,
    0xFE,0xEC,0xEC,0xEC,0xEC,0xEC,0xEC,0xEC,0xEC,0xEC,0xEC,0xEC,0xEC,0xEC,0xFD,0x14,
    0xFF,0xF0,0xF0,0xF0,0xF0,0xF0,0xF0,0xF0,0xF0,0xF0,0xF0,0xF0,0xF0,0xF0,0xFE,0x14,
    0xEC,0x00,0x00,0x00,0x00,0x00,0x00,0x00,0x00,0x00,0x00,0x00,0x00,0x00,0xDC,0x14,
    0xEC,0x00,0x00,0x00,0x00,0x00,0x02,0x0E,0x03,0x00,0x00,0x00,0x00,0x00,0xDC,0x14,
    0xEC,0x00,0x00,0x00,0x27,0xAE,0xF5,0xFF,0xF9,0xBD,0x3C,0x00,0x00,0x00,0xDC,0x14,
    0xEC,0x00,0x00,0x27,0xF1,0x95,0x22,0x04,0x19,0x80,0xFA,0x3C,0x00,0x00,0xDC,0x14,
    0xEC,0x00,0x00,0xA2,0xB0,0x00,0x00,0x00,0x00,0x00,0xA7,0xB0,0x00,0x00,0xDC,0x14,
    0xEC,0x00,0x00,0xC0,0x5E,0x00,0x00,0x00,0x00,0x00,0x75,0xCC,0x00,0x00,0xDC,0x14,
    0xEC,0x00,0x00,0x00,0x00,0x00,0x00,0x00,0x00,0x00,0xAA,0xA4,0x00,0x00,0xDC,0x14,
    0xEC,0x00,0x00,0x00,0x00,0x00,0x00,0x00,0x00,0x65,0xEF,0x27,0x00,0x00,0xDC,0x14,
    0xEC,0x00,0x00,0x00,0x00,0x00,0x00,0x00,0x85,0xEA,0x36,0x00,0x00,0x00,0xDC,0x14,
    0xEC,0x00,0x00,0x00,0x00,0x00,0x00,0x6F,0xE3,0x22,0x00,0x00,0x00,0x00,0xDC,0x14,
    0xEC,0x00,0x00,0x00,0x00,0x00,0x02,0xEA,0x58,0x00,0x00,0x00,0x00,0x00,0xDC,0x14,
    0xEC,0x00,0x00,0x00,0x00,0x00,0x12,0xDC,0x1A,0x00,0x00,0x00,0x00,0x00,0xDC,0x14,
    0xEC,0x00,0x00,0x00,0x00,0x00,0x00,0x00,0x00,0x00,0x00,0x00,0x00,0x00,0xDC,0x14,
    0xEC,0x00,0x00,0x00,0x00,0x00,0x00,0x19,0x00,0x00,0x00,0x00,0x00,0x00,0xDC,0x14,
    0xEC,0x00,0x00,0x00,0x00,0x00,0x6A,0xFF,0x79,0x00,0x00,0x00,0x00,0x00,0xDC,0x14,
    0xEC,0x00,0x00,0x00,0x00,0x00,0x60,0xFF,0x6F,0x00,0x00,0x00,0x00,0x00,0xDC,0x14,
    0xEC,0x00,0x00,0x00,0x00,0x00,0x00,0x0A,0x00,0x00,0x00,0x00,0x00,0x00,0xDC,0x14,
    0xEC,0x00,0x00,0x00,0x00,0x00,0x00,0x00,0x00,0x00,0x00,0x00,0x00,0x00,0xDC,0x14,
    0xEC,0x00,0x00,0x00,0x00,0x00,0x00,0x00,0x00,0x00,0x00,0x00,0x00,0x00,0xDC,0x14,
    0xFE,0xEC,0xEC,0xEC,0xEC,0xEC,0xEC,0xEC,0xEC,0xEC,0xEC,0xEC,0xEC,0xEC,0xFD,0x14,
    0xFF,0xF0,0xF0,0xF0,0xF0,0xF0,0xF0,0xF0,0xF0,0xF0,0xF0,0xF0,0xF0,0xF0,0xFE,0x14,
    0xEC,0x00,0x00,0x00,0x00,0x00,0x00,0x00,0x00,0x00,0x00,0x00,0x00,0x00,0xDC,0x14,
    0xEC,0x00,0x00,0x00,0x00,0x00,0x02,0x0E,0x03,0x00,0x00,0x00,0x00,0x00,0xDC,0x14,
    0xEC,0x00,0x00,0x00,0x27,0xAE,0xF5,0xFF,0xF9,0xBD,0x3C,0x00,0x00,0x00,0xDC,0x14,
    0xEC,0x00,0x00,0x27,0xF1,0x95,0x22,0x04,0x19,0x80,0xFA,0x3C,0x00,0x00,0xDC,0x14,
    0xEC,0x00,0x00,0xA2,0xB0,0x00,0x00,0x00,0x00,0x00,0xA7,0xB0,0x00,0x00,0xDC,0x14,
    0xEC,0x00,0x00,0xC0,0x5E,0x00,0x00,0x00,0x00,0x00,0x75,0xCC,0x00,0x00,0xDC,0x14,
    0xEC,0x00,0x00,0x00,0x00,0x00,0x00,0x00,0x00,0x00,0xAA,0xA4,0x00,0x00,0xDC,0x14,
    0xEC,0x00,0x00,0x00,0x00,0x00,0x00,0x00,0x00,0x65,0xEF,0x27,0x00,0x00,0xDC,0x14,
    0xEC,0x00,0x00,0x00,0x00,0x00,0x00,0x00,0x85,0xEA,0x36,0x00,0x00,0x00,0xDC,0x14,
    0xEC,0x00,0x00,0x00,0x00,0x00,0x00,0x6F,0xE3,0x22,0x00,0x00,0x00,0x00,0xDC,0x14,
    0xEC,0x00,0x00,0x00,0x00,0x00,0x02,0xEA,0x58,0x00,0x00,0x00,0x00,0x00,0xDC,0x14,
    0xEC,0x00,0x00,0x00,0x00,0x00,0x12,0xDC,0x1A,0x00,0x00,0x00,0x00,0x00,0xDC,0x14,
    0xEC,0x00,0x00,0x00,0x00,0x00,0x00,0x00,0x00,0x00,0x00,0x00,0x00,0x00,0xDC,0x14,
    0xEC,0x00,0x00,0x00,0x00,0x00,0x00,0x19,0x00,0x00,0x00,0x00,0x00,0x00,0xDC,0x14,
    0xEC,0x00,0x00,0x00,0x00,0x00,0x6A,0xFF,0x79,0x00,0x00,0x00,0x00,0x00,0xDC,0x14,
    0xEC,0x00,0x00,0x00,0x00,0x00,0x60,0xFF,0x6F,0x00,0x00,0x00,0x00,0x00,0xDC,0x14,
    0xEC,0x00,0x00,0x00,0x00,0x00,0x00,0x0A,0x00,0x00,0x00,0x00,0x00,0x00,0xDC,0x14,
    0xEC,0x00,0x00,0x00,0x00,0x00,0x00,0x00,0x00,0x00,0x00,0x00,0x00,0x00,0xDC,0x14,
    0xEC,0x00,0x00,0x00,0x00,0x00,0x00,0x00,0x00,0x00,0x00,0x00,0x00,0x00,0xDC,0x14,
    0xFE,0xEC,0xEC,0xEC,0xEC,0xEC,0xEC,0xEC,0xEC,0xEC,0xEC,0xEC,0xEC,0xEC,0xFD,0x14,
    0xFF,0xF0,0xF0,0xF0,0xF0,0xF0,0xF0,0xF0,0xF0,0xF0,0xF0,0xF0,0xF0,0xF0,0xFE,0x14,
    0xEC,0x00,0x00,0x00,0x00,0x00,0x00,0x00,0x00,0x00,0x00,0x00,0x00,0x00,0xDC,0x14,
    0xEC,0x00,0x00,0x00,0x00,0x00,0x02,0x0E,0x03,0x00,0x00,0x00,0x00,0x00,0xDC,0x14,
    0xEC,0x00,0x00,0x00,0x27,0xAE,0xF5,0xFF,0xF9,0xBD,0x3C,0x00,0x00,0x00,0xDC,0x14,
    0xEC,0x00,0x00,0x27,0xF1,0x95,0x22,0x04,0x19,0x80,0xFA,0x3C,0x00,0x00,0xDC,0x14,
    0xEC,0x00,0x00,0xA2,0xB0,0x00,0x00,0x00,0x00,0x00,0xA7,0xB0,0x00,0x00,0xDC,0x14,
    0xEC,0x00,0x00,0xC0,0x5E,0x00,0x00,0x00,0x00,0x00,0x75,0xCC,0x00,0x00,0xDC,0x14,
    0xEC,0x00,0x00,0x00,0x00,0x00,0x00,0x00,0x00,0x00,0xAA,0xA4,0x00,0x00,0xDC,0x14,
    0xEC,0x00,0x00,0x00,0x00,0x00,0x00,0x00,0x00,0x65,0xEF,0x27,0x00,0x00,0xDC,0x14,
    0xEC,0x00,0x00,0x00,0x00,0x00,0x00,0x00,0x85,0xEA,0x36,0x00,0x00,0x00,0xDC,0x14,
    0xEC,0x00,0x00,0x00,0x00,0x00,0x00,0x6F,0xE3,0x22,0x00,0x00,0x00,0x00,0xDC,0x14,
    0xEC,0x00,0x00,0x00,0x00,0x00,0x02,0xEA,0x58,0x00,0x00,0x00,0x00,0x00,0xDC,0x14,
    0xEC,0x00,0x00,0x00,0x00,0x00,0x12,0xDC,0x1A,0x00,0x00,0x00,0x00,0x00,0xDC,0x14,
    0xEC,0x00,0x00,0x00,0x00,0x00,0x00,0x00,0x00,0x00,0x00,0x00,0x00,0x00,0xDC,0x14,
    0xEC,0x00,0x00,0x00,0x00,0x00,0x00,0x19,0x00,0x00,0x00,0x00,0x00,0x00,0xDC,0x14,
    0xEC,0x00,0x00,0x00,0x00,0x00,0x6A,0xFF,0x79,0x00,0x00,0x00,0x00,0x00,0xDC,0x14,
    0xEC,0x00,0x00,0x00,0x00,0x00,0x60,0xFF,0x6F,0x00,0x00,0x00,0x00,0x00,0xDC,0x14,
    0xEC,0x00,0x00,0x00,0x00,0x00,0x00,0x0A,0x00,0x00,0x00,0x00,0x00,0x00,0xDC,0x14,
    0xEC,0x00,0x00,0x00,0x00,0x00,0x00,0x00,0x00,0x00,0x00,0x00,0x00,0x00,0xDC,0x14,
    0xEC,0x00,0x00,0x00,0x00,0x00,0x00,0x00,0x00,0x00,0x00,0x00,0x00,0x00,0xDC,0x14,
    0xFE,0xEC,0xEC,0xEC,0xEC,0xEC,0xEC,0xEC,0xEC,0xEC,0xEC,0xEC,0xEC,0xEC,0xFD,0x14,
    0xFF,0xF0,0xF0,0xF0,0xF0,0xF0,0xF0,0xF0,0xF0,0xF0,0xF0,0xF0,0xF0,0xF0,0xFE,0x14,
    0xEC,0x00,0x00,0x00,0x00,0x00,0x00,0x00,0x00,0x00,0x00,0x00,0x00,0x00,0xDC,0x14,
    0xEC,0x00,0x00,0x00,0x00,0x00,0x02,0x0E,0x03,0x00,0x00,0x00,0x00,0x00,0xDC,0x14,
    0xEC,0x00,0x00,0x00,0x27,0xAE,0xF5,0xFF,0xF9,0xBD,0x3C,0x00,0x00,0x00,0xDC,0x14,
    0xEC,0x00,0x00,0x27,0xF1,0x95,0x22,0x04,0x19,0x80,0xFA,0x3C,0x00,0x00,0xDC,0x14,
    0xEC,0x00,0x00,0xA2,0xB0,0x00,0x00,0x00,0x00,0x00,0xA7,0xB0,0x00,0x00,0xDC,0x14,
    0xEC,0x00,0x00,0xC0,0x5E,0x00,0x00,0x00,0x00,0x00,0x75,0xCC,0x00,0x00,0xDC,0x14,
    0xEC,0x00,0x00,0x00,0x00,0x00,0x00,0x00,0x00,0x00,0xAA,0xA4,0x00,0x00,0xDC,0x14,
    0xEC,0x00,0x00,0x00,0x00,0x00,0x00,0x00,0x00,0x65,0xEF,0x27,0x00,0x00,0xDC,0x14,
    0xEC,0x00,0x00,0x00,0x00,0x00,0x00,0x00,0x85,0xEA,0x36,0x00,0x00,0x00,0xDC,0x14,
    0xEC,0x00,0x00,0x00,0x00,0x00,0x00,0x6F,0xE3,0x22,0x00,0x00,0x00,0x00,0xDC,0x14,
    0xEC,0x00,0x00,0x00,0x00,0x00,0x02,0xEA,0x58,0x00,0x00,0x00,0x00,0x00,0xDC,0x14,
    0xEC,0x00,0x00,0x00,0x00,0x00,0x12,0xDC,0x1A,0x00,0x00,0x00,0x00,0x00,0xDC,0x14,
    0xEC,0x00,0x00,0x00,0x00,0x00,0x00,0x00,0x00,0x00,0x00,0x00,0x00,0x00,0xDC,0x14,
    0xEC,0x00,0x00,0x00,0x00,0x00,0x00,0x19,0x00,0x00,0x00,0x00,0x00,0x00,0xDC,0x14,
    0xEC,0x00,0x00,0x00,0x00,0x00,0x6A,0xFF,0x79,0x00,0x00,0x00,0x00,0x00,0xDC,0x14,
    0xEC,0x00,0x00,0x00,0x00,0x00,0x60,0xFF,0x6F,0x00,0x00,0x00,0x00,0x00,0xDC,0x14,
    0xEC,0x00,0x00,0x00,0x00,0x00,0x00,0x0A,0x00,0x00,0x00,0x00,0x00,0x00,0xDC,0x14,
    0xEC,0x00,0x00,0x00,0x00,0x00,0x00,0x00,0x00,0x00,0x00,0x00,0x00,0x00,0xDC,0x14,
    0xEC,0x00,0x00,0x00,0x00,0x00,0x00,0x00,0x00,0x00,0x00,0x00,0x00,0x00,0xDC,0x14,
    0xFE,0xEC,0xEC,0xEC,0xEC,0xEC,0xEC,0xEC,0xEC,0xEC,0xEC,0xEC,0xEC,0xEC,0xFD,0x14,
    0xFF,0xF0,0xF0,0xF0,0xF0,0xF0,0xF0,0xF0,0xF0,0xF0,0xF0,0xF0,0xF0,0xF0,0xFE,0x14,
    0xEC,0x00,0x00,0x00,0x00,0x00,0x00,0x00,0x00,0x00,0x00,0x00,0x00,0x00,0xDC,0x14,
    0xEC,0x00,0x00,0x00,0x00,0x00,0x02,0x0E,0x03,0x00,0x00,0x00,0x00,0x00,0xDC,0x14,
    0xEC,0x00,0x00,0x00,0x27,0xAE,0xF5,0xFF,0xF9,0xBD,0x3C,0x00,0x00,0x00,0xDC,0x14,
    0xEC,0x00,0x00,0x27,0xF1,0x95,0x22,0x04,0x19,0x80,0xFA,0x3C,0x00,0x00,0xDC,0x14,
    0xEC,0x00,0x00,0xA2,0xB0,0x00,0x00,0x00,0x00,0x00,0xA7,0xB0,0x00,0x00,0xDC,0x14,
    0xEC,0x00,0x00,0xC0,0x5E,0x00,0x00,0x00,0x00,0x00,0x75,0xCC,0x00,0x00,0xDC,0x14,
    0xEC,0x00,0x00,0x00,0x00,0x00,0x00,0x00,0x00,0x00,0xAA,0xA4,0x00,0x00,0xDC,0x14,
    0xEC,0x00,0x00,0x00,0x00,0x00,0x00,0x00,0x00,0x65,0xEF,0x27,0x00,0x00,0xDC,0x14,
    0xEC,0x00,0x00,0x00,0x00,0x00,0x00,0x00,0x85,0xEA,0x36,0x00,0x00,0x00,0xDC,0x14,
    0xEC,0x00,0x00,0x00,0x00,0x00,0x00,0x6F,0xE3,0x22,0x00,0x00,0x00,0x00,0xDC,0x14,
    0xEC,0x00,0x00,0x00,0x00,0x00,0x02,0xEA,0x58,0x00,0x00,0x00,0x00,0x00,0xDC,0x14,
    0xEC,0x00,0x00,0x00,0x00,0x00,0x12,0xDC,0x1A,0x00,0x00,0x00,0x00,0x00,0xDC,0x14,
    0xEC,0x00,0x00,0x00,0x00,0x00,0x00,0x00,0x00,0x00,0x00,0x00,0x00,0x00,0xDC,0x14,
    0xEC,0x00,0x00,0x00,0x00,0x00,0x00,0x19,0x00,0x00,0x00,0x00,0x00,0x00,0xDC,0x14,
    0xEC,0x00,0x00,0x00,0x00,0x00,0x6A,0xFF,0x79,0x00,0x00,0x00,0x00,0x00,0xDC,0x14,
    0xEC,0x00,0x00,0x00,0x00,0x00,0x60,0xFF,0x6F,0x00,0x00,0x00,0x00,0x00,0xDC,0x14,
    0xEC,0x00,0x00,0x00,0x00,0x00,0x00,0x0A,0x00,0x00,0x00,0x00,0x00,0x00,0xDC,0x14,
    0xEC,0x00,0x00,0x00,0x00,0x00,0x00,0x00,0x00,0x00,0x00,0x00,0x00,0x00,0xDC,0x14,
    0xEC,0x00,0x00,0x00,0x00,0x00,0x00,0x00,0x00,0x00,0x00,0x00,0x00,0x00,0xDC,0x14,
    0xFE,0xEC,0xEC,0xEC,0xEC,0xEC,0xEC,0xEC,0xEC,0xEC,0xEC,0xEC,0xEC,0xEC,0xFD,0x14,
    0xFF,0xF0,0xF0,0xF0,0xF0,0xF0,0xF0,0xF0,0xF0,0xF0,0xF0,0xF0,0xF0,0xF0,0xFE,0x14,
    0xEC,0x00,0x00,0x00,0x00,0x00,0x00,0x00,0x00,0x00,0x00,0x00,0x00,0x00,0xDC,0x14,
    0xEC,0x00,0x00,0x00,0x00,0x00,0x02,0x0E,0x03,0x00,0x00,0x00,0x00,0x00,0xDC,0x14,
    0xEC,0x00,0x00,0x00,0x27,0xAE,0xF5,0xFF,0xF9,0xBD,0x3C,0x00,0x00,0x00,0xDC,0x14,
    0xEC,0x00,0x00,0x27,0xF1,0x95,0x22,0x04,0x19,0x80,0xFA,0x3C,0x00,0x00,0xDC,0x14,
    0xEC,0x00,0x00,0xA2,0xB0,0x00,0x00,0x00,0x00,0x00,0xA7,0xB0,0x00,0x00,0xDC,0x14,
    0xEC,0x00,0x00,0xC0,0x5E,0x00,0x00,0x00,0x00,0x00,0x75,0xCC,0x00,0x00,0xDC,0x14,
    0xEC,0x00,0x00,0x00,0x00,0x00,0x00,0x00,0x00,0x00,0xAA,0xA4,0x00,0x00,0xDC,0x14,
    0xEC,0x00,0x00,0x00,0x00,0x00,0x00,0x00,0x00,0x65,0xEF,0x27,0x00,0x00,0xDC,0x14,
    0xEC,0x00,0x00,0x00,0x00,0x00,0x00,0x00,0x85,0xEA,0x36,0x00,0x00,0x00,0xDC,0x14,
    0xEC,0x00,0x00,0x00,0x00,0x00,0x00,0x6F,0xE3,0x22,0x00,0x00,0x00,0x00,0xDC,0x14,
    0xEC,0x00,0x00,0x00,0x00,0x00,0x02,0xEA,0x58,0x00,0x00,0x00,0x00,0x00,0xDC,0x14,
    0xEC,0x00,0x00,0x00,0x00,0x00,0x12,0xDC,0x1A,0x00,0x00,0x00,0x00,0x00,0xDC,0x14,
    0xEC,0x00,0x00,0x00,0x00,0x00,0x00,0x00,0x00,0x00,0x00,0x00,0x00,0x00,0xDC,0x14,
    0xEC,0x00,0x00,0x00,0x00,0x00,0x00,0x19,0x00,0x00,0x00,0x00,0x00,0x00,0xDC,0x14,
    0xEC,0x00,0x00,0x00,0x00,0x00,0x6A,0xFF,0x79,0x00,0x00,0x00,0x00,0x00,0xDC,0x14,
    0xEC,0x00,0x00,0x00,0x00,0x00,0x60,0xFF,0x6F,0x00,0x00,0x00,0x00,0x00,0xDC,0x14,
    0xEC,0x00,0x00,0x00,0x00,0x00,0x00,0x0A,0x00,0x00,0x00,0x00,0x00,0x00,0xDC,0x14,
    0xEC,0x00,0x00,0x00,0x00,0x00,0x00,0x00,0x00,0x00,0x00,0x00,0x00,0x00,0xDC,0x14,
    0xEC,0x00,0x00,0x00,0x00,0x00,0x00,0x00,0x00,0x00,0x00,0x00,0x00,0x00,0xDC,0x14,
    0xFE,0xEC,0xEC,0xEC,0xEC,0xEC,0xEC,0xEC,0xEC,0xEC,0xEC,0xEC,0xEC,0xEC,0xFD,0x14,
    0xFF,0xF0,0xF0,0xF0,0xF0,0xF0,0xF0,0xF0,0xF0,0xF0,0xF0,0xF0,0xF0,0xF0,0xFE,0x14,
    0xEC,0x00,0x00,0x00,0x00,0x00,0x00,0x00,0x00,0x00,0x00,0x00,0x00,0x00,0xDC,0x14,
    0xEC,0x00,0x00,0x00,0x00,0x00,0x02,0x0E,0x03,0x00,0x00,0x00,0x00,0x00,0xDC,0x14,
    0xEC,0x00,0x00,0x00,0x27,0xAE,0xF5,0xFF,0xF9,0xBD,0x3C,0x00,0x00,0x00,0xDC,0x14,
    0xEC,0x00,0x00,0x27,0xF1,0x95,0x22,0x04,0x19,0x80,0xFA,0x3C,0x00,0x00,0xDC,0x14,
    0xEC,0x00,0x00,0xA2,0xB0,0x00,0x00,0x00,0x00,0x00,0xA7,0xB0,0x00,0x00,0xDC,0x14,
    0xEC,0x00,0x00,0xC0,0x5E,0x00,0x00,0x00,0x00,0x00,0x75,0xCC,0x00,0x00,0xDC,0x14,
    0xEC,0x00,0x00,0x00,0x00,0x00,0x00,0x00,0x00,0x00,0xAA,0xA4,0x00,0x00,0xDC,0x14,
    0xEC,0x00,0x00,0x00,0x00,0x00,0x00,0x00,0x00,0x65,0xEF,0x27,0x00,0x00,0xDC,0x14,
    0xEC,0x00,0x00,0x00,0x00,0x00,0x00,0x00,0x85,0xEA,0x36,0x00,0x00,0x00,0xDC,0x14,
    0xEC,0x00,0x00,0x00,0x00,0x00,0x00,0x6F,0xE3,0x22,0x00,0x00,0x00,0x00,0xDC,0x14,
    0xEC,0x00,0x00,0x00,0x00,0x00,0x02,0xEA,0x58,0x00,0x00,0x00,0x00,0x00,0xDC,0x14,
    0xEC,0x00,0x00,0x00,0x00,0x00,0x12,0xDC,0x1A,0x00,0x00,0x00,0x00,0x00,0xDC,0x14,
    0xEC,0x00,0x00,0x00,0x00,0x00,0x00,0x00,0x00,0x00,0x00,0x00,0x00,0x00,0xDC,0x14,
    0xEC,0x00,0x00,0x00,0x00,0x00,0x00,0x19,0x00,0x00,0x00,0x00,0x00,0x00,0xDC,0x14,
    0xEC,0x00,0x00,0x00,0x00,0x00,0x6A,0xFF,0x79,0x00,0x00,0x00,0x00,0x00,0xDC,0x14,
    0xEC,0x00,0x00,0x00,0x00,0x00,0x60,0xFF,0x6F,0x00,0x00,0x00,0x00,0x00,0xDC,0x14,
    0xEC,0x00,0x00,0x00,0x00,0x00,0x00,0x0A,0x00,0x00,0x00,0x00,0x00,0x00,0xDC,0x14,
    0xEC,0x00,0x00,0x00,0x00,0x00,0x00,0x00,0x00,0x00,0x00,0x00,0x00,0x00,0xDC,0x14,
    0xEC,0x00,0x00,0x00,0x00,0x00,0x00,0x00,0x00,0x00,0x00,0x00,0x00,0x00,0xDC,0x14,
    0xFE,0xEC,0xEC,0xEC,0xEC,0xEC,0xEC,0xEC,0xEC,0xEC,0xEC,0xEC,0xEC,0xEC,0xFD,0x14,
    0xFF,0xF0,0xF0,0xF0,0xF0,0xF0,0xF0,0xF0,0xF0,0xF0,0xF0,0xF0,0xF0,0xF0,0xFE,0x14,
    0xEC,0x00,0x00,0x00,0x00,0x00,0x00,0x00,0x00,0x00,0x00,0x00,0x00,0x00,0xDC,0x14,
    0xEC,0x00,0x00,0x00,0x00,0x00,0x02,0x0E,0x03,0x00,0x00,0x00,0x00,0x00,0xDC,0x14,
    0xEC,0x00,0x00,0x00,0x27,0xAE,0xF5,0xFF,0xF9,0xBD,0x3C,0x00,0x00,0x00,0xDC,0x14,
    0xEC,0x00,0x00,0x27,0xF1,0x95,0x22,0x04,0x19,0x80,0xFA,0x3C,0x00,0x00,0xDC,0x14,
    0xEC,0x00,0x00,0xA2,0xB0,0x00,0x00,0x00,0x00,0x00,0xA7,0xB0,0x00,0x00,0xDC,0x14,
    0xEC,0x00,0x00,0xC0,0x5E,0x00,0x00,0x00,0x00,0x00,0x75,0xCC,0x00,0x00,0xDC,0x14,
    0xEC,0x00,0x00,0x00,0x00,0x00,0x00,0x00,0x00,0x00,0xAA,0xA4,0x00,0x00,0xDC,0x14,
    0xEC,0x00,0x00,0x00,0x00,0x00,0x00,0x00,0x00,0x65,0xEF,0x27,0x00,0x00,0xDC,0x14,
    0xEC,0x00,0x00,0x00,0x00,0x00,0x00,0x00,0x85,0xEA,0x36,0x00,0x00,0x00,0xDC,0x14,
    0xEC,0x00,0x00,0x00,0x00,0x00,0x00,0x6F,0xE3,0x22,0x00,0x00,0x00,0x00,0xDC,0x14,
    0xEC,0x00,0x00,0x00,0x00,0x00,0x02,0xEA,0x58,0x00,0x00,0x00,0x00,0x00,0xDC,0x14,
    0xEC,0x00,0x00,0x00,0x00,0x00,0x12,0xDC,0x1A,0x00,0x00,0x00,0x00,0x00,0xDC,0x14,
    0xEC,0x00,0x00,0x00,0x00,0x00,0x00,0x00,0x00,0x00,0x00,0x00,0x00,0x00,0xDC,0x14,
    0xEC,0x00,0x00,0x00,0x00,0x00,0x00,0x19,0x00,0x00,0x00,0x00,0x00,0x00,0xDC,0x14,
    0xEC,0x00,0x00,0x00,0x00,0x00,0x6A,0xFF,0x79,0x00,0x00,0x00,0x00,0x00,0xDC,0x14,
    0xEC,0x00,0x00,0x00,0x00,0x00,0x60,0xFF,0x6F,0x00,0x00,0x00,0x00,0x00,0xDC,0x14,
    0xEC,0x00,0x00,0x00,0x00,0x00,0x00,0x0A,0x00,0x00,0x00,0x00,0x00,0x00,0xDC,0x14,
    0xEC,0x00,0x00,0x00,0x00,0x00,0x00,0x00,0x00,0x00,0x00,0x00,0x00,0x00,0xDC,0x14,
    0xEC,0x00,0x00,0x00,0x00,0x00,0x00,0x00,0x00,0x00,0x00,0x00,0x00,0x00,0xDC,0x14,
    0xFE,0xEC,0xEC,0xEC,0xEC,0xEC,0xEC,0xEC,0xEC,0xEC,0xEC,0xEC,0xEC,0xEC,0xFD,0x14,
    0xFF,0xF0,0xF0,0xF0,0xF0,0xF0,0xF0,0xF0,0xF0,0xF0,0xF0,0xF0,0xF0,0xF0,0xFE,0x14,
    0xEC,0x00,0x00,0x00,0x00,0x00,0x00,0x00,0x00,0x00,0x00,0x00,0x00,0x00,0xDC,0x14,
    0xEC,0x00,0x00,0x00,0x00,0x00,0x02,0x0E,0x03,0x00,0x00,0x00,0x00,0x00,0xDC,0x14,
    0xEC,0x00,0x00,0x00,0x27,0xAE,0xF5,0xFF,0xF9,0xBD,0x3C,0x00,0x00,0x00,0xDC,0x14,
    0xEC,0x00,0x00,0x27,0xF1,0x95,0x22,0x04,0x19,0x80,0xFA,0x3C,0x00,0x00,0xDC,0x14,
    0xEC,0x00,0x00,0xA2,0xB0,0x00,0x00,0x00,0x00,0x00,0xA7,0xB0,0x00,0x00,0xDC,0x14,
    0xEC,0x00,0x00,0xC0,0x5E,0x00,0x00,0x00,0x00,0x00,0x75,0xCC,0x00,0x00,0xDC,0x14,
    0xEC,0x00,0x00,0x00,0x00,0x00,0x00,0x00,0x00,0x00,0xAA,0xA4,0x00,0x00,0xDC,0x14,
    0xEC,0x00,0x00,0x00,0x00,0x00,0x00,0x00,0x00,0x65,0xEF,0x27,0x00,0x00,0xDC,0x14,
    0xEC,0x00,0x00,0x00,0x00,0x00,0x00,0x00,0x85,0xEA,0x36,0x00,0x00,0x00,0xDC,0x14,
    0xEC,0x00,0x00,0x00,0x00,0x00,0x00,0x6F,0xE3,0x22,0x00,0x00,0x00,0x00,0xDC,0x14,
    0xEC,0x00,0x00,0x00,0x00,0x00,0x02,0xEA,0x58,0x00,0x00,0x00,0x00,0x00,0xDC,0x14,
    0xEC,0x00,0x00,0x00,0x00,0x00,0x12,0xDC,0x1A,0x00,0x00,0x00,0x00,0x00,0xDC,0x14,
    0xEC,0x00,0x00,0x00,0x00,0x00,0x00,0x00,0x00,0x00,0x00,0x00,0x00,0x00,0xDC,0x14,
    0xEC,0x00,0x00,0x00,0x00,0x00,0x00,0x19,0x00,0x00,0x00,0x00,0x00,0x00,0xDC,0x14,
    0xEC,0x00,0x00,0x00,0x00,0x00,0x6A,0xFF,0x79,0x00,0x00,0x00,0x00,0x00,0xDC,0x14,
    0xEC,0x00,0x00,0x00,0x00,0x00,0x60,0xFF,0x6F,0x00,0x00,0x00,0x00,0x00,0xDC,0x14,
    0xEC,0x00,0x00,0x00,0x00,0x00,0x00,0x0A,0x00,0x00,0x00,0x00,0x00,0x00,0xDC,0x14,
    0xEC,0x00,0x00,0x00,0x00,0x00,0x00,0x00,0x00,0x00,0x00,0x00,0x00,0x00,0xDC,0x14,
    0xEC,0x00,0x00,0x00,0x00,0x00,0x00,0x00,0x00,0x00,0x00,0x00,0x00,0x00,0xDC,0x14,
    0xFE,0xEC,0xEC,0xEC,0xEC,0xEC,0xEC,0xEC,0xEC,0xEC,0xEC,0xEC,0xEC,0xEC,0xFD,0x14,
    0xFF,0xF0,0xF0,0xF0,0xF0,0xF0,0xF0,0xF0,0xF0,0xF0,0xF0,0xF0,0xF0,0xF0,0xFE,0x14,
    0xEC,0x00,0x00,0x00,0x00,0x00,0x00,0x00,0x00,0x00,0x00,0x00,0x00,0x00,0xDC,0x14,
    0xEC,0x00,0x00,0x00,0x00,0x00,0x02,0x0E,0x03,0x00,0x00,0x00,0x00,0x00,0xDC,0x14,
    0xEC,0x00,0x00,0x00,0x27,0xAE,0xF5,0xFF,0xF9,0xBD,0x3C,0x00,0x00,0x00,0xDC,0x14,
    0xEC,0x00,0x00,0x27,0xF1,0x95,0x22,0x04,0x19,0x80,0xFA,0x3C,0x00,0x00,0xDC,0x14,
    0xEC,0x00,0x00,0xA2,0xB0,0x00,0x00,0x00,0x00,0x00,0xA7,0xB0,0x00,0x00,0xDC,0x14,
    0xEC,0x00,0x00,0xC0,0x5E,0x00,0x00,0x00,0x00,0x00,0x75,0xCC,0x00,0x00,0xDC,0x14,
    0xEC,0x00,0x00,0x00,0x00,0x00,0x00,0x00,0x00,0x00,0xAA,0xA4,0x00,0x00,0xDC,0x14,
    0xEC,0x00,0x00,0x00,0x00,0x00,0x00,0x00,0x00,0x65,0xEF,0x27,0x00,0x00,0xDC,0x14,
    0xEC,0x00,0x00,0x00,0x00,0x00,0x00,0x00,0x85,0xEA,0x36,0x00,0x00,0x00,0xDC,0x14,
    0xEC,0x00,0x00,0x00,0x00,0x00,0x00,0x6F,0xE3,0x22,0x00,0x00,0x00,0x00,0xDC,0x14,
    0xEC,0x00,0x00,0x00,0x00,0x00,0x02,0xEA,0x58,0x00,0x00,0x00,0x00,0x00,0xDC,0x14,
    0xEC,0x00,0x00,0x00,0x00,0x00,0x12,0xDC,0x1A,0x00,0x00,0x00,0x00,0x00,0xDC,0x14,
    0xEC,0x00,0x00,0x00,0x00,0x00,0x00,0x00,0x00,0x00,0x00,0x00,0x00,0x00,0xDC,0x14,
    0xEC,0x00,0x00,0x00,0x00,0x00,0x00,0x19,0x00,0x00,0x00,0x00,0x00,0x00,0xDC,0x14,
    0xEC,0x00,0x00,0x00,0x00,0x00,0x6A,0xFF,0x79,0x00,0x00,0x00,0x00,0x00,0xDC,0x14,
    0xEC,0x00,0x00,0x00,0x00,0x00,0x60,0xFF,0x6F,0x00,0x00,0x00,0x00,0x00,0xDC,0x14,
    0xEC,0x00,0x00,0x00,0x00,0x00,0x00,0x0A,0x00,0x00,0x00,0x00,0x00,0x00,0xDC,0x14,
    0xEC,0x00,0x00,0x00,0x00,0x00,0x00,0x00,0x00,0x00,0x00,0x00,0x00,0x00,0xDC,0x14,
    0xEC,0x00,0x00,0x00,0x00,0x00,0x00,0x00,0x00,0x00,0x00,0x00,0x00,0x00,0xDC,0x14,
    0xFE,0xEC,0xEC,0xEC,0xEC,0xEC,0xEC,0xEC,0xEC,0xEC,0xEC,0xEC,0xEC,0xEC,0xFD,0x14,
    0xFF,0xF0,0xF0,0xF0,0xF0,0xF0,0xF0,0xF0,0xF0,0xF0,0xF0,0xF0,0xF0,0xF0,0xFE,0x14,
    0xEC,0x00,0x00,0x00,0x00,0x00,0x00,0x00,0x00,0x00,0x00,0x00,0x00,0x00,0xDC,0x14,
    0xEC,0x00,0x00,0x00,0x00,0x00,0x02,0x0E,0x03,0x00,0x00,0x00,0x00,0x00,0xDC,0x14,
    0xEC,0x00,0x00,0x00,0x27,0xAE,0xF5,0xFF,0xF9,0xBD,0x3C,0x00,0x00,0x00,0xDC,0x14,
    0xEC,0x00,0x00,0x27,0xF1,0x95,0x22,0x04,0x19,0x80,0xFA,0x3C,0x00,0x00,0xDC,0x14,
    0xEC,0x00,0x00,0xA2,0xB0,0x00,0x00,0x00,0x00,0x00,0xA7,0xB0,0x00,0x00,0xDC,0x14,
    0xEC,0x00,0x00,0xC0,0x5E,0x00,0x00,0x00,0x00,0x00,0x75,0xCC,0x00,0x00,0xDC,0x14,
    0xEC,0x00,0x00,0x00,0x00,0x00,0x00,0x00,0x00,0x00,0xAA,0xA4,0x00,0x00,0xDC,0x14,
    0xEC,0x00,0x00,0x00,0x00,0x00,0x00,0x00,0x00,0x65,0xEF,0x27,0x00,0x00,0xDC,0x14,
    0xEC,0x00,0x00,0x00,0x00,0x00,0x00,0x00,0x85,0xEA,0x36,0x00,0x00,0x00,0xDC,0x14,
    0xEC,0x00,0x00,0x00,0x00,0x00,0x00,0x6F,0xE3,0x22,0x00,0x00,0x00,0x00,0xDC,0x14,
    0xEC,0x00,0x00,0x00,0x00,0x00,0x02,0xEA,0x58,0x00,0x00,0x00,0x00,0x00,0xDC,0x14,
    0xEC,0x00,0x00,0x00,0x00,0x00,0x12,0xDC,0x1A,0x00,0x00,0x00,0x00,0x00,0xDC,0x14,
    0xEC,0x00,0x00,0x00,0x00,0x00,0x00,0x00,0x00,0x00,0x00,0x00,0x00,0x00,0xDC,0x14,
    0xEC,0x00,0x00,0x00,0x00,0x00,0x00,0x19,0x00,0x00,0x00,0x00,0x00,0x00,0xDC,0x14,
    0xEC,0x00,0x00,0x00,0x00,0x00,0x6A,0xFF,0x79,0x00,0x00,0x00,0x00,0x00,0xDC,0x14,
    0xEC,0x00,0x00,0x00,0x00,0x00,0x60,0xFF,0x6F,0x00,0x00,0x00,0x00,0x00,0xDC,0x14,
    0xEC,0x00,0x00,0x00,0x00,0x00,0x00,0x0A,0x00,0x00,0x00,0x00,0x00,0x00,0xDC,0x14,
    0xEC,0x00,0x00,0x00,0x00,0x00,0x00,0x00,0x00,0x00,0x00,0x00,0x00,0x00,0xDC,0x14,
    0xEC,0x00,0x00,0x00,0x00,0x00,0x00,0x00,0x00,0x00,0x00,0x00,0x00,0x00,0xDC,0x14,
    0xFE,0xEC,0xEC,0xEC,0xEC,0xEC,0xEC,0xEC,0xEC,0xEC,0xEC,0xEC,0xEC,0xEC,0xFD,0x14,
    0xFF,0xF0,0xF0,0xF0,0xF0,0xF0,0xF0,0xF0,0xF0,0xF0,0xF0,0xF0,0xF0,0xF0,0xFE,0x14,
    0xEC,0x00,0x00,0x00,0x00,0x00,0x00,0x00,0x00,0x00,0x00,0x00,0x00,0x00,0xDC,0x14,
    0xEC,0x00,0x00,0x00,0x00,0x00,0x02,0x0E,0x03,0x00,0x00,0x00,0x00,0x00,0xDC,0x14,
    0xEC,0x00,0x00,0x00,0x27,0xAE,0xF5,0xFF,0xF9,0xBD,0x3C,0x00,0x00,0x00,0xDC,0x14,
    0xEC,0x00,0x00,0x27,0xF1,0x95,0x22,0x04,0x19,0x80,0xFA,0x3C,0x00,0x00,0xDC,0x14,
    0xEC,0x00,0x00,0xA2,0xB0,0x00,0x00,0x00,0x00,0x00,0xA7,0xB0,0x00,0x00,0xDC,0x14,
    0xEC,0x00,0x00,0xC0,0x5E,0x00,0x00,0x00,0x00,0x00,0x75,0xCC,0x00,0x00,0xDC,0x14,
    0xEC,0x00,0x00,0x00,0x00,0x00,0x00,0x00,0x00,0x00,0xAA,0xA4,0x00,0x00,0xDC,0x14,
    0xEC,0x00,0x00,0x00,0x00,0x00,0x00,0x00,0x00,0x65,0xEF,0x27,0x00,0x00,0xDC,0x14,
    0xEC,0x00,0x00,0x00,0x00,0x00,0x00,0x00,0x85,0xEA,0x36,0x00,0x00,0x00,0xDC,0x14,
    0xEC,0x00,0x00,0x00,0x00,0x00,0x00,0x6F,0xE3,0x22,0x00,0x00,0x00,0x00,0xDC,0x14,
    0xEC,0x00,0x00,0x00,0x00,0x00,0x02,0xEA,0x58,0x00,0x00,0x00,0x00,0x00,0xDC,0x14,
    0xEC,0x00,0x00,0x00,0x00,0x00,0x12,0xDC,0x1A,0x00,0x00,0x00,0x00,0x00,0xDC,0x14,
    0xEC,0x00,0x00,0x00,0x00,0x00,0x00,0x00,0x00,0x00,0x00,0x00,0x00,0x00,0xDC,0x14,
    0xEC,0x00,0x00,0x00,0x00,0x00,0x00,0x19,0x00,0x00,0x00,0x00,0x00,0x00,0xDC,0x14,
    0xEC,0x00,0x00,0x00,0x00,0x00,0x6A,0xFF,0x79,0x00,0x00,0x00,0x00,0x00,0xDC,0x14,
    0xEC,0x00,0x00,0x00,0x00,0x00,0x60,0xFF,0x6F,0x00,0x00,0x00,0x00,0x00,0xDC,0x14,
    0xEC,0x00,0x00,0x00,0x00,0x00,0x00,0x0A,0x00,0x00,0x00,0x00,0x00,0x00,0xDC,0x14,
    0xEC,0x00,0x00,0x00,0x00,0x00,0x00,0x00,0x00,0x00,0x00,0x00,0x00,0x00,0xDC,0x14,
    0xEC,0x00,0x00,0x00,0x00,0x00,0x00,0x00,0x00,0x00,0x00,0x00,0x00,0x00,0xDC,0x14,
    0xFE,0xEC,0xEC,0xEC,0xEC,0xEC,0xEC,0xEC,0xEC,0xEC,0xEC,0xEC,0xEC,0xEC,0xFD,0x14,
    0xFF,0xF0,0xF0,0xF0,0xF0,0xF0,0xF0,0xF0,0xF0,0xF0,0xF0,0xF0,0xF0,0xF0,0xFE,0x14,
    0xEC,0x00,0x00,0x00,0x00,0x00,0x00,0x00,0x00,0x00,0x00,0x00,0x00,0x00,0xDC,0x14,
    0xEC,0x00,0x00,0x00,0x00,0x00,0x02,0x0E,0x03,0x00,0x00,0x00,0x00,0x00,0xDC,0x14,
    0xEC,0x00,0x00,0x00,0x27,0xAE,0xF5,0xFF,0xF9,0xBD,0x3C,0x00,0x00,0x00,0xDC,0x14,
    0xEC,0x00,0x00,0x27,0xF1,0x95,0x22,0x04,0x19,0x80,0xFA,0x3C,0x00,0x00,0xDC,0x14,
    0xEC,0x00,0x00,0xA2,0xB0,0x00,0x00,0x00,0x00,0x00,0xA7,0xB0,0x00,0x00,0xDC,0x14,
    0xEC,0x00,0x00,0xC0,0x5E,0x00,0x00,0x00,0x00,0x00,0x75,0xCC,0x00,0x00,0xDC,0x14,
    0xEC,0x00,0x00,0x00,0x00,0x00,0x00,0x00,0x00,0x00,0xAA,0xA4,0x00,0x00,0xDC,0x14,
    0xEC,0x00,0x00,0x00,0x00,0x00,0x00,0x00,0x00,0x65,0xEF,0x27,0x00,0x00,0xDC,0x14,
    0xEC,0x00,0x00,0x00,0x00,0x00,0x00,0x00,0x85,0xEA,0x36,0x00,0x00,0x00,0xDC,0x14,
    0xEC,0x00,0x00,0x00,0x00,0x00,0x00,0x6F,0xE3,0x22,0x00,0x00,0x00,0x00,0xDC,0x14,
    0xEC,0x00,0x00,0x00,0x00,0x00,0x02,0xEA,0x58,0x00,0x00,0x00,0x00,0x00,0xDC,0x14,
    0xEC,0x00,0x00,0x00,0x00,0x00,0x12,0xDC,0x1A,0x00,0x00,0x00,0x00,0x00,0xDC,0x14,
    0xEC,0x00,0x00,0x00,0x00,0x00,0x00,0x00,0x00,0x00,0x00,0x00,0x00,0x00,0xDC,0x14,
    0xEC,0x00,0x00,0x00,0x00,0x00,0x00,0x19,0x00,0x00,0x00,0x00,0x00,0x00,0xDC,0x14,
    0xEC,0x00,0x00,0x00,0x00,0x00,0x6A,0xFF,0x79,0x00,0x00,0x00,0x00,0x00,0xDC,0x14,
    0xEC,0x00,0x00,0x00,0x00,0x00,0x60,0xFF,0x6F,0x00,0x00,0x00,0x00,0x00,0xDC,0x14,
    0xEC,0x00,0x00,0x00,0x00,0x00,0x00,0x0A,0x00,0x00,0x00,0x00,0x00,0x00,0xDC,0x14,
    0xEC,0x00,0x00,0x00,0x00,0x00,0x00,0x00,0x00,0x00,0x00,0x00,0x00,0x00,0xDC,0x14,
    0xEC,0x00,0x00,0x00,0x00,0x00,0x00,0x00,0x00,0x00,0x00,0x00,0x00,0x00,0xDC,0x14,
    0xFE,0xEC,0xEC,0xEC,0xEC,0xEC,0xEC,0xEC,0xEC,0xEC,0xEC,0xEC,0xEC,0xEC,0xFD,0x14,
    0x12,0x40,0x2D,0x00,0x48,0xFF,0xB4,0x00,0x48,0xFF,0xB4,0x00,0x48,0xFF,0xB4,0x00,
    0x48,0xFF,0xB4,0x00,0x48,0xFF,0xB4,0x00,0x48,0xFF,0xB4,0x00,0x47,0xFF,0xB3,0x00,
    0x44,0xFF,0xB0,0x00,0x40,0xFF,0xAB,0x00,0x38,0xFF,0xA3,0x00,0x2D,0xFF,0x99,0x00,
    0x22,0xFF,0x8E,0x00,0x11,0xFF,0x7D,0x00,0x01,0xFB,0x66,0x00,0x00,0xB0,0x3D,0x00,
    0x00,0x00,0x00,0x00,0x00,0x00,0x00,0x00,0x07,0x49,0x21,0x00,0xB1,0xFF,0xF6,0x21,
    0xEB,0xFF,0xFF,0x4F,0x6D,0xF5,0xC0,0x0A,0xCC,0xFF,0x30,0x00,0x20,0xFF,0xD4,0xCC,
    0xFF,0x30,0x00,0x20,0xFF,0xD4,0xC6,0xFF,0x2A,0x00,0x1A,0xFF,0xCF,0xBA,0xFF,0x1E,
    0x00,0x11,0xFF,0xC6,0xA8,0xFF,0x0E,0x00,0x02,0xFD,0xB6,0x93,0xF9,0x00,0x00,0x00,
    0xE9,0xA2,0x7C,0xE4,0x00,0x00,0x00,0xD1,0x89,0x00,0x00,0x00,0x00,0x00,0x00,0x00,
    0x00,0x00,0x3B,0x23,0x00,0x00,0x00,0x00,0x1C,0x40,0x02,0x00,0x00,0x00,0x00,0x00,
    0x00,0x00,0x06,0xFC,0x76,0x00,0x00,0x00,0x00,0x86,0xF3,0x00,0x00,0x00,0x00,0x00,
    0x00,0x00,0x00,0x24,0xFF,0x54,0x00,0x00,0x00,0x00,0xA8,0xD0,0x00,0x00,0x00,0x00,
    0x00,0x00,0x00,0x00,0x48,0xFF,0x30,0x00,0x00,0x00,0x00,0xCA,0xAF,0x00,0x00,0x00,
    0x00,0x00,0x00,0x00,0x00,0x6A,0xFF,0x0E,0x00,0x00,0x00,0x00,0xEC,0x8C,0x00,0x00,
    0x00,0x00,0x00,0x00,0x00,0x00,0x8C,0xEC,0x00,0x00,0x00,0x00,0x0E,0xFF,0x6B,0x00,
    0x00,0x00,0x00,0x00,0x00,0x00,0x00,0xB0,0xC8,0x00,0x00,0x00,0x00,0x30,0xFF,0x48,
    0x00,0x00,0x00,0x00,0x15,0x50,0x50,0x50,0xDC,0xC7,0x50,0x50,0x50,0x50,0x84,0xFF,
    0x6F,0x50,0x50,0x13,0x00,0x44,0xFF,0xFF,0xFF,0xFF,0xFF,0xFF,0xFF,0xFF,0xFF,0xFF,
    0xFF,0xFF,0xFF,0xFF,0x3C,0x00,0x00,0x00,0x00,0x15,0xFF,0x63,0x00,0x00,0x00,0x00,
    0x94,0xE4,0x00,0x00,0x00,0x00,0x00,0x00,0x00,0x00,0x41,0xFF,0x37,0x00,0x00,0x00,
    0x00,0xBE,0xBA,0x00,0x00,0x00,0x00,0x00,0x00,0x00,0x00,0x6C,0xFF,0x0D,0x00,0x00,
    0x00,0x00,0xE7,0x92,0x00,0x00,0x00,0x00,0x00,0x00,0x00,0x00,0x97,0xE1,0x00,0x00,
    0x00,0x00,0x10,0xFF,0x68,0x00,0x00,0x00,0x00,0x10,0xFF,0xFF,0xFF,0xFF,0xFF,0xFF,
    0xFF,0xFF,0xFF,0xFF,0xFF,0xFF,0xFF,0xFF,0x68,0x00,0x06,0x58,0x58,0x58,0xEC,0xBB,
    0x58,0x58,0x58,0x58,0x99,0xFF,0x68,0x58,0x58,0x24,0x00,0x00,0x00,0x00,0x04,0xFA,
    0x7A,0x00,0x00,0x00,0x00,0x80,0xFA,0x02,0x00,0x00,0x00,0x00,0x00,0x00,0x00,0x22,
    0xFF,0x56,0x00,0x00,0x00,0x00,0xA2,0xD8,0x00,0x00,0x00,0x00,0x00,0x00,0x00,0x00,
    0x46,0xFF,0x32,0x00,0x00,0x00,0x00,0xC4,0xB6,0x00,0x00,0x00,0x00,0x00,0x00,0x00,
    0x00,0x6A,0xFF,0x0E,0x00,0x00,0x00,0x00,0xE7,0x93,0x00,0x00,0x00,0x00,0x00,0x00,
    0x00,0x00,0x8E,0xEA,0x00,0x00,0x00,0x00,0x09,0xFF,0x70,0x00,0x00,0x00,0x00,0x00,
    0x00,0x00,0x00,0xB2,0xC7,0x00,0x00,0x00,0x00,0x2C,0xFF,0x4D,0x00,0x00,0x00,0x00,
    0x00,0x00,0x00,0x00,0x00,0x00,0x00,0x00,0x00,0x00,0x40,0xFF,0x50,0x00,0x00,0x00,
    0x00,0x00,0x00,0x00,0x00,0x00,0x00,0x00,0x00,0x40,0xFF,0x50,0x00,0x00,0x00,0x00,
    0x00,0x00,0x00,0x00,0x00,0x00,0x00,0x00,0x40,0xFF,0x50,0x00,0x00,0x00,0x00,0x00,
    0x00,0x00,0x00,0x00,0x1A,0x8A,0xD1,0xF6,0xFF,0xF0,0xB9,0x62,0x05,0x00,0x00,0x00,
    0x00,0x00,0x48,0xF2,0xFF,0xF1,0xD5,0xFF,0xE6,0xFE,0xFF,0xD3,0x22,0x00,0x00,0x00,
    0x23,0xF5,0xFB,0x70,0x07,0x40,0xFF,0x50,0x1F,0xAE,0xFF,0xDC,0x0C,0x00,0x00,0x98,
    0xFF,0x7D,0x00,0x00,0x40,0xFF,0x50,0x00,0x01,0xB9,0xFF,0x77,0x00,0x00,0xD9,0xFF,
    0x1D,0x00,0x00,0x40,0xFF,0x50,0x00,0x00,0x44,0xFF,0xC7,0x00,0x00,0xF0,0xFF,0x02,
    0x00,0x00,0x40,0xFF,0x50,0x00,0x00,0x1A,0xFF,0xEA,0x00,0x00,0xE0,0xFF,0x25,0x00,
    0x00,0x40,0xFF,0x50,0x00,0x00,0x00,0x00,0x00,0x00,0x00,0x9D,0xFF,0xAD,0x04,0x00,
    0x40,0xFF,0x50,0x00,0x00,0x00,0x00,0x00,0x00,0x00,0x20,0xEE,0xFF,0xCD,0x4F,0x44,
    0xFF,0x50,0x00,0x00,0x00,0x00,0x00,0x00,0x00,0x00,0x2C,0xD2,0xFF,0xFF,0xF7,0xFF,
    0x96,0x22,0x00,0x00,0x00,0x00,0x00,0x00,0x00,0x00,0x03,0x53,0xB5,0xF8,0xFF,0xFF,
    0xFF,0xCC,0x60,0x03,0x00,0x00,0x00,0x00,0x00,0x00,0x00,0x00,0x43,0xFF,0xA6,0xC4,
    0xFF,0xFF,0xCA,0x1A,0x00,0x00,0x00,0x00,0x00,0x00,0x00,0x40,0xFF,0x50,0x00,0x32,
    0xCF,0xFF,0xCE,0x04,0x00,0x00,0x00,0x00,0x00,0x00,0x40,0xFF,0x50,0x00,0x00,0x0E,
    0xDB,0xFF,0x52,0x00,0x00,0x00,0x00,0x00,0x00,0x40,0xFF,0x50,0x00,0x00,0x00,0x6F,
    0xFF,0x8F,0x92,0xFF,0x73,0x00,0x00,0x00,0x40,0xFF,0x50,0x00,0x00,0x00,0x48,0xFF,
    0xA2,0x72,0xFF,0xA1,0x00,0x00,0x00,0x40,0xFF,0x50,0x00,0x00,0x00,0x5E,0xFF,0x8B,
    0x28,0xFF,0xF6,0x25,0x00,0x00,0x40,0xFF,0x50,0x00,0x00,0x05,0xC8,0xFF,0x45,0x00,
    0x98,0xFF,0xE5,0x52,0x04,0x40,0xFF,0x50,0x00,0x32,0xC0,0xFF,0xB5,0x00,0x00,0x05,
    0x99,0xFF,0xFF,0xF1,0xD6,0xFF,0xD5,0xE3,0xFF,0xFF,0xAB,0x0C,0x00,0x00,0x00,0x00,
    0x32,0x91,0xCE,0xF3,0xFF,0xF8,0xD6,0x9B,0x3D,0x00,0x00,0x00,0x00,0x00,0x00,0x00,
    0x00,0x00,0x40,0xFF,0x50,0x00,0x00,0x00,0x00,0x00,0x00,0x00,0x00,0x00,0x00,0x00,
    0x00,0x40,0xFF,0x50,0x00,0x00,0x00,0x00,0x00,0x00,0x00,0x00,0x00,0x00,0x00,0x00,
    0x40,0xFF,0x50,0x00,0x00,0x00,0x00,0x00,0x00,0x00,0x00,0x00,0x00,0x00,0x3E,0xC2,
    0xF5,0xF5,0xC0,0x3B,0x00,0x00,0x00,0x00,0x00,0x00,0x00,0x00,0x07,0xD9,0xCD,0x03,
    0x00,0x00,0x00,0x00,0x00,0x37,0xF9,0xE0,0x7A,0x7A,0xE3,0xF8,0x33,0x00,0x00,0x00,
    0x00,0x00,0x00,0x00,0x7F,0xFD,0x34,0x00,0x00,0x00,0x00,0x00,0x00,0xBF,0xF4,0x1E,
    0x00,0x00,0x21,0xF7,0xBA,0x00,0x00,0x00,0x00,0x00,0x00,0x25,0xF8,0x94,0x00,0x00,
    0x00,0x00,0x00,0x00,0x14,0xFF,0x9E,0x00,0x00,0x00,0x00,0xA7,0xFD,0x0E,0x00,0x00,
    0x00,0x00,0x00,0xBB,0xE7,0x0F,0x00,0x00,0x00,0x00,0x00,0x00,0x41,0xFF,0x69,0x00,
    0x00,0x00,0x00,0x71,0xFF,0x3A,0x00,0x00,0x00,0x00,0x59,0xFF,0x58,0x00,0x00,0x00,
    0x00,0x00,0x00,0x00,0x59,0xFF,0x4E,0x00,0x00,0x00,0x00,0x56,0xFF,0x51,0x00,0x00,
    0x00,0x10,0xE8,0xB8,0x00,0x00,0x00,0x00,0x00,0x00,0x00,0x00,0x5E,0xFF,0x47,0x00,
    0x00,0x00,0x00,0x4F,0xFF,0x56,0x00,0x00,0x00,0x98,0xF7,0x23,0x00,0x00,0x00,0x00,
    0x00,0x00,0x00,0x00,0x50,0xFF,0x59,0x00,0x00,0x00,0x00,0x61,0xFF,0x48,0x00,0x00,
    0x38,0xFE,0x7B,0x00,0x00,0x30,0x71,0x7A,0x51,0x06,0x00,0x00,0x2C,0xFF,0x7F,0x00,
    0x00,0x00,0x00,0x87,0xFF,0x24,0x00,0x04,0xD0,0xD8,0x06,0x00,0x85,0xFF,0xFD,0xF7,
    0xFF,0xD4,0x18,0x00,0x03,0xEB,0xCC,0x00,0x00,0x00,0x01,0xD4,0xE5,0x01,0x00,0x72,
    0xFF,0x41,0x00,0x4B,0xFF,0xAE,0x11,0x02,0x5B,0xFD,0xB0,0x00,0x00,0x82,0xFF,0x7E,
    0x04,0x04,0x82,0xFF,0x7A,0x00,0x1D,0xF4,0xA0,0x00,0x00,0xB7,0xF6,0x11,0x00,0x00,
    0x00,0xA1,0xFF,0x1D,0x00,0x07,0xB6,0xFF,0xF6,0xF6,0xFF,0xB0,0x05,0x00,0xB0,0xED,
    0x15,0x00,0x01,0xF3,0xB8,0x00,0x00,0x00,0x00,0x54,0xFF,0x59,0x00,0x00,0x01,0x42,
    0x76,0x75,0x40,0x01,0x00,0x50,0xFF,0x64,0x00,0x00,0x18,0xFF,0x93,0x00,0x00,0x00,
    0x00,0x2D,0xFF,0x7C,0x00,0x00,0x00,0x00,0x00,0x00,0x00,0x00,0x0B,0xE1,0xC4,0x01,
    0x00,0x00,0x26,0xFF,0x83,0x00,0x00,0x00,0x00,0x1B,0xFF,0x8A,0x00,0x00,0x00,0x00,
    0x00,0x00,0x00,0x00,0x8B,0xFB,0x2D,0x00,0x00,0x00,0x21,0xFF,0x89,0x00,0x00,0x00,
    0x00,0x22,0xFF,0x85,0x00,0x00,0x00,0x00,0x00,0x00,0x00,0x2F,0xFC,0x88,0x00,0x00,
    0x00,0x00,0x0A,0xFF,0xA3,0x00,0x00,0x00,0x00,0x3D,0xFF,0x6D,0x00,0x00,0x00,0x00,
    0x00,0x00,0x02,0xC7,0xE1,0x0A,0x00,0x00,0x00,0x00,0x00,0xDB,0xD6,0x00,0x00,0x00,
    0x00,0x72,0xFF,0x3F,0x00,0x00,0x00,0x00,0x00,0x00,0x68,0xFF,0x4C,0x00,0x00,0x00,
    0x00,0x00,0x00,0x89,0xFF,0x48,0x00,0x00,0x09,0xDA,0xE8,0x04,0x00,0x00,0x00,0x00,
    0x00,0x17,0xEF,0xAC,0x00,0x00,0x00,0x00,0x00,0x00,0x00,0x15,0xE5,0xF2,0x86,0x71,
    0xCB,0xFF,0x5E,0x00,0x00,0x00,0x00,0x00,0x00,0xA4,0xF3,0x1D,0x00,0x00,0x00,0x00,
    0x00,0x00,0x00,0x00,0x22,0xAF,0xF2,0xFA,0xD1,0x5A,0x00,0x00,0x00,0x00,0x00,0x00,
    0x00,0x5C,0xC5,0xF6,0xF9,0xCA,0x57,0x00,0x00,0x00,0x00,0x00,0x00,0x00,0x00,0x00,
    0x00,0x00,0x00,0x96,0xFF,0xE5,0x9F,0x9C,0xE7,0xFF,0x7A,0x00,0x00,0x00,0x00,0x00,
    0x00,0x00,0x00,0x00,0x00,0x3B,0xFF,0xC6,0x0C,0x00,0x00,0x10,0xDA,0xFC,0x1F,0x00,
    0x00,0x00,0x00,0x00,0x00,0x00,0x00,0x00,0x7E,0xFF,0x52,0x00,0x00,0x00,0x00,0x71,
    0xFF,0x62,0x00,0x00,0x00,0x00,0x00,0x00,0x00,0x00,0x00,0x85,0xFF,0x46,0x00,0x00,
    0x00,0x00,0x64,0xFF,0x6A,0x00,0x00,0x00,0x00,0x00,0x00,0x00,0x00,0x00,0x55,0xFF,
    0x8B,0x00,0x00,0x00,0x00,0xA5,0xFF,0x3F,0x00,0x00,0x00,0x00,0x00,0x00,0x00,0x00,
    0x00,0x09,0xE6,0xF6,0x26,0x00,0x00,0x50,0xFE,0xCD,0x02,0x00,0x00,0x00,0x00,0x00,
    0x00,0x00,0x00,0x00,0x00,0x55,0xFF,0xD1,0x0E,0x7B,0xFB,0xE5,0x22,0x00,0x00,0x00,
    0x00,0x00,0x00,0x00,0x00,0x00,0x00,0x00,0x00,0x9A,0xFF,0xF3,0xFF,0xBD,0x1B,0x00,
    0x00,0x00,0x00,0x00,0x00,0x00,0x00,0x00,0x00,0x00,0x00,0x3C,0xD0,0xFF,0xFF,0xC3,
    0x01,0x00,0x00,0x00,0x00,0x00,0x00,0x00,0x00,0x00,0x00,0x00,0x06,0x94,0xFF,0xEC,
    0x6C,0xD6,0xFF,0x74,0x00,0x00,0x00,0x00,0x00,0x00,0x00,0x00,0x00,0x00,0x04,0xB4,
    0xFF,0xB6,0x14,0x00,0x1E,0xE5,0xFE,0x57,0x00,0x00,0x00,0x1C,0xFF,0xE7,0x00,0x00,
    0x00,0x7E,0xFF,0xBB,0x04,0x00,0x00,0x00,0x2F,0xF2,0xF9,0x40,0x00,0x00,0x2D,0xFF,
    0xD0,0x00,0x00,0x05,0xEF,0xFF,0x27,0x00,0x00,0x00,0x00,0x00,0x44,0xFA,0xF0,0x2C,
    0x00,0x55,0xFF,0xA3,0x00,0x00,0x2B,0xFF,0xE2,0x00,0x00,0x00,0x00,0x00,0x00,0x00,
    0x5D,0xFF,0xE2,0x1C,0x96,0xFF,0x5E,0x00,0x00,0x38,0xFF,0xD5,0x00,0x00,0x00,0x00,
    0x00,0x00,0x00,0x00,0x78,0xFF,0xD3,0xED,0xF6,0x0E,0x00,0x00,0x19,0xFF,0xF6,0x0A,
    0x00,0x00,0x00,0x00,0x00,0x00,0x00,0x00,0x94,0xFF,0xFF,0x90,0x00,0x00,0x00,0x00,
    0xC5,0xFF,0x7A,0x00,0x00,0x00,0x00,0x00,0x00,0x00,0x00,0x5C,0xFF,0xFF,0xA6,0x01,
    0x00,0x00,0x00,0x35,0xF9,0xFD,0x72,0x05,0x00,0x00,0x00,0x00,0x28,0xA2,0xFF,0xED,
    0xCD,0xFF,0x89,0x00,0x00,0x00,0x00,0x43,0xE9,0xFF,0xEB,0xB5,0xA2,0xB0,0xD9,0xFF,
    0xFF,0xBF,0x23,0x13,0xD9,0xFF,0x6C,0x00,0x00,0x00,0x00,0x0F,0x74,0xC3,0xEF,0xFD,
    0xF4,0xD4,0x98,0x3F,0x00,0x00,0x00,0x21,0xE8,0xFD,0x51,0x00,0xCC,0xFF,0x30,0xCC,
    0xFF,0x30,0xC6,0xFF,0x2A,0xBA,0xFF,0x20,0xA8,0xFF,0x0E,0x93,0xF9,0x00,0x7C,0xE4,
    0x00,0x00,0x00,0x00,0x00,0x00,0x00,0x01,0xC3,0xB8,0x00,0x00,0x00,0x00,0x5A,0xFE,
    0x2E,0x00,0x00,0x00,0x05,0xDF,0xAE,0x00,0x00,0x00,0x00,0x5E,0xFF,0x3F,0x00,0x00,
    0x00,0x00,0xCC,0xDC,0x01,0x00,0x00,0x00,0x2E,0xFF,0x88,0x00,0x00,0x00,0x00,0x83,
    0xFF,0x40,0x00,0x00,0x00,0x00,0xCD,0xFB,0x09,0x00,0x00,0x00,0x0E,0xFD,0xCE,0x00,
    0x00,0x00,0x00,0x3D,0xFF,0xA4,0x00,0x00,0x00,0x00,0x64,0xFF,0x81,0x00,0x00,0x00,
    0x00,0x7E,0xFF,0x68,0x00,0x00,0x00,0x00,0x8E,0xFF,0x54,0x00,0x00,0x00,0x00,0x93,
    0xFF,0x4C,0x00,0x00,0x00,0x00,0x8D,0xFF,0x4A,0x00,0x00,0x00,0x00,0x7D,0xFF,0x56,
    0x00,0x00,0x00,0x00,0x62,0xFF,0x6C,0x00,0x00,0x00,0x00,0x3A,0xFF,0x8F,0x00,0x00,
    0x00,0x00,0x0A,0xFA,0xBF,0x00,0x00,0x00,0x00,0x00,0xC3,0xF4,0x06,0x00,0x00,0x00,
    0x00,0x74,0xFF,0x42,0x00,0x00,0x00,0x00,0x1B,0xFC,0x96,0x00,0x00,0x00,0x00,0x00,
    0xAD,0xEB,0x07,0x00,0x00,0x00,0x00,0x37,0xFF,0x5A,0x00,0x00,0x00,0x00,0x00,0xB7,
    0xCF,0x01,0x00,0x00,0x00,0x00,0x30,0xFE,0x4F,0x00,0x00,0x00,0x00,0x00,0x81,0x99,
    0x00,0x00,0x00,0x00,0x5C,0xFA,0x26,0x00,0x00,0x00,0x01,0xCE,0xB5,0x00,0x00,0x00,
    0x00,0x51,0xFF,0x3F,0x00,0x00,0x00,0x02,0xDE,0xBE,0x00,0x00,0x00,0x00,0x78,0xFF,
    0x32,0x00,0x00,0x00,0x1E,0xFF,0x99,0x00,0x00,0x00,0x00,0xCA,0xEE,0x04,0x00,0x00,
    0x00,0x84,0xFF,0x3F,0x00,0x00,0x00,0x4B,0xFF,0x7D,0x00,0x00,0x00,0x1D,0xFF,0xAD,
    0x00,0x00,0x00,0x02,0xFB,0xD4,0x00,0x00,0x00,0x00,0xEA,0xEA,0x00,0x00,0x00,0x00,
    0xE2,0xF7,0x00,0x00,0x00,0x00,0xE8,0xFA,0x00,0x00,0x00,0x00,0xF1,0xF2,0x00,0x00,
    0x00,0x07,0xFF,0xDF,0x00,0x00,0x00,0x21,0xFF,0xC0,0x00,0x00,0x00,0x47,0xFF,0x96,
    0x00,0x00,0x00,0x74,0xFF,0x60,0x00,0x00,0x00,0xAC,0xFF,0x1E,0x00,0x00,0x01,0xE9,
    0xD1,0x00,0x00,0x00,0x36,0xFF,0x79,0x00,0x00,0x00,0x90,0xFA,0x18,0x00,0x00,0x09,
    0xEC,0xA1,0x00,0x00,0x00,0x68,0xFC,0x27,0x00,0x00,0x09,0xE4,0x96,0x00,0x00,0x00,
    0x50,0xBA,0x11,0x00,0x00,0x00,0x00,0x00,0x00,0x00,0x00,0x00,0x00,0x58,0xF0,0x00,
    0x00,0x00,0x00,0x00,0x00,0x00,0x00,0x00,0x00,0x58,0xF0,0x00,0x00,0x00,0x00,0x00,
    0x00,0x00,0x00,0x00,0x00,0x58,0xF0,0x00,0x00,0x00,0x00,0x00,0x07,0x9D,0x58,0x10,
    0x00,0x58,0xF0,0x00,0x00,0x2B,0x78,0x6B,0x1D,0xB1,0xF3,0xFC,0xC0,0xAC,0xF7,0x93,
    0xDF,0xFF,0xDA,0x7F,0x00,0x00,0x06,0x3F,0x86,0xF8,0xFF,0xC6,0x65,0x1F,0x00,0x00,
    0x00,0x00,0x00,0x00,0x6B,0xF8,0xBF,0xDC,0x10,0x00,0x00,0x00,0x00,0x00,0x00,0x3B,
    0xFA,0x62,0x0D,0xD9,0xB3,0x01,0x00,0x00,0x00,0x00,0x18,0xE5,0x9A,0x00,0x00,0x2D,
    0xF5,0x7C,0x00,0x00,0x00,0x00,0x86,0xCB,0x07,0x00,0x00,0x00,0x5C,0xEE,0x14,0x00,
    0x00,0x00,0x01,0x10,0x00,0x00,0x00,0x00,0x00,0x12,0x00,0x00,0x00,0x00,0x00,0x00,
    0x00,0x5C,0xFF,0x68,0x00,0x00,0x00,0x00,0x00,0x00,0x00,0x00,0x00,0x00,0x00,0x5C,
    0xFF,0x68,0x00,0x00,0x00,0x00,0x00,0x00,0x00,0x00,0x00,0x00,0x00,0x5C,0xFF,0x68,
    0x00,0x00,0x00,0x00,0x00,0x00,0x00,0x00,0x00,0x00,0x00,0x5C,0xFF,0x68,0x00,0x00,
    0x00,0x00,0x00,0x00,0x00,0x00,0x00,0x00,0x00,0x5C,0xFF,0x68,0x00,0x00,0x00,0x00,
    0x00,0x00,0xBB,0xC4,0xC4,0xC4,0xC4,0xDA,0xFF,0xDD,0xC4,0xC4,0xC4,0xC4,0xC4,0x03,
    0xF4,0xFF,0xFF,0xFF,0xFF,0xFF,0xFF,0xFF,0xFF,0xFF,0xFF,0xFF,0xFF,0x04,0x00,0x00,
    0x00,0x00,0x00,0x5C,0xFF,0x68,0x00,0x00,0x00,0x00,0x00,0x00,0x00,0x00,0x00,0x00,
    0x00,0x5C,0xFF,0x68,0x00,0x00,0x00,0x00,0x00,0x00,0x00,0x00,0x00,0x00,0x00,0x5C,
    0xFF,0x68,0x00,0x00,0x00,0x00,0x00,0x00,0x00,0x00,0x00,0x00,0x00,0x5C,0xFF,0x68,
    0x00,0x00,0x00,0x00,0x00,0x00,0x00,0x00,0x00,0x00,0x00,0x5C,0xFF,0x68,0x00,0x00,
    0x00,0x00,0x00,0x00,0x00,0x00,0x00,0x00,0x00,0x5C,0xFF,0x68,0x00,0x00,0x00,0x00,
    0x00,0x00,0x00,0x00,0x00,0x1A,0x54,0x14,0x00,0x0F,0xE9,0xFF,0xDA,0x02,0x2F,0xFF,
    0xFF,0xFF,0x20,0x02,0xA6,0xFE,0xFF,0x17,0x00,0x01,0xD3,0xE0,0x00,0x00,0x6C,0xFF,
    0x6C,0x00,0x80,0xFE,0xA7,0x02,0x00,0x87,0x79,0x02,0x00,0x00,0x3C,0xFF,0xFF,0xFF,
    0xFF,0xFF,0xFF,0xFF,0x20,0x2A,0xB4,0xB4,0xB4,0xB4,0xB4,0xB4,0xB4,0x17,0x00,0x00,
    0x00,0x1A,0x54,0x14,0x00,0x0F,0xE9,0xFF,0xDF,0x06,0x2F,0xFF,0xFF,0xFF,0x1B,0x02,
    0xA6,0xF9,0x97,0x00,0x00,0x00,0x00,0x00,0x00,0x00,0x00,0x3F,0xFF,0xA5,0x00,0x00,
    0x00,0x00,0x00,0x00,0x00,0x9C,0xFF,0x48,0x00,0x00,0x00,0x00,0x00,0x00,0x08,0xF1,
    0xE8,0x03,0x00,0x00,0x00,0x00,0x00,0x00,0x57,0xFF,0x8D,0x00,0x00,0x00,0x00,0x00,
    0x00,0x00,0xB4,0xFF,0x30,0x00,0x00,0x00,0x00,0x00,0x00,0x16,0xFC,0xD3,0x00,0x00,
    0x00,0x00,0x00,0x00,0x00,0x6E,0xFF,0x75,0x00,0x00,0x00,0x00,0x00,0x00,0x00,0xCC,
    0xFD,0x1B,0x00,0x00,0x00,0x00,0x00,0x00,0x29,0xFF,0xBB,0x00,0x00,0x00,0x00,0x00,
    0x00,0x00,0x87,0xFF,0x5C,0x00,0x00,0x00,0x00,0x00,0x00,0x02,0xE2,0xF4,0x0C,0x00,
    0x00,0x00,0x00,0x00,0x00,0x41,0xFF,0xA4,0x00,0x00,0x00,0x00,0x00,0x00,0x00,0x9F,
    0xFF,0x45,0x00,0x00,0x00,0x00,0x00,0x00,0x0A,0xF2,0xE5,0x03,0x00,0x00,0x00,0x00,
    0x00,0x00,0x59,0xFF,0x8B,0x00,0x00,0x00,0x00,0x00,0x00,0x00,0xB7,0xFF,0x2D,0x00,
    0x00,0x00,0x00,0x00,0x00,0x18,0xFC,0xD0,0x00,0x00,0x00,0x00,0x00,0x00,0x00,0x71,
    0xFF,0x73,0x00,0x00,0x00,0x00,0x00,0x00,0x00,0xCF,0xFD,0x18,0x00,0x00,0x00,0x00,
    0x00,0x00,0x2C,0xFF,0xB8,0x00,0x00,0x00,0x00,0x00,0x00,0x00,0x89,0xFF,0x5B,0x00,
    0x00,0x00,0x00,0x00,0x00,0x00,0x00,0x00,0x00,0x00,0x00,0x00,0x4F,0xB7,0xEC,0xFC,
    0xEF,0xBF,0x5E,0x02,0x00,0x00,0x00,0x00,0x00,0x03,0x9E,0xFF,0xFD,0xC1,0xA4,0xBD,
    0xFA,0xFF,0xB3,0x08,0x00,0x00,0x00,0x00,0x81,0xFF,0xDB,0x28,0x00,0x00,0x00,0x1E,
    0xCE,0xFF,0x9A,0x00,0x00,0x00,0x1E,0xFA,0xF6,0x25,0x00,0x00,0x00,0x00,0x00,0x18,
    0xEF,0xFF,0x30,0x00,0x00,0x83,0xFF,0x94,0x00,0x00,0x00,0x00,0x00,0x00,0x00,0x82,
    0xFF,0x97,0x00,0x00,0xD1,0xFF,0x36,0x00,0x00,0x00,0x00,0x00,0x00,0x00,0x29,0xFF,
    0xE5,0x00,0x0B,0xFD,0xF4,0x03,0x00,0x00,0x00,0x00,0x00,0x00,0x00,0x00,0xEA,0xFF,
    0x1C,0x30,0xFF,0xCE,0x00,0x00,0x00,0x00,0x00,0x00,0x00,0x00,0x00,0xC2,0xFF,0x44,
    0x49,0xFF,0xB4,0x00,0x00,0x00,0x00,0x00,0x00,0x00,0x00,0x00,0xA8,0xFF,0x5D,0x59,
    0xFF,0xA4,0x00,0x00,0x00,0x00,0x00,0x00,0x00,0x00,0x00,0x98,0xFF,0x6D,0x60,0xFF,
    0x9E,0x00,0x00,0x00,0x00,0x00,0x00,0x00,0x00,0x00,0x92,0xFF,0x72,0x5A,0xFF,0xA4,
    0x00,0x00,0x00,0x00,0x00,0x00,0x00,0x00,0x00,0x98,0xFF,0x6D,0x4C,0xFF,0xB4,0x00,
    0x00,0x00,0x00,0x00,0x00,0x00,0x00,0x00,0xA8,0xFF,0x5D,0x30,0xFF,0xCD,0x00,0x00,
    0x00,0x00,0x00,0x00,0x00,0x00,0x00,0xC2,0xFF,0x44,0x0C,0xFE,0xF4,0x03,0x00,0x00,
    0x00,0x00,0x00,0x00,0x00,0x00,0xEA,0xFF,0x1D,0x00,0xD2,0xFF,0x35,0x00,0x00,0x00,
    0x00,0x00,0x00,0x00,0x28,0xFF,0xE5,0x00,0x00,0x83,0xFF,0x91,0x00,0x00,0x00,0x00,
    0x00,0x00,0x00,0x82,0xFF,0x97,0x00,0x00,0x1F,0xFA,0xF6,0x25,0x00,0x00,0x00,0x00,
    0x00,0x18,0xEF,0xFF,0x30,0x00,0x00,0x00,0x83,0xFF,0xDB,0x28,0x00,0x00,0x00,0x1E,
    0xCE,0xFF,0x9A,0x00,0x00,0x00,0x00,0x03,0xA0,0xFF,0xFC,0xC1,0xA4,0xBC,0xFA,0xFF,
    0xB3,0x08,0x00,0x00,0x00,0x00,0x00,0x00,0x50,0xB9,0xED,0xFD,0xEF,0xC0,0x5E,0x02,
    0x00,0x00,0x00,0x00,0x00,0x00,0x00,0x00,0x00,0x77,0xFF,0x98,0x00,0x00,0x00,0x00,
    0x75,0xFF,0xFF,0x98,0x00,0x00,0x1F,0xB0,0xFF,0xF1,0xFF,0x98,0x4F,0xAC,0xFA,0xFF,
    0xBC,0x63,0xFF,0x98,0xB4,0xFF,0xD2,0x5B,0x01,0x54,0xFF,0x98,0x3D,0x26,0x00,0x00,
    0x00,0x54,0xFF,0x98,0x00,0x00,0x00,0x00,0x00,0x54,0xFF,0x98,0x00,0x00,0x00,0x00,
    0x00,0x54,0xFF,0x98,0x00,0x00,0x00,0x00,0x00,0x54,0xFF,0x98,0x00,0x00,0x00,0x00,
    0x00,0x54,0xFF,0x98,0x00,0x00,0x00,0x00,0x00,0x54,0xFF,0x98,0x00,0x00,0x00,0x00,
    0x00,0x54,0xFF,0x98,0x00,0x00,0x00,0x00,0x00,0x54,0xFF,0x98,0x00,0x00,0x00,0x00,
    0x00,0x54,0xFF,0x98,0x00,0x00,0x00,0x00,0x00,0x54,0xFF,0x98,0x00,0x00,0x00,0x00,
    0x00,0x54,0xFF,0x98,0x00,0x00,0x00,0x00,0x00,0x54,0xFF,0x98,0x00,0x00,0x00,0x00,
    0x00,0x54,0xFF,0x98,0x00,0x00,0x00,0x00,0x00,0x54,0xFF,0x98,0x00,0x00,0x00,0x00,
    0x00,0x54,0xFF,0x98,0x00,0x00,0x00,0x00,0x00,0x54,0xFF,0x98,0x00,0x00,0x00,0x0F,
    0x78,0xC7,0xEF,0xFD,0xF2,0xCB,0x7A,0x0E,0x00,0x00,0x00,0x00,0x00,0x32,0xE6,0xFF,
    0xF4,0xC1,0xAF,0xBD,0xF0,0xFF,0xE0,0x28,0x00,0x00,0x00,0x11,0xE8,0xFF,0x8A,0x0B,
    0x00,0x00,0x00,0x09,0x91,0xFF,0xD9,0x06,0x00,0x00,0x7A,0xFF,0xA9,0x00,0x00,0x00,
    0x00,0x00,0x00,0x01,0xC3,0xFF,0x5B,0x00,0x00,0xC4,0xFF,0x37,0x00,0x00,0x00,0x00,
    0x00,0x00,0x00,0x5F,0xFF,0xA0,0x00,0x00,0xE6,0xFF,0x07,0x00,0x00,0x00,0x00,0x00,
    0x00,0x00,0x3A,0xFF,0xBB,0x00,0x00,0x00,0x00,0x00,0x00,0x00,0x00,0x00,0x00,0x00,
    0x00,0x43,0xFF,0xB5,0x00,0x00,0x00,0x00,0x00,0x00,0x00,0x00,0x00,0x00,0x00,0x00,
    0x76,0xFF,0x8B,0x00,0x00,0x00,0x00,0x00,0x00,0x00,0x00,0x00,0x00,0x00,0x02,0xD7,
    0xFF,0x39,0x00,0x00,0x00,0x00,0x00,0x00,0x00,0x00,0x00,0x00,0x00,0x6A,0xFF,0xBC,
    0x00,0x00,0x00,0x00,0x00,0x00,0x00,0x00,0x00,0x00,0x00,0x33,0xF7,0xF3,0x25,0x00,
    0x00,0x00,0x00,0x00,0x00,0x00,0x00,0x00,0x00,0x25,0xE8,0xFC,0x4B,0x00,0x00,0x00,
    0x00,0x00,0x00,0x00,0x00,0x00,0x00,0x29,0xE5,0xFD,0x5B,0x00,0x00,0x00,0x00,0x00,
    0x00,0x00,0x00,0x00,0x00,0x33,0xEB,0xFC,0x5A,0x00,0x00,0x00,0x00,0x00,0x00,0x00,
    0x00,0x00,0x00,0x3F,0xF2,0xF7,0x4C,0x00,0x00,0x00,0x00,0x00,0x00,0x00,0x00,0x00,
    0x00,0x4B,0xF7,0xF1,0x3E,0x00,0x00,0x00,0x00,0x00,0x00,0x00,0x00,0x00,0x00,0x5A,
    0xFB,0xE8,0x30,0x00,0x00,0x00,0x00,0x00,0x00,0x00,0x00,0x00,0x00,0x68,0xFE,0xDF,
    0x23,0x00,0x00,0x00,0x00,0x00,0x00,0x00,0x00,0x00,0x00,0x7A,0xFF,0xD3,0x1B,0x00,
    0x00,0x00,0x00,0x00,0x00,0x00,0x00,0x00,0x00,0x50,0xFF,0xFF,0xC5,0xB4,0xB4,0xB4,
    0xB4,0xB4,0xB4,0xB4,0xB4,0xB4,0xB4,0x41,0x60,0xFF,0xFF,0xFF,0xFF,0xFF,0xFF,0xFF,
    0xFF,0xFF,0xFF,0xFF,0xFF,0xFF,0x5C,0x00,0x00,0x00,0x00,0x01,0x54,0xB7,0xEB,0xFC,
    0xF1,0xC4,0x71,0x0A,0x00,0x00,0x00,0x00,0x00,0x0A,0xB3,0xFF,0xFE,0xD0,0xB7,0xC8,
    0xF7,0xFF,0xDC,0x24,0x00,0x00,0x00,0x00,0xA6,0xFF,0xC4,0x23,0x00,0x00,0x00,0x0F,
    0x91,0xFF,0xD9,0x07,0x00,0x00,0x34,0xFF,0xDF,0x0C,0x00,0x00,0x00,0x00,0x00,0x00,
    0xB0,0xFF,0x5A,0x00,0x00,0x88,0xFF,0x72,0x00,0x00,0x00,0x00,0x00,0x00,0x00,0x5C,
    0xFF,0x92,0x00,0x00,0xAD,0xFF,0x3F,0x00,0x00,0x00,0x00,0x00,0x00,0x00,0x51,0xFF,
    0x9C,0x00,0x00,0x00,0x00,0x00,0x00,0x00,0x00,0x00,0x00,0x00,0x00,0x79,0xFF,0x76,
    0x00,0x00,0x00,0x00,0x00,0x00,0x00,0x00,0x00,0x00,0x00,0x09,0xDD,0xF8,0x1E,0x00,
    0x00,0x00,0x00,0x00,0x00,0x00,0x00,0x00,0x00,0x1E,0xBB,0xFD,0x5E,0x00,0x00,0x00,
    0x00,0x00,0x00,0x00,0x00,0xA8,0xB3,0xCE,0xFC,0xC3,0x3B,0x00,0x00,0x00,0x00,0x00,
    0x00,0x00,0x00,0x00,0xF4,0xFF,0xFF,0xFF,0xD3,0x71,0x07,0x00,0x00,0x00,0x00,0x00,
    0x00,0x00,0x00,0x00,0x02,0x16,0x48,0xAF,0xFF,0xCF,0x16,0x00,0x00,0x00,0x00,0x00,
    0x00,0x00,0x00,0x00,0x00,0x00,0x00,0x71,0xFF,0xBA,0x00,0x00,0x00,0x00,0x00,0x00,
    0x00,0x00,0x00,0x00,0x00,0x00,0x01,0xD6,0xFF,0x29,0x00,0x00,0x00,0x00,0x00,0x00,
    0x00,0x00,0x00,0x00,0x00,0x00,0x9B,0xFF,0x5A,0x35,0xFF,0xB9,0x00,0x00,0x00,0x00,
    0x00,0x00,0x00,0x00,0x00,0x96,0xFF,0x5E,0x13,0xFF,0xEA,0x05,0x00,0x00,0x00,0x00,
    0x00,0x00,0x00,0x00,0xBE,0xFF,0x3D,0x00,0xC0,0xFF,0x76,0x00,0x00,0x00,0x00,0x00,
    0x00,0x00,0x2F,0xFD,0xE9,0x05,0x00,0x32,0xF7,0xFE,0x7F,0x0B,0x00,0x00,0x00,0x01,
    0x49,0xE5,0xFF,0x5F,0x00,0x00,0x00,0x41,0xE8,0xFF,0xF5,0xC0,0xAA,0xB5,0xE3,0xFF,
    0xFB,0x71,0x00,0x00,0x00,0x00,0x00,0x0E,0x73,0xC0,0xED,0xFE,0xF5,0xD3,0x90,0x26,
    0x00,0x00,0x00,0x00,0x00,0x00,0x00,0x00,0x00,0x00,0x00,0x00,0x00,0x2E,0xFA,0xFF,
    0x18,0x00,0x00,0x00,0x00,0x00,0x00,0x00,0x00,0x00,0x00,0x05,0xCE,0xFF,0xFF,0x18,
    0x00,0x00,0x00,0x00,0x00,0x00,0x00,0x00,0x00,0x00,0x7D,0xFF,0xFE,0xFF,0x18,0x00,
    0x00,0x00,0x00,0x00,0x00,0x00,0x00,0x00,0x2E,0xFA,0xCC,0xC8,0xFF,0x18,0x00,0x00,
    0x00,0x00,0x00,0x00,0x00,0x00,0x05,0xCE,0xF9,0x2C,0xC4,0xFF,0x18,0x00,0x00,0x00,
    0x00,0x00,0x00,0x00,0x00,0x7D,0xFF,0x7B,0x00,0xC4,0xFF,0x18,0x00,0x00,0x00,0x00,
    0x00,0x00,0x00,0x2E,0xFA,0xCC,0x04,0x00,0xC4,0xFF,0x18,0x00,0x00,0x00,0x00,0x00,
    0x00,0x05,0xCE,0xF9,0x2C,0x00,0x00,0xC4,0xFF,0x18,0x00,0x00,0x00,0x00,0x00,0x00,
    0x7C,0xFF,0x7B,0x00,0x00,0x00,0xC4,0xFF,0x18,0x00,0x00,0x00,0x00,0x00,0x2D,0xFA,
    0xCC,0x04,0x00,0x00,0x00,0xC4,0xFF,0x18,0x00,0x00,0x00,0x00,0x04,0xCD,0xF9,0x2C,
    0x00,0x00,0x00,0x00,0xC4,0xFF,0x18,0x00,0x00,0x00,0x00,0x7C,0xFF,0x7B,0x00,0x00,
    0x00,0x00,0x00,0xC4,0xFF,0x18,0x00,0x00,0x00,0x2D,0xFA,0xCC,0x04,0x00,0x00,0x00,
    0x00,0x00,0xC4,0xFF,0x18,0x00,0x00,0x04,0xCC,0xF9,0x2C,0x00,0x00,0x00,0x00,0x00,
    0x00,0xC4,0xFF,0x18,0x00,0x00,0x7B,0xFF,0x7B,0x00,0x00,0x00,0x00,0x00,0x00,0x00,
    0xC4,0xFF,0x18,0x00,0x00,0xF3,0xFF,0xC0,0xBC,0xBC,0xBC,0xBC,0xBC,0xBC,0xBC,0xF0,
    0xFF,0xC2,0xBC,0xB0,0xF8,0xFF,0xFF,0xFF,0xFF,0xFF,0xFF,0xFF,0xFF,0xFF,0xFF,0xFF,
    0xFF,0xFF,0xF0,0x00,0x00,0x00,0x00,0x00,0x00,0x00,0x00,0x00,0x00,0xC4,0xFF,0x18,
    0x00,0x00,0x00,0x00,0x00,0x00,0x00,0x00,0x00,0x00,0x00,0x00,0xC4,0xFF,0x18,0x00,
    0x00,0x00,0x00,0x00,0x00,0x00,0x00,0x00,0x00,0x00,0x00,0xC4,0xFF,0x18,0x00,0x00,
    0x00,0x00,0x00,0x00,0x00,0x00,0x00,0x00,0x00,0x00,0xC4,0xFF,0x18,0x00,0x00,0x00,
    0x00,0x00,0x9F,0xFF,0xFF,0xFF,0xFF,0xFF,0xFF,0xFF,0xFF,0xFF,0xFF,0x0C,0x00,0x00,
    0x00,0xB5,0xF8,0xBC,0xBC,0xBC,0xBC,0xBC,0xBC,0xBC,0xBC,0xBC,0x09,0x00,0x00,0x00,
    0xCB,0xD2,0x00,0x00,0x00,0x00,0x00,0x00,0x00,0x00,0x00,0x00,0x00,0x00,0x00,0xE0,
    0xBB,0x00,0x00,0x00,0x00,0x00,0x00,0x00,0x00,0x00,0x00,0x00,0x00,0x00,0xF5,0xA4,
    0x00,0x00,0x00,0x00,0x00,0x00,0x00,0x00,0x00,0x00,0x00,0x00,0x0C,0xFF,0x8C,0x00,
    0x00,0x00,0x00,0x00,0x00,0x00,0x00,0x00,0x00,0x00,0x00,0x21,0xFF,0x75,0x00,0x00,
    0x00,0x00,0x00,0x00,0x00,0x00,0x00,0x00,0x00,0x00,0x37,0xFF,0x5E,0x38,0xAB,0xE7,
    0xFD,0xF5,0xCE,0x80,0x13,0x00,0x00,0x00,0x00,0x4C,0xFF,0xB4,0xFE,0xF4,0xC2,0xAF,
    0xBA,0xEF,0xFF,0xEC,0x40,0x00,0x00,0x00,0x63,0xFF,0xF8,0x72,0x0A,0x00,0x00,0x00,
    0x06,0x73,0xFC,0xF3,0x25,0x00,0x00,0x3B,0x84,0x3D,0x00,0x00,0x00,0x00,0x00,0x00,
    0x00,0x74,0xFF,0xAF,0x00,0x00,0x00,0x00,0x00,0x00,0x00,0x00,0x00,0x00,0x00,0x00,
    0x07,0xEF,0xFC,0x10,0x00,0x00,0x00,0x00,0x00,0x00,0x00,0x00,0x00,0x00,0x00,0x00,
    0xB7,0xFF,0x40,0x00,0x00,0x00,0x00,0x00,0x00,0x00,0x00,0x00,0x00,0x00,0x00,0x9C,
    0xFF,0x56,0x00,0x00,0x00,0x00,0x00,0x00,0x00,0x00,0x00,0x00,0x00,0x00,0x9E,0xFF,
    0x55,0x44,0xFF,0xAD,0x00,0x00,0x00,0x00,0x00,0x00,0x00,0x00,0x00,0xBC,0xFF,0x3B,
    0x1C,0xFF,0xE1,0x02,0x00,0x00,0x00,0x00,0x00,0x00,0x00,0x0D,0xF5,0xF7,0x0B,0x00,
    0xC1,0xFF,0x6A,0x00,0x00,0x00,0x00,0x00,0x00,0x00,0x89,0xFF,0x9F,0x00,0x00,0x2D,
    0xF6,0xFC,0x7A,0x09,0x00,0x00,0x00,0x0A,0x83,0xFF,0xE9,0x18,0x00,0x00,0x00,0x3C,
    0xE7,0xFF,0xF2,0xBD,0xAA,0xBD,0xF3,0xFF,0xE0,0x2F,0x00,0x00,0x00,0x00,0x00,0x0D,
    0x72,0xC2,0xEF,0xFE,0xEF,0xC2,0x71,0x0B,0x00,0x00,0x00,0x00,0x00,0x00,0x00,0x00,
    0x1B,0x8A,0xD6,0xF9,0xFB,0xDC,0x97,0x28,0x00,0x00,0x00,0x00,0x00,0x00,0x4D,0xF2,
    0xFF,0xEA,0xB8,0xB3,0xDF,0xFF,0xFB,0x6D,0x00,0x00,0x00,0x00,0x3B,0xFA,0xF9,0x6B,
    0x04,0x00,0x00,0x00,0x4B,0xEE,0xFF,0x4D,0x00,0x00,0x03,0xD8,0xFF,0x56,0x00,0x00,
    0x00,0x00,0x00,0x00,0x4C,0xFF,0xD2,0x00,0x00,0x53,0xFF,0xB1,0x00,0x00,0x00,0x00,
    0x00,0x00,0x00,0x00,0xD6,0xFF,0x25,0x00,0xAD,0xFF,0x47,0x00,0x00,0x00,0x00,0x00,
    0x00,0x00,0x00,0x00,0x00,0x00,0x00,0xEB,0xF9,0x08,0x00,0x00,0x00,0x00,0x00,0x00,
    0x00,0x00,0x00,0x00,0x00,0x17,0xFF,0xD1,0x00,0x00,0x00,0x00,0x00,0x00,0x00,0x00,
    0x00,0x00,0x00,0x00,0x35,0xFF,0xB3,0x00,0x09,0x67,0xBA,0xEC,0xFD,0xEF,0xBD,0x5C,
    0x02,0x00,0x00,0x45,0xFF,0xA3,0x48,0xE3,0xFF,0xEF,0xC3,0xB6,0xD0,0xFE,0xFF,0xB7,
    0x09,0x00,0x4C,0xFF,0xE2,0xFE,0xCA,0x47,0x03,0x00,0x00,0x00,0x29,0xD1,0xFF,0x9C,
    0x00,0x48,0xFF,0xFF,0x87,0x03,0x00,0x00,0x00,0x00,0x00,0x00,0x1C,0xF4,0xFE,0x22,
    0x39,0xFF,0xBA,0x00,0x00,0x00,0x00,0x00,0x00,0x00,0x00,0x00,0x9C,0xFF,0x6D,0x20,
    0xFF,0xBC,0x00,0x00,0x00,0x00,0x00,0x00,0x00,0x00,0x00,0x67,0xFF,0x91,0x02,0xF4,
    0xE7,0x00,0x00,0x00,0x00,0x00,0x00,0x00,0x00,0x00,0x5B,0xFF,0x99,0x00,0xB9,0xFF,
    0x2B,0x00,0x00,0x00,0x00,0x00,0x00,0x00,0x00,0x72,0xFF,0x82,0x00,0x62,0xFF,0x99,
    0x00,0x00,0x00,0x00,0x00,0x00,0x00,0x00,0xB3,0xFF,0x4F,0x00,0x08,0xE2,0xFD,0x40,
    0x00,0x00,0x00,0x00,0x00,0x00,0x33,0xFD,0xEA,0x08,0x00,0x00,0x48,0xFD,0xF3,0x60,
    0x03,0x00,0x00,0x00,0x37,0xE2,0xFF,0x61,0x00,0x00,0x00,0x00,0x5B,0xF5,0xFF,0xE9,
    0xB5,0xAD,0xD2,0xFF,0xFD,0x7B,0x00,0x00,0x00,0x00,0x00,0x00,0x1E,0x8C,0xD7,0xF9,
    0xFA,0xDF,0xA0,0x30,0x00,0x00,0x00,0x00,0x68,0xFF,0xFF,0xFF,0xFF,0xFF,0xFF,0xFF,
    0xFF,0xFF,0xFF,0xFF,0xFF,0xFF,0x6C,0x4C,0xBC,0xBC,0xBC,0xBC,0xBC,0xBC,0xBC,0xBC,
    0xBC,0xBC,0xBC,0xE0,0xFF,0x68,0x00,0x00,0x00,0x00,0x00,0x00,0x00,0x00,0x00,0x00,
    0x00,0x01,0xD4,0xF8,0x19,0x00,0x00,0x00,0x00,0x00,0x00,0x00,0x00,0x00,0x00,0x00,
    0x4D,0xFF,0x9B,0x00,0x00,0x00,0x00,0x00,0x00,0x00,0x00,0x00,0x00,0x00,0x00,0xC5,
    0xFE,0x26,0x00,0x00,0x00,0x00,0x00,0x00,0x00,0x00,0x00,0x00,0x00,0x3E,0xFF,0xAE,
    0x00,0x00,0x00,0x00,0x00,0x00,0x00,0x00,0x00,0x00,0x00,0x00,0xB8,0xFF,0x38,0x00,
    0x00,0x00,0x00,0x00,0x00,0x00,0x00,0x00,0x00,0x00,0x30,0xFF,0xC0,0x00,0x00,0x00,
    0x00,0x00,0x00,0x00,0x00,0x00,0x00,0x00,0x00,0xA7,0xFF,0x48,0x00,0x00,0x00,0x00,
    0x00,0x00,0x00,0x00,0x00,0x00,0x00,0x24,0xFD,0xD4,0x01,0x00,0x00,0x00,0x00,0x00,
    0x00,0x00,0x00,0x00,0x00,0x00,0x9A,0xFF,0x5C,0x00,0x00,0x00,0x00,0x00,0x00,0x00,
    0x00,0x00,0x00,0x00,0x19,0xF8,0xE1,0x05,0x00,0x00,0x00,0x00,0x00,0x00,0x00,0x00,
    0x00,0x00,0x00,0x89,0xFF,0x6F,0x00,0x00,0x00,0x00,0x00,0x00,0x00,0x00,0x00,0x00,
    0x00,0x11,0xF3,0xEE,0x0B,0x00,0x00,0x00,0x00,0x00,0x00,0x00,0x00,0x00,0x00,0x00,
    0x7C,0xFF,0x83,0x00,0x00,0x00,0x00,0x00,0x00,0x00,0x00,0x00,0x00,0x00,0x09,0xEA,
    0xF7,0x16,0x00,0x00,0x00,0x00,0x00,0x00,0x00,0x00,0x00,0x00,0x00,0x6F,0xFF,0x95,
    0x00,0x00,0x00,0x00,0x00,0x00,0x00,0x00,0x00,0x00,0x00,0x05,0xE1,0xFD,0x22,0x00,
    0x00,0x00,0x00,0x00,0x00,0x00,0x00,0x00,0x00,0x00,0x5E,0xFF,0xA7,0x00,0x00,0x00,
    0x00,0x00,0x00,0x00,0x00,0x00,0x00,0x00,0x02,0xD6,0xFF,0x33,0x00,0x00,0x00,0x00,
    0x00,0x00,0x00,0x00,0x00,0x00,0x00,0x51,0xFF,0xBC,0x00,0x00,0x00,0x00,0x00,0x00,
    0x00,0x00,0x00,0x00,0x00,0x00,0x00,0x01,0x54,0xB2,0xEB,0xFE,0xEC,0xB5,0x59,0x02,
    0x00,0x00,0x00,0x00,0x00,0x0B,0xB7,0xFF,0xFF,0xD3,0xB8,0xCD,0xFC,0xFF,0xBF,0x0F,
    0x00,0x00,0x00,0x00,0xA6,0xFF,0xCB,0x28,0x00,0x00,0x00,0x1C,0xB1,0xFF,0xB5,0x00,
    0x00,0x00,0x26,0xFF,0xED,0x12,0x00,0x00,0x00,0x00,0x00,0x04,0xD7,0xFF,0x35,0x00,
    0x00,0x5E,0xFF,0x9D,0x00,0x00,0x00,0x00,0x00,0x00,0x00,0x83,0xFF,0x6E,0x00,0x00,
    0x6C,0xFF,0x88,0x00,0x00,0x00,0x00,0x00,0x00,0x00,0x70,0xFF,0x7C,0x00,0x00,0x50,
    0xFF,0xAA,0x00,0x00,0x00,0x00,0x00,0x00,0x00,0x91,0xFF,0x5E,0x00,0x00,0x0E,0xF3,
    0xF6,0x21,0x00,0x00,0x00,0x00,0x00,0x11,0xE9,0xF4,0x15,0x00,0x00,0x00,0x69,0xFF,
    0xD7,0x2E,0x00,0x00,0x00,0x1F,0xC5,0xFF,0x63,0x00,0x00,0x00,0x00,0x00,0x64,0xEE,
    0xFF,0xCC,0xB0,0xC4,0xFC,0xE8,0x57,0x00,0x00,0x00,0x00,0x00,0x00,0x4F,0xC3,0xFF,
    0xFF,0xFF,0xFF,0xFF,0xBE,0x4F,0x00,0x00,0x00,0x00,0x03,0x9E,0xFF,0xCA,0x51,0x11,
    0x00,0x0E,0x47,0xBB,0xFF,0xA6,0x06,0x00,0x00,0x81,0xFF,0xAC,0x04,0x00,0x00,0x00,
    0x00,0x00,0x01,0x90,0xFF,0x90,0x00,0x09,0xF3,0xF5,0x11,0x00,0x00,0x00,0x00,0x00,
    0x00,0x00,0x05,0xE2,0xFB,0x12,0x36,0xFF,0xC0,0x00,0x00,0x00,0x00,0x00,0x00,0x00,
    0x00,0x00,0xA0,0xFF,0x46,0x40,0xFF,0xB5,0x00,0x00,0x00,0x00,0x00,0x00,0x00,0x00,
    0x00,0x96,0xFF,0x50,0x21,0xFF,0xE0,0x01,0x00,0x00,0x00,0x00,0x00,0x00,0x00,0x00,
    0xC1,0xFF,0x31,0x00,0xD2,0xFF,0x5B,0x00,0x00,0x00,0x00,0x00,0x00,0x00,0x41,0xFF,
    0xE0,0x02,0x00,0x45,0xFD,0xF9,0x75,0x0A,0x00,0x00,0x00,0x04,0x60,0xF1,0xFF,0x52,
    0x00,0x00,0x00,0x5A,0xF3,0xFF,0xF3,0xBE,0xAA,0xBA,0xEE,0xFF,0xF8,0x65,0x00,0x00,
    0x00,0x00,0x00,0x19,0x7F,0xC9,0xF2,0xFE,0xF3,0xCD,0x87,0x1E,0x00,0x00,0x00,0x00,
    0x00,0x00,0x00,0x0A,0x6D,0xC2,0xF0,0xFE,0xEB,0xB1,0x4D,0x00,0x00,0x00,0x00,0x00,
    0x00,0x28,0xDB,0xFF,0xF2,0xBE,0xB0,0xCD,0xFF,0xFF,0xAA,0x07,0x00,0x00,0x00,0x16,
    0xE4,0xFF,0x7E,0x09,0x00,0x00,0x00,0x28,0xC6,0xFF,0xA0,0x00,0x00,0x00,0x9A,0xFF,
    0x89,0x00,0x00,0x00,0x00,0x00,0x00,0x0C,0xD8,0xFF,0x3F,0x00,0x0B,0xF7,0xF4,0x0D,
    0x00,0x00,0x00,0x00,0x00,0x00,0x00,0x4B,0xFF,0xB3,0x00,0x3D,0xFF,0xB8,0x00,0x00,
    0x00,0x00,0x00,0x00,0x00,0x00,0x02,0xE5,0xFA,0x0C,0x55,0xFF,0x9F,0x00,0x00,0x00,
    0x00,0x00,0x00,0x00,0x00,0x00,0xA3,0xFF,0x40,0x4D,0xFF,0xAA,0x00,0x00,0x00,0x00,
    0x00,0x00,0x00,0x00,0x00,0x7C,0xFF,0x68,0x28,0xFF,0xDF,0x01,0x00,0x00,0x00,0x00,
    0x00,0x00,0x00,0x00,0x7D,0xFF,0x81,0x00,0xD8,0xFF,0x5A,0x00,0x00,0x00,0x00,0x00,
    0x00,0x00,0x4D,0xF7,0xFF,0x8F,0x00,0x52,0xFF,0xF5,0x58,0x01,0x00,0x00,0x00,0x1E,
    0x97,0xFE,0xDA,0xFF,0x93,0x00,0x00,0x74,0xFE,0xFF,0xE3,0xB7,0xB6,0xD5,0xFE,0xF9,
    0x77,0x60,0xFF,0x8D,0x00,0x00,0x00,0x33,0xA2,0xE1,0xFC,0xF7,0xD2,0x8A,0x21,0x00,
    0x6F,0xFF,0x7C,0x00,0x00,0x00,0x00,0x00,0x00,0x00,0x00,0x00,0x00,0x00,0x00,0x8F,
    0xFF,0x5F,0x00,0x00,0x00,0x00,0x00,0x00,0x00,0x00,0x00,0x00,0x00,0x00,0xBF,0xFF,
    0x30,0x00,0x00,0x00,0x00,0x00,0x00,0x00,0x00,0x00,0x00,0x00,0x0E,0xF8,0xEB,0x03,
    0x29,0xFF,0xD2,0x00,0x00,0x00,0x00,0x00,0x00,0x00,0x00,0x72,0xFF,0x92,0x00,0x00,
    0xD9,0xFF,0x46,0x00,0x00,0x00,0x00,0x00,0x00,0x28,0xF2,0xF7,0x1F,0x00,0x00,0x53,
    0xFF,0xEE,0x49,0x00,0x00,0x00,0x01,0x4C,0xE9,0xFF,0x6A,0x00,0x00,0x00,0x00,0x72,
    0xFC,0xFF,0xDB,0xAF,0xB0,0xE0,0xFF,0xFB,0x74,0x00,0x00,0x00,0x00,0x00,0x00,0x2E,
    0x9A,0xDC,0xFA,0xFA,0xDB,0x97,0x29,0x00,0x00,0x00,0x00,0x00,0x00,0x1A,0x54,0x14,
    0x00,0x0F,0xE9,0xFF,0xDF,0x06,0x2F,0xFF,0xFF,0xFF,0x1B,0x02,0xA6,0xF9,0x97,0x00,
    0x00,0x00,0x00,0x00,0x00,0x00,0x00,0x00,0x00,0x00,0x00,0x00,0x00,0x00,0x00,0x00,
    0x00,0x00,0x00,0x00,0x00,0x00,0x00,0x00,0x00,0x00,0x00,0x00,0x00,0x00,0x00,0x00,
    0x00,0x00,0x00,0x00,0x00,0x00,0x00,0x00,0x00,0x1A,0x54,0x14,0x00,0x0F,0xE9,0xFF,
    0xDF,0x06,0x2F,0xFF,0xFF,0xFF,0x1B,0x02,0xA6,0xF9,0x97,0x00,0x00,0x1A,0x54,0x14,
    0x00,0x0F,0xE9,0xFF,0xDF,0x06,0x2F,0xFF,0xFF,0xFF,0x1B,0x02,0xA6,0xF9,0x97,0x00,
    0x00,0x00,0x00,0x00,0x00,0x00,0x00,0x00,0x00,0x00,0x00,0x00,0x00,0x00,0x00,0x00,
    0x00,0x00,0x00,0x00,0x00,0x00,0x00,0x00,0x00,0x00,0x00,0x00,0x00,0x00,0x00,0x00,
    0x00,0x00,0x00,0x00,0x00,0x00,0x00,0x00,0x00,0x1A,0x54,0x14,0x00,0x0F,0xE9,0xFF,
    0xDA,0x02,0x2F,0xFF,0xFF,0xFF,0x20,0x02,0xA6,0xFE,0xFF,0x17,0x00,0x01,0xD3,0xE0,
    0x00,0x00,0x6C,0xFF,0x6C,0x00,0x80,0xFE,0xA7,0x02,0x00,0x87,0x79,0x02,0x00,0x00,
    0x00,0x00,0x00,0x00,0x00,0x00,0x00,0x00,0x00,0x00,0x00,0x44,0xBE,0x0C,0x00,0x00,
    0x00,0x00,0x00,0x00,0x00,0x00,0x02,0x51,0xC9,0xFF,0xF4,0x09,0x00,0x00,0x00,0x00,
    0x00,0x00,0x04,0x5E,0xD6,0xFF,0xED,0x7E,0x12,0x00,0x00,0x00,0x00,0x00,0x09,0x6B,
    0xE0,0xFF,0xE2,0x6F,0x0B,0x00,0x00,0x00,0x00,0x00,0x0E,0x78,0xE8,0xFF,0xD8,0x62,
    0x05,0x00,0x00,0x00,0x00,0x00,0x16,0x85,0xF0,0xFF,0xC9,0x51,0x02,0x00,0x00,0x00,
    0x00,0x00,0x00,0x00,0xEE,0xFF,0xBC,0x44,0x00,0x00,0x00,0x00,0x00,0x00,0x00,0x00,
    0x00,0x00,0xFF,0xD6,0x3C,0x00,0x00,0x00,0x00,0x00,0x00,0x00,0x00,0x00,0x00,0x00,
    0x8A,0xF5,0xFF,0xC4,0x4D,0x01,0x00,0x00,0x00,0x00,0x00,0x00,0x00,0x00,0x00,0x13,
    0x82,0xEE,0xFF,0xD4,0x5C,0x04,0x00,0x00,0x00,0x00,0x00,0x00,0x00,0x00,0x00,0x0D,
    0x73,0xE7,0xFF,0xDF,0x6B,0x09,0x00,0x00,0x00,0x00,0x00,0x00,0x00,0x00,0x00,0x08,
    0x66,0xDD,0xFF,0xEA,0x7A,0x10,0x00,0x00,0x00,0x00,0x00,0x00,0x00,0x00,0x00,0x03,
    0x5A,0xD0,0xFF,0xF2,0x89,0x04,0x00,0x00,0x00,0x00,0x00,0x00,0x00,0x00,0x00,0x01,
    0x4C,0xC5,0xFF,0x0C,0x00,0x00,0x00,0x00,0x00,0x00,0x00,0x00,0x00,0x00,0x00,0x00,
    0x3E,0x06,0x00,0x00,0xF4,0xFF,0xFF,0xFF,0xFF,0xFF,0xFF,0xFF,0xFF,0xFF,0xFF,0xFF,
    0xFF,0x04,0xBB,0xC4,0xC4,0xC4,0xC4,0xC4,0xC4,0xC4,0xC4,0xC4,0xC4,0xC4,0xC4,0x03,
    0x00,0x00,0x00,0x00,0x00,0x00,0x00,0x00,0x00,0x00,0x00,0x00,0x00,0x00,0x00,0x00,
    0x00,0x00,0x00,0x00,0x00,0x00,0x00,0x00,0x00,0x00,0x00,0x00,0x00,0x00,0x00,0x00,
    0x00,0x00,0x00,0x00,0x00,0x00,0x00,0x00,0x00,0x00,0xF4,0xFF,0xFF,0xFF,0xFF,0xFF,
    0xFF,0xFF,0xFF,0xFF,0xFF,0xFF,0xFF,0x04,0xC2,0xCC,0xCC,0xCC,0xCC,0xCC,0xCC,0xCC,
    0xCC,0xCC,0xCC,0xCC,0xCC,0x03,0x00,0x00,0xBC,0x50,0x01,0x00,0x00,0x00,0x00,0x00,
    0x00,0x00,0x00,0x00,0x00,0x00,0xE5,0xFF,0xD4,0x5D,0x04,0x00,0x00,0x00,0x00,0x00,
    0x00,0x00,0x00,0x00,0x0D,0x73,0xE5,0xFF,0xDE,0x69,0x08,0x00,0x00,0x00,0x00,0x00,
    0x00,0x00,0x00,0x00,0x06,0x64,0xDB,0xFF,0xE7,0x77,0x0E,0x00,0x00,0x00,0x00,0x00,
    0x00,0x00,0x00,0x00,0x03,0x55,0xCD,0xFF,0xEF,0x83,0x14,0x00,0x00,0x00,0x00,0x00,
    0x00,0x00,0x00,0x00,0x00,0x47,0xC0,0xFF,0xF5,0x91,0x1D,0x00,0x00,0x00,0x00,0x00,
    0x00,0x00,0x00,0x00,0x00,0x38,0xB0,0xFE,0xFA,0x04,0x00,0x00,0x00,0x00,0x00,0x00,
    0x00,0x00,0x00,0x00,0x33,0xCB,0xFF,0x07,0x00,0x00,0x00,0x00,0x00,0x00,0x00,0x00,
    0x40,0xBA,0xFF,0xFA,0x9A,0x01,0x00,0x00,0x00,0x00,0x00,0x02,0x51,0xC8,0xFF,0xF4,
    0x8D,0x1B,0x00,0x00,0x00,0x00,0x00,0x05,0x60,0xD7,0xFF,0xED,0x80,0x12,0x00,0x00,
    0x00,0x00,0x00,0x0B,0x6F,0xE1,0xFF,0xE5,0x73,0x0C,0x00,0x00,0x00,0x00,0x00,0x00,
    0x7B,0xED,0xFF,0xDB,0x64,0x06,0x00,0x00,0x00,0x00,0x00,0x00,0x00,0x00,0xF4,0xD0,
    0x56,0x03,0x00,0x00,0x00,0x00,0x00,0x00,0x00,0x00,0x00,0x00,0x43,0x01,0x00,0x00,
    0x00,0x00,0x00,0x00,0x00,0x00,0x00,0x00,0x00,0x00,0x00,0x00,0x00,0x00,0x00,0x34,
    0x9C,0xDC,0xF9,0xFB,0xE4,0xAF,0x52,0x01,0x00,0x00,0x00,0x02,0x90,0xFF,0xFC,0xBE,
    0x97,0x95,0xB3,0xF3,0xFF,0xB9,0x0D,0x00,0x00,0x87,0xFF,0xC1,0x1F,0x00,0x00,0x00,
    0x00,0x10,0xAE,0xFF,0xA6,0x00,0x1F,0xFB,0xE0,0x0C,0x00,0x00,0x00,0x00,0x00,0x00,
    0x07,0xDE,0xFF,0x21,0x6D,0xFF,0x79,0x00,0x00,0x00,0x00,0x00,0x00,0x00,0x00,0x8D,
    0xFF,0x54,0x92,0xFF,0x4B,0x00,0x00,0x00,0x00,0x00,0x00,0x00,0x00,0x83,0xFF,0x5A,
    0x00,0x00,0x00,0x00,0x00,0x00,0x00,0x00,0x00,0x00,0x00,0xBA,0xFF,0x32,0x00,0x00,
    0x00,0x00,0x00,0x00,0x00,0x00,0x00,0x00,0x4D,0xFF,0xCA,0x00,0x00,0x00,0x00,0x00,
    0x00,0x00,0x00,0x00,0x00,0x47,0xF6,0xEE,0x2A,0x00,0x00,0x00,0x00,0x00,0x00,0x00,
    0x00,0x00,0x69,0xFC,0xE6,0x30,0x00,0x00,0x00,0x00,0x00,0x00,0x00,0x00,0x00,0x6E,
    0xFF,0xCD,0x1B,0x00,0x00,0x00,0x00,0x00,0x00,0x00,0x00,0x00,0x32,0xFC,0xD3,0x0F,
    0x00,0x00,0x00,0x00,0x00,0x00,0x00,0x00,0x00,0x00,0xA6,0xFF,0x3A,0x00,0x00,0x00,
    0x00,0x00,0x00,0x00,0x00,0x00,0x00,0x00,0xDA,0xEA,0x00,0x00,0x00,0x00,0x00,0x00,
    0x00,0x00,0x00,0x00,0x00,0x00,0x9E,0x89,0x00,0x00,0x00,0x00,0x00,0x00,0x00,0x00,
    0x00,0x00,0x00,0x00,0x00,0x00,0x00,0x00,0x00,0x00,0x00,0x00,0x00,0x00,0x00,0x00,
    0x00,0x00,0x00,0x00,0x00,0x00,0x00,0x00,0x00,0x00,0x00,0x00,0x00,0x00,0x00,0x00,
    0x3A,0x36,0x00,0x00,0x00,0x00,0x00,0x00,0x00,0x00,0x00,0x00,0x00,0x66,0xFF,0xFF,
    0x5E,0x00,0x00,0x00,0x00,0x00,0x00,0x00,0x00,0x00,0x00,0x9F,0xFF,0xFF,0x97,0x00,
    0x00,0x00,0x00,0x00,0x00,0x00,0x00,0x00,0x00,0x33,0xE5,0xE2,0x2F,0x00,0x00,0x00,
    0x00,0x00,0x00,0x00,0x00,0x00,0x00,0x00,0x00,0x00,0x00,0x00,0x30,0x80,0xBD,0xE4,
    0xF8,0xFD,0xF1,0xD4,0xA4,0x5F,0x10,0x00,0x00,0x00,0x00,0x00,0x00,0x00,0x00,0x00,
    0x00,0x00,0x00,0x00,0x3E,0xC5,0xFF,0xF3,0xB5,0x88,0x6F,0x6A,0x78,0x9B,0xD2,0xFF,
    0xF5,0x8F,0x12,0x00,0x00,0x00,0x00,0x00,0x00,0x00,0x00,0x00,0x06,0x96,0xFF,0xDC,
    0x5F,0x09,0x00,0x00,0x00,0x00,0x00,0x00,0x00,0x26,0x98,0xFC,0xE9,0x43,0x00,0x00,
    0x00,0x00,0x00,0x00,0x00,0x08,0xBB,0xFF,0x8D,0x07,0x00,0x00,0x00,0x00,0x00,0x00,
    0x00,0x00,0x00,0x00,0x00,0x30,0xDA,0xFB,0x59,0x00,0x00,0x00,0x00,0x00,0x00,0xA9,
    0xFF,0x6E,0x00,0x00,0x00,0x00,0x00,0x00,0x00,0x00,0x00,0x00,0x00,0x00,0x00,0x00,
    0x12,0xCF,0xFB,0x3F,0x00,0x00,0x00,0x00,0x5E,0xFF,0x95,0x00,0x00,0x00,0x00,0x00,
    0x00,0x00,0x00,0x00,0x00,0x00,0x00,0x00,0x00,0x00,0x00,0x1A,0xEA,0xE2,0x0B,0x00,
    0x00,0x08,0xE7,0xE3,0x0A,0x00,0x00,0x00,0x00,0x00,0x49,0x9C,0xC2,0xBF,0x8F,0x23,
    0x00,0x98,0x7F,0x00,0x00,0x00,0x5A,0xFF,0x7E,0x00,0x00,0x5E,0xFF,0x6C,0x00,0x00,
    0x00,0x00,0x0A,0xB1,0xFF,0xF1,0xC4,0xC7,0xF4,0xF6,0x51,0xFF,0xD0,0x00,0x00,0x00,
    0x01,0xD5,0xE9,0x04,0x00,0xB4,0xFC,0x11,0x00,0x00,0x00,0x00,0xA3,0xFF,0x8A,0x08,
    0x00,0x00,0x0B,0x98,0xF5,0xFF,0xD0,0x00,0x00,0x00,0x00,0x77,0xFF,0x44,0x02,0xF1,
    0xC9,0x00,0x00,0x00,0x00,0x2F,0xFF,0xB3,0x00,0x00,0x00,0x00,0x00,0x01,0xC1,0xFF,
    0xD0,0x00,0x00,0x00,0x00,0x32,0xFF,0x82,0x1C,0xFF,0x9C,0x00,0x00,0x00,0x00,0x82,
    0xFF,0x4B,0x00,0x00,0x00,0x00,0x00,0x00,0x57,0xFF,0xD0,0x00,0x00,0x00,0x00,0x07,
    0xFF,0xAA,0x33,0xFF,0x84,0x00,0x00,0x00,0x00,0xAF,0xFF,0x16,0x00,0x00,0x00,0x00,
    0x00,0x00,0x20,0xFF,0xD0,0x00,0x00,0x00,0x00,0x00,0xEF,0xBF,0x3A,0xFF,0x7D,0x00,
    0x00,0x00,0x00,0xBE,0xFF,0x06,0x00,0x00,0x00,0x00,0x00,0x00,0x0E,0xFF,0xD0,0x00,
    0x00,0x00,0x00,0x00,0xEA,0xC7,0x31,0xFF,0x88,0x00,0x00,0x00,0x00,0xB2,0xFF,0x14,
    0x00,0x00,0x00,0x00,0x00,0x00,0x1E,0xFF,0xD0,0x00,0x00,0x00,0x00,0x02,0xF9,0xB9,
    0x16,0xFF,0xA5,0x00,0x00,0x00,0x00,0x88,0xFF,0x45,0x00,0x00,0x00,0x00,0x00,0x00,
    0x53,0xFF,0xD0,0x00,0x00,0x00,0x00,0x27,0xFF,0x98,0x00,0xE7,0xD6,0x00,0x00,0x00,
    0x00,0x3B,0xFF,0xA7,0x00,0x00,0x00,0x00,0x00,0x01,0xBE,0xFF,0xD7,0x00,0x00,0x00,
    0x00,0x7C,0xFF,0x55,0x00,0xA4,0xFF,0x21,0x00,0x00,0x00,0x00,0xBB,0xFF,0x74,0x02,
    0x00,0x00,0x0A,0x96,0xEF,0xC8,0xFC,0x24,0x00,0x00,0x32,0xF2,0xDB,0x06,0x00,0x47,
    0xFF,0x87,0x00,0x00,0x00,0x00,0x16,0xCC,0xFF,0xE3,0xB6,0xBE,0xF1,0xF2,0x44,0x41,
    0xFC,0xF1,0xB2,0xBA,0xFB,0xEC,0x32,0x00,0x00,0x01,0xCE,0xF4,0x1F,0x00,0x00,0x00,
    0x00,0x06,0x62,0xAE,0xCC,0xC2,0x87,0x1C,0x00,0x00,0x39,0xA5,0xCB,0xC0,0x83,0x17,
    0x00,0x00,0x00,0x00,0x39,0xFD,0xC2,0x06,0x00,0x00,0x00,0x00,0x00,0x00,0x00,0x00,
    0x00,0x00,0x00,0x00,0x00,0x00,0x00,0x00,0x00,0x00,0x00,0x00,0x00,0x00,0x00,0x76,
    0xFF,0xAF,0x07,0x00,0x00,0x00,0x00,0x00,0x00,0x00,0x00,0x00,0x00,0x00,0x00,0x00,
    0x00,0x00,0x00,0x00,0x00,0x00,0x00,0x00,0x00,0x00,0x82,0xFF,0xCD,0x2C,0x00,0x00,
    0x00,0x00,0x00,0x00,0x00,0x00,0x00,0x00,0x00,0x00,0x00,0x00,0x00,0x00,0x00,0x00,
    0x00,0x00,0x00,0x00,0x00,0x54,0xEC,0xFD,0xA7,0x43,0x06,0x00,0x00,0x00,0x00,0x00,
    0x0A,0x45,0x99,0x13,0x00,0x00,0x00,0x00,0x00,0x00,0x00,0x00,0x00,0x00,0x00,0x00,
    0x11,0x83,0xE9,0xFF,0xF7,0xCB,0xB1,0xA9,0xB4,0xD1,0xF9,0xFF,0xF0,0x13,0x00,0x00,
    0x00,0x00,0x00,0x00,0x00,0x00,0x00,0x00,0x00,0x00,0x00,0x00,0x04,0x3E,0x7A,0xA1,
    0xB8,0xBE,0xB5,0x9D,0x78,0x41,0x06,0x00,0x00,0x00,0x00,0x00,0x00,0x00,0x00,0x00,
    0x00,0x00,0x00,0x00,0x00,0x00,0x00,0x0C,0xF4,0xFF,0x88,0x00,0x00,0x00,0x00,0x00,
    0x00,0x00,0x00,0x00,0x00,0x00,0x00,0x00,0x00,0x00,0x64,0xFF,0xFF,0xE5,0x03,0x00,
    0x00,0x00,0x00,0x00,0x00,0x00,0x00,0x00,0x00,0x00,0x00,0x00,0x00,0xC4,0xFA,0xA5,
    0xFF,0x48,0x00,0x00,0x00,0x00,0x00,0x00,0x00,0x00,0x00,0x00,0x00,0x00,0x00,0x28,
    0xFF,0xAC,0x2D,0xFF,0xA8,0x00,0x00,0x00,0x00,0x00,0x00,0x00,0x00,0x00,0x00,0x00,
    0x00,0x00,0x88,0xFF,0x46,0x00,0xCB,0xF8,0x10,0x00,0x00,0x00,0x00,0x00,0x00,0x00,
    0x00,0x00,0x00,0x00,0x04,0xE8,0xE0,0x02,0x00,0x67,0xFF,0x68,0x00,0x00,0x00,0x00,
    0x00,0x00,0x00,0x00,0x00,0x00,0x00,0x4C,0xFF,0x7D,0x00,0x00,0x0E,0xF6,0xC7,0x00,
    0x00,0x00,0x00,0x00,0x00,0x00,0x00,0x00,0x00,0x00,0xAE,0xFD,0x1C,0x00,0x00,0x00,
    0xA1,0xFF,0x28,0x00,0x00,0x00,0x00,0x00,0x00,0x00,0x00,0x00,0x15,0xFB,0xB4,0x00,
    0x00,0x00,0x00,0x3E,0xFF,0x87,0x00,0x00,0x00,0x00,0x00,0x00,0x00,0x00,0x00,0x73,
    0xFF,0x4F,0x00,0x00,0x00,0x00,0x01,0xDB,0xE5,0x03,0x00,0x00,0x00,0x00,0x00,0x00,
    0x00,0x00,0xD4,0xE8,0x04,0x00,0x00,0x00,0x00,0x00,0x78,0xFF,0x45,0x00,0x00,0x00,
    0x00,0x00,0x00,0x00,0x35,0xFF,0x86,0x00,0x00,0x00,0x00,0x00,0x00,0x18,0xFC,0xA4,
    0x00,0x00,0x00,0x00,0x00,0x00,0x00,0x98,0xFF,0xCC,0xB8,0xB8,0xB8,0xB8,0xB8,0xB8,
    0xB8,0xF4,0xF6,0x0E,0x00,0x00,0x00,0x00,0x00,0x0A,0xF0,0xFF,0xFF,0xFF,0xFF,0xFF,
    0xFF,0xFF,0xFF,0xFF,0xFF,0xFF,0x64,0x00,0x00,0x00,0x00,0x00,0x5C,0xFF,0x70,0x00,
    0x00,0x00,0x00,0x00,0x00,0x00,0x00,0x05,0xEE,0xC4,0x00,0x00,0x00,0x00,0x00,0xBD,
    0xFE,0x1B,0x00,0x00,0x00,0x00,0x00,0x00,0x00,0x00,0x00,0xA2,0xFF,0x25,0x00,0x00,
    0x00,0x21,0xFE,0xC3,0x00,0x00,0x00,0x00,0x00,0x00,0x00,0x00,0x00,0x00,0x51,0xFF,
    0x84,0x00,0x00,0x00,0x81,0xFF,0x6C,0x00,0x00,0x00,0x00,0x00,0x00,0x00,0x00,0x00,
    0x00,0x09,0xF5,0xE2,0x02,0x00,0x02,0xE2,0xFD,0x18,0x00,0x00,0x00,0x00,0x00,0x00,
    0x00,0x00,0x00,0x00,0x00,0xAD,0xFF,0x44,0x00,0x45,0xFF,0xBE,0x00,0x00,0x00,0x00,
    0x00,0x00,0x00,0x00,0x00,0x00,0x00,0x00,0x5A,0xFF,0xA4,0x00,0xA8,0xFF,0x68,0x00,
    0x00,0x00,0x00,0x00,0x00,0x00,0x00,0x00,0x00,0x00,0x00,0x0F,0xFA,0xF6,0x0E,0x00,
    0x20,0xFF,0xFF,0xFF,0xFF,0xFF,0xFF,0xFF,0xF3,0xD0,0x91,0x2C,0x00,0x00,0x00,0x00,
    0x20,0xFF,0xF8,0xB4,0xB4,0xB4,0xB4,0xB6,0xC5,0xF1,0xFF,0xFE,0x87,0x01,0x00,0x00,
    0x20,0xFF,0xE4,0x00,0x00,0x00,0x00,0x00,0x00,0x04,0x5B,0xF0,0xFF,0x70,0x00,0x00,
    0x20,0xFF,0xE4,0x00,0x00,0x00,0x00,0x00,0x00,0x00,0x00,0x4C,0xFF,0xE6,0x01,0x00,
    0x20,0xFF,0xE4,0x00,0x00,0x00,0x00,0x00,0x00,0x00,0x00,0x01,0xEB,0xFF,0x1B,0x00,
    0x20,0xFF,0xE4,0x00,0x00,0x00,0x00,0x00,0x00,0x00,0x00,0x00,0xD8,0xFF,0x22,0x00,
    0x20,0xFF,0xE4,0x00,0x00,0x00,0x00,0x00,0x00,0x00,0x00,0x08,0xF6,0xF6,0x06,0x00,
    0x20,0xFF,0xE4,0x00,0x00,0x00,0x00,0x00,0x00,0x00,0x00,0x74,0xFF,0x9E,0x00,0x00,
    0x20,0xFF,0xE4,0x00,0x00,0x00,0x00,0x00,0x00,0x0C,0x79,0xFC,0xE5,0x18,0x00,0x00,
    0x20,0xFF,0xF9,0xBC,0xBC,0xBC,0xBC,0xBD,0xCE,0xF8,0xF9,0xAB,0x1E,0x00,0x00,0x00,
    0x20,0xFF,0xFF,0xFF,0xFF,0xFF,0xFF,0xFF,0xFF,0xFF,0xFF,0xD7,0x7B,0x0B,0x00,0x00,
    0x20,0xFF,0xE4,0x00,0x00,0x00,0x00,0x00,0x04,0x19,0x4D,0xAF,0xFF,0xD9,0x1F,0x00,
    0x20,0xFF,0xE4,0x00,0x00,0x00,0x00,0x00,0x00,0x00,0x00,0x00,0x64,0xFF,0xCC,0x02,
    0x20,0xFF,0xE4,0x00,0x00,0x00,0x00,0x00,0x00,0x00,0x00,0x00,0x00,0xBF,0xFF,0x47,
    0x20,0xFF,0xE4,0x00,0x00,0x00,0x00,0x00,0x00,0x00,0x00,0x00,0x00,0x7F,0xFF,0x7D,
    0x20,0xFF,0xE4,0x00,0x00,0x00,0x00,0x00,0x00,0x00,0x00,0x00,0x00,0x7B,0xFF,0x82,
    0x20,0xFF,0xE4,0x00,0x00,0x00,0x00,0x00,0x00,0x00,0x00,0x00,0x00,0xA9,0xFF,0x61,
    0x20,0xFF,0xE4,0x00,0x00,0x00,0x00,0x00,0x00,0x00,0x00,0x00,0x2E,0xF9,0xFA,0x18,
    0x20,0xFF,0xE4,0x00,0x00,0x00,0x00,0x00,0x00,0x00,0x09,0x61,0xED,0xFF,0x86,0x00,
    0x20,0xFF,0xF8,0xB4,0xB4,0xB4,0xB4,0xB4,0xB8,0xD0,0xF8,0xFF,0xFE,0x8D,0x02,0x00,
    0x20,0xFF,0xFF,0xFF,0xFF,0xFF,0xFF,0xFF,0xFC,0xEB,0xC8,0x8C,0x29,0x00,0x00,0x00,
    0x00,0x00,0x00,0x00,0x00,0x02,0x4B,0x9D,0xD3,0xF2,0xFD,0xF6,0xD7,0xA2,0x50,0x03,
    0x00,0x00,0x00,0x00,0x00,0x00,0x00,0x00,0x32,0xD0,0xFF,0xFF,0xDA,0xB1,0xA3,0xAD,
    0xD4,0xFF,0xFF,0xD8,0x3C,0x00,0x00,0x00,0x00,0x00,0x00,0x4F,0xF8,0xFF,0xA0,0x26,
    0x00,0x00,0x00,0x00,0x00,0x1D,0x90,0xFD,0xFB,0x55,0x00,0x00,0x00,0x00,0x34,0xF9,
    0xFE,0x62,0x00,0x00,0x00,0x00,0x00,0x00,0x00,0x00,0x00,0x4B,0xFA,0xF5,0x25,0x00,
    0x00,0x02,0xD2,0xFF,0x7F,0x00,0x00,0x00,0x00,0x00,0x00,0x00,0x00,0x00,0x00,0x00,
    0x80,0xFF,0x9E,0x00,0x00,0x4E,0xFF,0xE2,0x05,0x00,0x00,0x00,0x00,0x00,0x00,0x00,
    0x00,0x00,0x00,0x00,0x15,0xFE,0xEF,0x01,0x00,0xAA,0xFF,0x80,0x00,0x00,0x00,0x00,
    0x00,0x00,0x00,0x00,0x00,0x00,0x00,0x00,0x00,0x6C,0x78,0x0A,0x00,0xED,0xFF,0x36,
    0x00,0x00,0x00,0x00,0x00,0x00,0x00,0x00,0x00,0x00,0x00,0x00,0x00,0x00,0x00,0x00,
    0x1A,0xFF,0xFF,0x09,0x00,0x00,0x00,0x00,0x00,0x00,0x00,0x00,0x00,0x00,0x00,0x00,
    0x00,0x00,0x00,0x00,0x32,0xFF,0xEC,0x00,0x00,0x00,0x00,0x00,0x00,0x00,0x00,0x00,
    0x00,0x00,0x00,0x00,0x00,0x00,0x00,0x00,0x3C,0xFF,0xE2,0x00,0x00,0x00,0x00,0x00,
    0x00,0x00,0x00,0x00,0x00,0x00,0x00,0x00,0x00,0x00,0x00,0x00,0x32,0xFF,0xEB,0x00,
    0x00,0x00,0x00,0x00,0x00,0x00,0x00,0x00,0x00,0x00,0x00,0x00,0x00,0x00,0x00,0x00,
    0x1B,0xFF,0xFE,0x08,0x00,0x00,0x00,0x00,0x00,0x00,0x00,0x00,0x00,0x00,0x00,0x00,
    0x00,0x00,0x00,0x00,0x01,0xEE,0xFF,0x36,0x00,0x00,0x00,0x00,0x00,0x00,0x00,0x00,
    0x00,0x00,0x00,0x00,0x00,0x00,0x00,0x00,0x00,0xAD,0xFF,0x7F,0x00,0x00,0x00,0x00,
    0x00,0x00,0x00,0x00,0x00,0x00,0x00,0x00,0x00,0xC2,0xE8,0x27,0x00,0x51,0xFF,0xE1,
    0x05,0x00,0x00,0x00,0x00,0x00,0x00,0x00,0x00,0x00,0x00,0x00,0x13,0xFD,0xF2,0x05,
    0x00,0x02,0xD3,0xFF,0x7F,0x00,0x00,0x00,0x00,0x00,0x00,0x00,0x00,0x00,0x00,0x00,
    0x7C,0xFF,0x9D,0x00,0x00,0x00,0x35,0xF9,0xFE,0x63,0x00,0x00,0x00,0x00,0x00,0x00,
    0x00,0x00,0x00,0x41,0xF8,0xF4,0x21,0x00,0x00,0x00,0x00,0x53,0xF9,0xFF,0xA5,0x2A,
    0x00,0x00,0x00,0x00,0x00,0x19,0x87,0xFA,0xFA,0x4E,0x00,0x00,0x00,0x00,0x00,0x00,
    0x35,0xD2,0xFF,0xFF,0xE1,0xB9,0xA9,0xB1,0xD4,0xFE,0xFF,0xDA,0x3C,0x00,0x00,0x00,
    0x00,0x00,0x00,0x00,0x00,0x02,0x4B,0x9D,0xD4,0xF3,0xFF,0xF6,0xDB,0xA4,0x52,0x04,
    0x00,0x00,0x00,0x00,0x20,0xFF,0xFF,0xFF,0xFF,0xFF,0xFF,0xFF,0xF7,0xE0,0xB3,0x6E,
    0x16,0x00,0x00,0x00,0x00,0x00,0x20,0xFF,0xF8,0xB4,0xB4,0xB4,0xB4,0xB8,0xC9,0xEC,
    0xFF,0xFF,0xF7,0x87,0x07,0x00,0x00,0x00,0x20,0xFF,0xE4,0x00,0x00,0x00,0x00,0x00,
    0x00,0x00,0x28,0x83,0xF1,0xFF,0xC8,0x11,0x00,0x00,0x20,0xFF,0xE4,0x00,0x00,0x00,
    0x00,0x00,0x00,0x00,0x00,0x00,0x19,0xC6,0xFF,0xC0,0x03,0x00,0x20,0xFF,0xE4,0x00,
    0x00,0x00,0x00,0x00,0x00,0x00,0x00,0x00,0x00,0x10,0xD9,0xFF,0x6C,0x00,0x20,0xFF,
    0xE4,0x00,0x00,0x00,0x00,0x00,0x00,0x00,0x00,0x00,0x00,0x00,0x46,0xFF,0xE5,0x04,
    0x20,0xFF,0xE4,0x00,0x00,0x00,0x00,0x00,0x00,0x00,0x00,0x00,0x00,0x00,0x00,0xD8,
    0xFF,0x45,0x20,0xFF,0xE4,0x00,0x00,0x00,0x00,0x00,0x00,0x00,0x00,0x00,0x00,0x00,
    0x00,0x91,0xFF,0x84,0x20,0xFF,0xE4,0x00,0x00,0x00,0x00,0x00,0x00,0x00,0x00,0x00,
    0x00,0x00,0x00,0x65,0xFF,0xB0,0x20,0xFF,0xE4,0x00,0x00,0x00,0x00,0x00,0x00,0x00,
    0x00,0x00,0x00,0x00,0x00,0x4E,0xFF,0xC6,0x20,0xFF,0xE4,0x00,0x00,0x00,0x00,0x00,
    0x00,0x00,0x00,0x00,0x00,0x00,0x00,0x46,0xFF,0xCE,0x20,0xFF,0xE4,0x00,0x00,0x00,
    0x00,0x00,0x00,0x00,0x00,0x00,0x00,0x00,0x00,0x4E,0xFF,0xC6,0x20,0xFF,0xE4,0x00,
    0x00,0x00,0x00,0x00,0x00,0x00,0x00,0x00,0x00,0x00,0x00,0x65,0xFF,0xB0,0x20,0xFF,
    0xE4,0x00,0x00,0x00,0x00,0x00,0x00,0x00,0x00,0x00,0x00,0x00,0x00,0x91,0xFF,0x85,
    0x20,0xFF,0xE4,0x00,0x00,0x00,0x00,0x00,0x00,0x00,0x00,0x00,0x00,0x00,0x00,0xD8,
    0xFF,0x45,0x20,0xFF,0xE4,0x00,0x00,0x00,0x00,0x00,0x00,0x00,0x00,0x00,0x00,0x00,
    0x46,0xFF,0xE5,0x04,0x20,0xFF,0xE4,0x00,0x00,0x00,0x00,0x00,0x00,0x00,0x00,0x00,
    0x00,0x10,0xD9,0xFF,0x6C,0x00,0x20,0xFF,0xE4,0x00,0x00,0x00,0x00,0x00,0x00,0x00,
    0x00,0x00,0x19,0xC6,0xFF,0xC0,0x03,0x00,0x20,0xFF,0xE4,0x00,0x00,0x00,0x00,0x00,
    0x00,0x00,0x27,0x83,0xF1,0xFF,0xC9,0x11,0x00,0x00,0x20,0xFF,0xF8,0xB4,0xB4,0xB4,
    0xB4,0xB8,0xC9,0xEC,0xFF,0xFF,0xF7,0x87,0x07,0x00,0x00,0x00,0x20,0xFF,0xFF,0xFF,
    0xFF,0xFF,0xFF,0xFF,0xF8,0xE0,0xB3,0x6E,0x16,0x00,0x00,0x00,0x00,0x00,0x00,0x00,
    0x20,0xFF,0xFF,0xFF,0xFF,0xFF,0xFF,0xFF,0xFF,0xFF,0xFF,0xFF,0xFF,0xF0,0x20,0xFF,
    0xF8,0xB4,0xB4,0xB4,0xB4,0xB4,0xB4,0xB4,0xB4,0xB4,0xB4,0xA9,0x20,0xFF,0xE4,0x00,
    0x00,0x00,0x00,0x00,0x00,0x00,0x00,0x00,0x00,0x00,0x20,0xFF,0xE4,0x00,0x00,0x00,
    0x00,0x00,0x00,0x00,0x00,0x00,0x00,0x00,0x20,0xFF,0xE4,0x00,0x00,0x00,0x00,0x00,
    0x00,0x00,0x00,0x00,0x00,0x00,0x20,0xFF,0xE4,0x00,0x00,0x00,0x00,0x00,0x00,0x00,
    0x00,0x00,0x00,0x00,0x20,0xFF,0xE4,0x00,0x00,0x00,0x00,0x00,0x00,0x00,0x00,0x00,
    0x00,0x00,0x20,0xFF,0xE4,0x00,0x00,0x00,0x00,0x00,0x00,0x00,0x00,0x00,0x00,0x00,
    0x20,0xFF,0xE4,0x00,0x00,0x00,0x00,0x00,0x00,0x00,0x00,0x00,0x00,0x00,0x20,0xFF,
    0xF8,0xB4,0xB4,0xB4,0xB4,0xB4,0xB4,0xB4,0xB4,0xB4,0xB4,0x19,0x20,0xFF,0xFF,0xFF,
    0xFF,0xFF,0xFF,0xFF,0xFF,0xFF,0xFF,0xFF,0xFF,0x24,0x20,0xFF,0xE4,0x00,0x00,0x00,
    0x00,0x00,0x00,0x00,0x00,0x00,0x00,0x00,0x20,0xFF,0xE4,0x00,0x00,0x00,0x00,0x00,
    0x00,0x00,0x00,0x00,0x00,0x00,0x20,0xFF,0xE4,0x00,0x00,0x00,0x00,0x00,0x00,0x00,
    0x00,0x00,0x00,0x00,0x20,0xFF,0xE4,0x00,0x00,0x00,0x00,0x00,0x00,0x00,0x00,0x00,
    0x00,0x00,0x20,0xFF,0xE4,0x00,0x00,0x00,0x00,0x00,0x00,0x00,0x00,0x00,0x00,0x00,
    0x20,0xFF,0xE4,0x00,0x00,0x00,0x00,0x00,0x00,0x00,0x00,0x00,0x00,0x00,0x20,0xFF,
    0xE4,0x00,0x00,0x00,0x00,0x00,0x00,0x00,0x00,0x00,0x00,0x00,0x20,0xFF,0xE4,0x00,
    0x00,0x00,0x00,0x00,0x00,0x00,0x00,0x00,0x00,0x00,0x20,0xFF,0xF8,0xB4,0xB4,0xB4,
    0xB4,0xB4,0xB4,0xB4,0xB4,0xB4,0xB4,0xA9,0x20,0xFF,0xFF,0xFF,0xFF,0xFF,0xFF,0xFF,
    0xFF,0xFF,0xFF,0xFF,0xFF,0xF0,0x00,0x00,0x20,0xFF,0xFF,0xFF,0xFF,0xFF,0xFF,0xFF,
    0xFF,0xFF,0xFF,0xFF,0xFF,0xA4,0x20,0xFF,0xF8,0xB4,0xB4,0xB4,0xB4,0xB4,0xB4,0xB4,
    0xB4,0xB4,0xB4,0x73,0x20,0xFF,0xE4,0x00,0x00,0x00,0x00,0x00,0x00,0x00,0x00,0x00,
    0x00,0x00,0x20,0xFF,0xE4,0x00,0x00,0x00,0x00,0x00,0x00,0x00,0x00,0x00,0x00,0x00,
    0x20,0xFF,0xE4,0x00,0x00,0x00,0x00,0x00,0x00,0x00,0x00,0x00,0x00,0x00,0x20,0xFF,
    0xE4,0x00,0x00,0x00,0x00,0x00,0x00,0x00,0x00,0x00,0x00,0x00,0x20,0xFF,0xE4,0x00,
    0x00,0x00,0x00,0x00,0x00,0x00,0x00,0x00,0x00,0x00,0x20,0xFF,0xE4,0x00,0x00,0x00,
    0x00,0x00,0x00,0x00,0x00,0x00,0x00,0x00,0x20,0xFF,0xE4,0x00,0x00,0x00,0x00,0x00,
    0x00,0x00,0x00,0x00,0x00,0x00,0x20,0xFF,0xF8,0xB4,0xB4,0xB4,0xB4,0xB4,0xB4,0xB4,
    0xB4,0xB4,0x76,0x00,0x20,0xFF,0xFF,0xFF,0xFF,0xFF,0xFF,0xFF,0xFF,0xFF,0xFF,0xFF,
    0xA8,0x00,0x20,0xFF,0xE4,0x00,0x00,0x00,0x00,0x00,0x00,0x00,0x00,0x00,0x00,0x00,
    0x20,0xFF,0xE4,0x00,0x00,0x00,0x00,0x00,0x00,0x00,0x00,0x00,0x00,0x00,0x20,0xFF,
    0xE4,0x00,0x00,0x00,0x00,0x00,0x00,0x00,0x00,0x00,0x00,0x00,0x20,0xFF,0xE4,0x00,
    0x00,0x00,0x00,0x00,0x00,0x00,0x00,0x00,0x00,0x00,0x20,0xFF,0xE4,0x00,0x00,0x00,
    0x00,0x00,0x00,0x00,0x00,0x00,0x00,0x00,0x20,0xFF,0xE4,0x00,0x00,0x00,0x00,0x00,
    0x00,0x00,0x00,0x00,0x00,0x00,0x20,0xFF,0xE4,0x00,0x00,0x00,0x00,0x00,0x00,0x00,
    0x00,0x00,0x00,0x00,0x20,0xFF,0xE4,0x00,0x00,0x00,0x00,0x00,0x00,0x00,0x00,0x00,
    0x00,0x00,0x20,0xFF,0xE4,0x00,0x00,0x00,0x00,0x00,0x00,0x00,0x00,0x00,0x00,0x00,
    0x20,0xFF,0xE4,0x00,0x00,0x00,0x00,0x00,0x00,0x00,0x00,0x00,0x00,0x00,0x00,0x00,
    0x00,0x00,0x00,0x00,0x00,0x03,0x4C,0x9F,0xD4,0xF2,0xFE,0xF7,0xDB,0xA7,0x5A,0x06,
    0x00,0x00,0x00,0x00,0x00,0x00,0x00,0x00,0x3A,0xD4,0xFF,0xFF,0xD9,0xB1,0xA3,0xAB,
    0xD1,0xFE,0xFF,0xE1,0x4C,0x00,0x00,0x00,0x00,0x00,0x00,0x58,0xFB,0xFF,0x9C,0x24,
    0x00,0x00,0x00,0x00,0x00,0x1D,0x97,0xFE,0xFF,0x68,0x00,0x00,0x00,0x00,0x3B,0xFB,
    0xFC,0x56,0x00,0x00,0x00,0x00,0x00,0x00,0x00,0x00,0x00,0x55,0xFD,0xFC,0x33,0x00,
    0x00,0x03,0xD7,0xFF,0x6F,0x00,0x00,0x00,0x00,0x00,0x00,0x00,0x00,0x00,0x00,0x00,
    0x87,0xFF,0xB3,0x00,0x00,0x53,0xFF,0xD4,0x02,0x00,0x00,0x00,0x00,0x00,0x00,0x00,
    0x00,0x00,0x00,0x00,0x13,0xFA,0xF9,0x08,0x00,0xAD,0xFF,0x6C,0x00,0x00,0x00,0x00,
    0x00,0x00,0x00,0x00,0x00,0x00,0x00,0x00,0x00,0x50,0x5C,0x0C,0x01,0xEE,0xFF,0x21,
    0x00,0x00,0x00,0x00,0x00,0x00,0x00,0x00,0x00,0x00,0x00,0x00,0x00,0x00,0x00,0x00,
    0x1B,0xFF,0xF0,0x00,0x00,0x00,0x00,0x00,0x00,0x00,0x00,0x00,0x00,0x00,0x00,0x00,
    0x00,0x00,0x00,0x00,0x32,0xFF,0xD4,0x00,0x00,0x00,0x00,0x00,0x00,0x00,0x00,0x00,
    0x00,0x00,0x00,0x00,0x00,0x00,0x00,0x00,0x3C,0xFF,0xCA,0x00,0x00,0x00,0x00,0x00,
    0x00,0x00,0x00,0x5B,0x64,0x64,0x64,0x64,0x64,0x64,0x64,0x49,0x32,0xFF,0xD3,0x00,
    0x00,0x00,0x00,0x00,0x00,0x00,0x00,0xE8,0xFF,0xFF,0xFF,0xFF,0xFF,0xFF,0xFF,0xBC,
    0x1B,0xFF,0xF0,0x00,0x00,0x00,0x00,0x00,0x00,0x00,0x00,0x50,0x58,0x58,0x58,0x58,
    0x58,0x7B,0xFF,0xB5,0x01,0xEF,0xFF,0x21,0x00,0x00,0x00,0x00,0x00,0x00,0x00,0x00,
    0x00,0x00,0x00,0x00,0x00,0x43,0xFF,0xA1,0x00,0xAE,0xFF,0x6B,0x00,0x00,0x00,0x00,
    0x00,0x00,0x00,0x00,0x00,0x00,0x00,0x00,0x00,0x6F,0xFF,0x77,0x00,0x54,0xFF,0xD5,
    0x02,0x00,0x00,0x00,0x00,0x00,0x00,0x00,0x00,0x00,0x00,0x00,0x00,0xBD,0xFF,0x33,
    0x00,0x03,0xD7,0xFF,0x71,0x00,0x00,0x00,0x00,0x00,0x00,0x00,0x00,0x00,0x00,0x00,
    0x3C,0xFF,0xD0,0x00,0x00,0x00,0x3B,0xFB,0xFC,0x5F,0x00,0x00,0x00,0x00,0x00,0x00,
    0x00,0x00,0x00,0x24,0xE3,0xFF,0x45,0x00,0x00,0x00,0x00,0x58,0xFB,0xFF,0xA5,0x30,
    0x00,0x00,0x00,0x00,0x00,0x13,0x74,0xF1,0xFF,0x7A,0x00,0x00,0x00,0x00,0x00,0x00,
    0x3A,0xD5,0xFF,0xFF,0xE8,0xC1,0xB2,0xBA,0xD6,0xFD,0xFF,0xEE,0x5B,0x00,0x00,0x00,
    0x00,0x00,0x00,0x00,0x00,0x03,0x4D,0x9F,0xD4,0xF3,0xFF,0xF9,0xE3,0xB4,0x6B,0x0F,
    0x00,0x00,0x00,0x00,0x20,0xFF,0xE4,0x00,0x00,0x00,0x00,0x00,0x00,0x00,0x00,0x00,
    0x00,0x00,0x00,0xA0,0xFF,0x5C,0x20,0xFF,0xE4,0x00,0x00,0x00,0x00,0x00,0x00,0x00,
    0x00,0x00,0x00,0x00,0x00,0xA0,0xFF,0x5C,0x20,0xFF,0xE4,0x00,0x00,0x00,0x00,0x00,
    0x00,0x00,0x00,0x00,0x00,0x00,0x00,0xA0,0xFF,0x5C,0x20,0xFF,0xE4,0x00,0x00,0x00,
    0x00,0x00,0x00,0x00,0x00,0x00,0x00,0x00,0x00,0xA0,0xFF,0x5C,0x20,0xFF,0xE4,0x00,
    0x00,0x00,0x00,0x00,0x00,0x00,0x00,0x00,0x00,0x00,0x00,0xA0,0xFF,0x5C,0x20,0xFF,
    0xE4,0x00,0x00,0x00,0x00,0x00,0x00,0x00,0x00,0x00,0x00,0x00,0x00,0xA0,0xFF,0x5C,
    0x20,0xFF,0xE4,0x00,0x00,0x00,0x00,0x00,0x00,0x00,0x00,0x00,0x00,0x00,0x00,0xA0,
    0xFF,0x5C,0x20,0xFF,0xE4,0x00,0x00,0x00,0x00,0x00,0x00,0x00,0x00,0x00,0x00,0x00,
    0x00,0xA0,0xFF,0x5C,0x20,0xFF,0xE4,0x00,0x00,0x00,0x00,0x00,0x00,0x00,0x00,0x00,
    0x00,0x00,0x00,0xA0,0xFF,0x5C,0x20,0xFF,0xF9,0xBC,0xBC,0xBC,0xBC,0xBC,0xBC,0xBC,
    0xBC,0xBC,0xBC,0xBC,0xBC,0xE7,0xFF,0x5C,0x20,0xFF,0xFF,0xFF,0xFF,0xFF,0xFF,0xFF,
    0xFF,0xFF,0xFF,0xFF,0xFF,0xFF,0xFF,0xFF,0xFF,0x5C,0x20,0xFF,0xE4,0x00,0x00,0x00,
    0x00,0x00,0x00,0x00,0x00,0x00,0x00,0x00,0x00,0xA0,0xFF,0x5C,0x20,0xFF,0xE4,0x00,
    0x00,0x00,0x00,0x00,0x00,0x00,0x00,0x00,0x00,0x00,0x00,0xA0,0xFF,0x5C,0x20,0xFF,
    0xE4,0x00,0x00,0x00,0x00,0x00,0x00,0x00,0x00,0x00,0x00,0x00,0x00,0xA0,0xFF,0x5C,
    0x20,0xFF,0xE4,0x00,0x00,0x00,0x00,0x00,0x00,0x00,0x00,0x00,0x00,0x00,0x00,0xA0,
    0xFF,0x5C,0x20,0xFF,0xE4,0x00,0x00,0x00,0x00,0x00,0x00,0x00,0x00,0x00,0x00,0x00,
    0x00,0xA0,0xFF,0x5C,0x20,0xFF,0xE4,0x00,0x00,0x00,0x00,0x00,0x00,0x00,0x00,0x00,
    0x00,0x00,0x00,0xA0,0xFF,0x5C,0x20,0xFF,0xE4,0x00,0x00,0x00,0x00,0x00,0x00,0x00,
    0x00,0x00,0x00,0x00,0x00,0xA0,0xFF,0x5C,0x20,0xFF,0xE4,0x00,0x00,0x00,0x00,0x00,
    0x00,0x00,0x00,0x00,0x00,0x00,0x00,0xA0,0xFF,0x5C,0x20,0xFF,0xE4,0x00,0x00,0x00,
    0x00,0x00,0x00,0x00,0x00,0x00,0x00,0x00,0x00,0xA0,0xFF,0x5C,0x20,0xFF,0xE4,0x00,
    0x00,0x00,0x00,0x00,0x00,0x00,0x00,0x00,0x00,0x00,0x00,0xA0,0xFF,0x5C,0x00,0x00,
    0x20,0xFF,0xE4,0x20,0xFF,0xE4,0x20,0xFF,0xE4,0x20,0xFF,0xE4,0x20,0xFF,0xE4,0x20,
    0xFF,0xE4,0x20,0xFF,0xE4,0x20,0xFF,0xE4,0x20,0xFF,0xE4,0x20,0xFF,0xE4,0x20,0xFF,
    0xE4,0x20,0xFF,0xE4,0x20,0xFF,0xE4,0x20,0xFF,0xE4,0x20,0xFF,0xE4,0x20,0xFF,0xE4,
    0x20,0xFF,0xE4,0x20,0xFF,0xE4,0x20,0xFF,0xE4,0x20,0xFF,0xE4,0x20,0xFF,0xE4,0x00,
    0x00,0x00,0x00,0x00,0x00,0x98,0xFF,0x6C,0x00,0x00,0x00,0x00,0x00,0x98,0xFF,0x6C,
    0x00,0x00,0x00,0x00,0x00,0x98,0xFF,0x6C,0x00,0x00,0x00,0x00,0x00,0x98,0xFF,0x6C,
    0x00,0x00,0x00,0x00,0x00,0x98,0xFF,0x6C,0x00,0x00,0x00,0x00,0x00,0x98,0xFF,0x6C,
    0x00,0x00,0x00,0x00,0x00,0x98,0xFF,0x6C,0x00,0x00,0x00,0x00,0x00,0x98,0xFF,0x6C,
    0x00,0x00,0x00,0x00,0x00,0x98,0xFF,0x6C,0x00,0x00,0x00,0x00,0x00,0x98,0xFF,0x6C,
    0x00,0x00,0x00,0x00,0x00,0x98,0xFF,0x6C,0x00,0x00,0x00,0x00,0x00,0x98,0xFF,0x6C,
    0x00,0x00,0x00,0x00,0x00,0x98,0xFF,0x6C,0x00,0x00,0x00,0x00,0x00,0x98,0xFF,0x6C,
    0x00,0x00,0x00,0x00,0x00,0x98,0xFF,0x6C,0x00,0x00,0x00,0x00,0x00,0x9D,0xFF,0x68,
    0x00,0x00,0x00,0x00,0x00,0xB7,0xFF,0x54,0x00,0x00,0x00,0x00,0x0C,0xF3,0xFF,0x26,
    0x00,0x00,0x00,0x0D,0xA5,0xFF,0xCE,0x00,0x4E,0xB9,0xCA,0xF7,0xFF,0xF1,0x33,0x00,
    0x6C,0xFF,0xF6,0xD6,0x93,0x21,0x00,0x00,0x20,0xFF,0xE4,0x00,0x00,0x00,0x00,0x00,
    0x00,0x00,0x00,0x61,0xFF,0xE5,0x21,0x00,0x20,0xFF,0xE4,0x00,0x00,0x00,0x00,0x00,
    0x00,0x00,0x4C,0xFC,0xED,0x2B,0x00,0x00,0x20,0xFF,0xE4,0x00,0x00,0x00,0x00,0x00,
    0x00,0x3A,0xF6,0xF4,0x37,0x00,0x00,0x00,0x20,0xFF,0xE4,0x00,0x00,0x00,0x00,0x00,
    0x2A,0xED,0xF9,0x45,0x00,0x00,0x00,0x00,0x20,0xFF,0xE4,0x00,0x00,0x00,0x00,0x1D,
    0xE3,0xFD,0x52,0x00,0x00,0x00,0x00,0x00,0x20,0xFF,0xE4,0x00,0x00,0x00,0x12,0xD5,
    0xFF,0x62,0x00,0x00,0x00,0x00,0x00,0x00,0x20,0xFF,0xE4,0x00,0x00,0x0A,0xC6,0xFF,
    0x75,0x00,0x00,0x00,0x00,0x00,0x00,0x00,0x20,0xFF,0xE4,0x00,0x04,0xB4,0xFF,0x86,
    0x00,0x00,0x00,0x00,0x00,0x00,0x00,0x00,0x20,0xFF,0xE4,0x01,0x9E,0xFF,0x99,0x01,
    0x00,0x00,0x00,0x00,0x00,0x00,0x00,0x00,0x20,0xFF,0xE4,0x87,0xFF,0xAB,0x03,0x00,
    0x00,0x00,0x00,0x00,0x00,0x00,0x00,0x00,0x20,0xFF,0xE9,0xCA,0xFF,0xBF,0x07,0x00,
    0x00,0x00,0x00,0x00,0x00,0x00,0x00,0x00,0x20,0xFF,0xE4,0x16,0xDA,0xFF,0xAD,0x03,
    0x00,0x00,0x00,0x00,0x00,0x00,0x00,0x00,0x20,0xFF,0xE4,0x00,0x20,0xE6,0xFF,0x97,
    0x00,0x00,0x00,0x00,0x00,0x00,0x00,0x00,0x20,0xFF,0xE4,0x00,0x00,0x2F,0xF0,0xFF,
    0x80,0x00,0x00,0x00,0x00,0x00,0x00,0x00,0x20,0xFF,0xE4,0x00,0x00,0x00,0x3E,0xF8,
    0xFF,0x6A,0x00,0x00,0x00,0x00,0x00,0x00,0x20,0xFF,0xE4,0x00,0x00,0x00,0x00,0x51,
    0xFD,0xFD,0x53,0x00,0x00,0x00,0x00,0x00,0x20,0xFF,0xE4,0x00,0x00,0x00,0x00,0x00,
    0x65,0xFF,0xF9,0x42,0x00,0x00,0x00,0x00,0x20,0xFF,0xE4,0x00,0x00,0x00,0x00,0x00,
    0x00,0x7D,0xFF,0xF1,0x31,0x00,0x00,0x00,0x20,0xFF,0xE4,0x00,0x00,0x00,0x00,0x00,
    0x00,0x00,0x95,0xFF,0xE8,0x22,0x00,0x00,0x20,0xFF,0xE4,0x00,0x00,0x00,0x00,0x00,
    0x00,0x00,0x02,0xAA,0xFF,0xDD,0x16,0x00,0x20,0xFF,0xE4,0x00,0x00,0x00,0x00,0x00,
    0x00,0x00,0x00,0x07,0xBD,0xFF,0xCE,0x0E,0x20,0xFF,0xE4,0x00,0x00,0x00,0x00,0x00,
    0x00,0x00,0x00,0x00,0x00,0x00,0x20,0xFF,0xE4,0x00,0x00,0x00,0x00,0x00,0x00,0x00,
    0x00,0x00,0x00,0x00,0x20,0xFF,0xE4,0x00,0x00,0x00,0x00,0x00,0x00,0x00,0x00,0x00,
    0x00,0x00,0x20,0xFF,0xE4,0x00,0x00,0x00,0x00,0x00,0x00,0x00,0x00,0x00,0x00,0x00,
    0x20,0xFF,0xE4,0x00,0x00,0x00,0x00,0x00,0x00,0x00,0x00,0x00,0x00,0x00,0x20,0xFF,
    0xE4,0x00,0x00,0x00,0x00,0x00,0x00,0x00,0x00,0x00,0x00,0x00,0x20,0xFF,0xE4,0x00,
    0x00,0x00,0x00,0x00,0x00,0x00,0x00,0x00,0x00,0x00,0x20,0xFF,0xE4,0x00,0x00,0x00,
    0x00,0x00,0x00,0x00,0x00,0x00,0x00,0x00,0x20,0xFF,0xE4,0x00,0x00,0x00,0x00,0x00,
    0x00,0x00,0x00,0x00,0x00,0x00,0x20,0xFF,0xE4,0x00,0x00,0x00,0x00,0x00,0x00,0x00,
    0x00,0x00,0x00,0x00,0x20,0xFF,0xE4,0x00,0x00,0x00,0x00,0x00,0x00,0x00,0x00,0x00,
    0x00,0x00,0x20,0xFF,0xE4,0x00,0x00,0x00,0x00,0x00,0x00,0x00,0x00,0x00,0x00,0x00,
    0x20,0xFF,0xE4,0x00,0x00,0x00,0x00,0x00,0x00,0x00,0x00,0x00,0x00,0x00,0x20,0xFF,
    0xE4,0x00,0x00,0x00,0x00,0x00,0x00,0x00,0x00,0x00,0x00,0x00,0x20,0xFF,0xE4,0x00,
    0x00,0x00,0x00,0x00,0x00,0x00,0x00,0x00,0x00,0x00,0x20,0xFF,0xE4,0x00,0x00,0x00,
    0x00,0x00,0x00,0x00,0x00,0x00,0x00,0x00,0x20,0xFF,0xE4,0x00,0x00,0x00,0x00,0x00,
    0x00,0x00,0x00,0x00,0x00,0x00,0x20,0xFF,0xE4,0x00,0x00,0x00,0x00,0x00,0x00,0x00,
    0x00,0x00,0x00,0x00,0x20,0xFF,0xE4,0x00,0x00,0x00,0x00,0x00,0x00,0x00,0x00,0x00,
    0x00,0x00,0x20,0xFF,0xF8,0xB4,0xB4,0xB4,0xB4,0xB4,0xB4,0xB4,0xB4,0xB4,0xB4,0x25,
    0x20,0xFF,0xFF,0xFF,0xFF,0xFF,0xFF,0xFF,0xFF,0xFF,0xFF,0xFF,0xFF,0x34,0x00,0x00,
    0x20,0xFF,0xFF,0x44,0x00,0x00,0x00,0x00,0x00,0x00,0x00,0x00,0x00,0x00,0x00,0x00,
    0x00,0x80,0xFF,0xE4,0x20,0xFF,0xFF,0xDE,0x0A,0x00,0x00,0x00,0x00,0x00,0x00,0x00,
    0x00,0x00,0x00,0x00,0x25,0xF9,0xFF,0xE4,0x20,0xFF,0xFF,0xFF,0x88,0x00,0x00,0x00,
    0x00,0x00,0x00,0x00,0x00,0x00,0x00,0x00,0xBB,0xFF,0xFF,0xE4,0x20,0xFF,0xDB,0xD7,
    0xFB,0x30,0x00,0x00,0x00,0x00,0x00,0x00,0x00,0x00,0x00,0x59,0xFF,0xB8,0xFF,0xE4,
    0x20,0xFF,0xD4,0x3E,0xFF,0xCA,0x03,0x00,0x00,0x00,0x00,0x00,0x00,0x00,0x10,0xE8,
    0xEC,0x2C,0xFF,0xE4,0x20,0xFF,0xD4,0x00,0x9D,0xFF,0x6F,0x00,0x00,0x00,0x00,0x00,
    0x00,0x00,0x95,0xFF,0x63,0x18,0xFF,0xE4,0x20,0xFF,0xD4,0x00,0x12,0xEA,0xF3,0x1D,
    0x00,0x00,0x00,0x00,0x00,0x36,0xFE,0xC4,0x01,0x18,0xFF,0xE4,0x20,0xFF,0xD4,0x00,
    0x00,0x5C,0xFF,0xB2,0x00,0x00,0x00,0x00,0x03,0xCF,0xFB,0x2C,0x00,0x18,0xFF,0xE4,
    0x20,0xFF,0xD4,0x00,0x00,0x00,0xBB,0xFF,0x54,0x00,0x00,0x00,0x70,0xFF,0x88,0x00,
    0x00,0x18,0xFF,0xE4,0x20,0xFF,0xD4,0x00,0x00,0x00,0x24,0xF7,0xE8,0x10,0x00,0x1D,
    0xF3,0xDE,0x0A,0x00,0x00,0x18,0xFF,0xE4,0x20,0xFF,0xD4,0x00,0x00,0x00,0x00,0x7A,
    0xFF,0x98,0x00,0xAC,0xFF,0x4A,0x00,0x00,0x00,0x18,0xFF,0xE4,0x20,0xFF,0xD4,0x00,
    0x00,0x00,0x00,0x05,0xD3,0xFE,0x87,0xFF,0xAC,0x00,0x00,0x00,0x00,0x18,0xFF,0xE4,
    0x20,0xFF,0xD4,0x00,0x00,0x00,0x00,0x00,0x3A,0xFE,0xFF,0xF3,0x1C,0x00,0x00,0x00,
    0x00,0x18,0xFF,0xE4,0x20,0xFF,0xD4,0x00,0x00,0x00,0x00,0x00,0x00,0x98,0xFF,0x70,
    0x00,0x00,0x00,0x00,0x00,0x18,0xFF,0xE4,0x20,0xFF,0xD4,0x00,0x00,0x00,0x00,0x00,
    0x00,0x00,0x00,0x00,0x00,0x00,0x00,0x00,0x00,0x18,0xFF,0xE4,0x20,0xFF,0xD4,0x00,
    0x00,0x00,0x00,0x00,0x00,0x00,0x00,0x00,0x00,0x00,0x00,0x00,0x00,0x18,0xFF,0xE4,
    0x20,0xFF,0xD4,0x00,0x00,0x00,0x00,0x00,0x00,0x00,0x00,0x00,0x00,0x00,0x00,0x00,
    0x00,0x18,0xFF,0xE4,0x20,0xFF,0xD4,0x00,0x00,0x00,0x00,0x00,0x00,0x00,0x00,0x00,
    0x00,0x00,0x00,0x00,0x00,0x18,0xFF,0xE4,0x20,0xFF,0xD4,0x00,0x00,0x00,0x00,0x00,
    0x00,0x00,0x00,0x00,0x00,0x00,0x00,0x00,0x00,0x18,0xFF,0xE4,0x20,0xFF,0xD4,0x00,
    0x00,0x00,0x00,0x00,0x00,0x00,0x00,0x00,0x00,0x00,0x00,0x00,0x00,0x18,0xFF,0xE4,
    0x20,0xFF,0xD4,0x00,0x00,0x00,0x00,0x00,0x00,0x00,0x00,0x00,0x00,0x00,0x00,0x00,
    0x00,0x18,0xFF,0xE4,0x20,0xFF,0xFF,0x61,0x00,0x00,0x00,0x00,0x00,0x00,0x00,0x00,
    0x00,0x00,0x00,0x80,0xFF,0x6C,0x20,0xFF,0xFF,0xF2,0x20,0x00,0x00,0x00,0x00,0x00,
    0x00,0x00,0x00,0x00,0x00,0x80,0xFF,0x6C,0x20,0xFF,0xFF,0xFF,0xC1,0x02,0x00,0x00,
    0x00,0x00,0x00,0x00,0x00,0x00,0x00,0x80,0xFF,0x6C,0x20,0xFF,0xD4,0xD6,0xFF,0x75,
    0x00,0x00,0x00,0x00,0x00,0x00,0x00,0x00,0x00,0x80,0xFF,0x6C,0x20,0xFF,0xCC,0x33,
    0xFA,0xF9,0x2D,0x00,0x00,0x00,0x00,0x00,0x00,0x00,0x00,0x80,0xFF,0x6C,0x20,0xFF,
    0xCC,0x00,0x7A,0xFF,0xD2,0x07,0x00,0x00,0x00,0x00,0x00,0x00,0x00,0x80,0xFF,0x6C,
    0x20,0xFF,0xCC,0x00,0x03,0xC5,0xFF,0x89,0x00,0x00,0x00,0x00,0x00,0x00,0x00,0x80,
    0xFF,0x6C,0x20,0xFF,0xCC,0x00,0x00,0x23,0xF4,0xFE,0x3D,0x00,0x00,0x00,0x00,0x00,
    0x00,0x80,0xFF,0x6C,0x20,0xFF,0xCC,0x00,0x00,0x00,0x66,0xFF,0xDF,0x0E,0x00,0x00,
    0x00,0x00,0x00,0x80,0xFF,0x6C,0x20,0xFF,0xCC,0x00,0x00,0x00,0x00,0xB3,0xFF,0x9E,
    0x00,0x00,0x00,0x00,0x00,0x80,0xFF,0x6C,0x20,0xFF,0xCC,0x00,0x00,0x00,0x00,0x17,
    0xEB,0xFF,0x50,0x00,0x00,0x00,0x00,0x80,0xFF,0x6C,0x20,0xFF,0xCC,0x00,0x00,0x00,
    0x00,0x00,0x52,0xFF,0xEA,0x17,0x00,0x00,0x00,0x80,0xFF,0x6C,0x20,0xFF,0xCC,0x00,
    0x00,0x00,0x00,0x00,0x00,0x9E,0xFF,0xB2,0x00,0x00,0x00,0x80,0xFF,0x6C,0x20,0xFF,
    0xCC,0x00,0x00,0x00,0x00,0x00,0x00,0x0E,0xE0,0xFF,0x65,0x00,0x00,0x80,0xFF,0x6C,
    0x20,0xFF,0xCC,0x00,0x00,0x00,0x00,0x00,0x00,0x00,0x3D,0xFE,0xF4,0x22,0x00,0x80,
    0xFF,0x6C,0x20,0xFF,0xCC,0x00,0x00,0x00,0x00,0x00,0x00,0x00,0x00,0x89,0xFF,0xC4,
    0x03,0x80,0xFF,0x6C,0x20,0xFF,0xCC,0x00,0x00,0x00,0x00,0x00,0x00,0x00,0x00,0x07,
    0xD1,0xFF,0x79,0x80,0xFF,0x6C,0x20,0xFF,0xCC,0x00,0x00,0x00,0x00,0x00,0x00,0x00,
    0x00,0x00,0x2D,0xF9,0xFA,0xB0,0xFF,0x6C,0x20,0xFF,0xCC,0x00,0x00,0x00,0x00,0x00,
    0x00,0x00,0x00,0x00,0x00,0x74,0xFF,0xFF,0xFF,0x6C,0x20,0xFF,0xCC,0x00,0x00,0x00,
    0x00,0x00,0x00,0x00,0x00,0x00,0x00,0x02,0xC0,0xFF,0xFF,0x6C,0x20,0xFF,0xCC,0x00,
    0x00,0x00,0x00,0x00,0x00,0x00,0x00,0x00,0x00,0x00,0x20,0xF2,0xFF,0x6C,0x00,0x00,
    0x00,0x00,0x00,0x00,0x00,0x02,0x4B,0x9D,0xD3,0xF2,0xFE,0xF9,0xE1,0xB3,0x6B,0x10,
    0x00,0x00,0x00,0x00,0x00,0x00,0x00,0x00,0x00,0x32,0xD0,0xFF,0xFF,0xDB,0xB1,0xA2,
    0xA9,0xC9,0xF9,0xFF,0xF1,0x6A,0x00,0x00,0x00,0x00,0x00,0x00,0x00,0x4F,0xF8,0xFF,
    0xA2,0x26,0x00,0x00,0x00,0x00,0x00,0x0E,0x70,0xF1,0xFF,0x9C,0x02,0x00,0x00,0x00,
    0x00,0x34,0xF9,0xFE,0x63,0x00,0x00,0x00,0x00,0x00,0x00,0x00,0x00,0x00,0x26,0xE3,
    0xFF,0x81,0x00,0x00,0x00,0x02,0xD2,0xFF,0x82,0x00,0x00,0x00,0x00,0x00,0x00,0x00,
    0x00,0x00,0x00,0x00,0x2E,0xFA,0xFC,0x2B,0x00,0x00,0x4E,0xFF,0xE4,0x06,0x00,0x00,
    0x00,0x00,0x00,0x00,0x00,0x00,0x00,0x00,0x00,0x00,0x91,0xFF,0xA1,0x00,0x00,0xAA,
    0xFF,0x81,0x00,0x00,0x00,0x00,0x00,0x00,0x00,0x00,0x00,0x00,0x00,0x00,0x00,0x27,
    0xFF,0xF5,0x09,0x00,0xED,0xFF,0x37,0x00,0x00,0x00,0x00,0x00,0x00,0x00,0x00,0x00,
    0x00,0x00,0x00,0x00,0x00,0xDD,0xFF,0x41,0x1A,0xFF,0xFF,0x09,0x00,0x00,0x00,0x00,
    0x00,0x00,0x00,0x00,0x00,0x00,0x00,0x00,0x00,0x00,0xAC,0xFF,0x6C,0x32,0xFF,0xEC,
    0x00,0x00,0x00,0x00,0x00,0x00,0x00,0x00,0x00,0x00,0x00,0x00,0x00,0x00,0x00,0x90,
    0xFF,0x86,0x3C,0xFF,0xE2,0x00,0x00,0x00,0x00,0x00,0x00,0x00,0x00,0x00,0x00,0x00,
    0x00,0x00,0x00,0x00,0x86,0xFF,0x8E,0x32,0xFF,0xEB,0x00,0x00,0x00,0x00,0x00,0x00,
    0x00,0x00,0x00,0x00,0x00,0x00,0x00,0x00,0x00,0x90,0xFF,0x86,0x1B,0xFF,0xFE,0x09,
    0x00,0x00,0x00,0x00,0x00,0x00,0x00,0x00,0x00,0x00,0x00,0x00,0x00,0x00,0xAC,0xFF,
    0x6F,0x01,0xEE,0xFF,0x36,0x00,0x00,0x00,0x00,0x00,0x00,0x00,0x00,0x00,0x00,0x00,
    0x00,0x00,0x00,0xDC,0xFF,0x41,0x00,0xAD,0xFF,0x80,0x00,0x00,0x00,0x00,0x00,0x00,
    0x00,0x00,0x00,0x00,0x00,0x00,0x00,0x26,0xFF,0xF6,0x09,0x00,0x51,0xFF,0xE2,0x05,
    0x00,0x00,0x00,0x00,0x00,0x00,0x00,0x00,0x00,0x00,0x00,0x00,0x8F,0xFF,0xA5,0x00,
    0x00,0x02,0xD3,0xFF,0x7F,0x00,0x00,0x00,0x00,0x00,0x00,0x00,0x00,0x00,0x00,0x00,
    0x2D,0xF9,0xFC,0x2C,0x00,0x00,0x00,0x35,0xF9,0xFE,0x62,0x00,0x00,0x00,0x00,0x00,
    0x00,0x00,0x00,0x00,0x24,0xE1,0xFF,0x83,0x00,0x00,0x00,0x00,0x00,0x53,0xF9,0xFF,
    0xA0,0x26,0x00,0x00,0x00,0x00,0x00,0x0D,0x6E,0xF1,0xFF,0xA0,0x02,0x00,0x00,0x00,
    0x00,0x00,0x00,0x35,0xD2,0xFF,0xFF,0xD9,0xB1,0xA2,0xA9,0xC8,0xF8,0xFF,0xF1,0x6C,
    0x01,0x00,0x00,0x00,0x00,0x00,0x00,0x00,0x00,0x02,0x4B,0x9D,0xD4,0xF3,0xFF,0xF9,
    0xE1,0xB3,0x6C,0x11,0x00,0x00,0x00,0x00,0x00,0x00,0x00,0x00,0x20,0xFF,0xFF,0xFF,
    0xFF,0xFF,0xFF,0xFF,0xFB,0xE2,0xA7,0x42,0x00,0x00,0x00,0x20,0xFF,0xF8,0xB4,0xB4,
    0xB4,0xB4,0xB4,0xBB,0xE1,0xFF,0xFF,0xA4,0x06,0x00,0x20,0xFF,0xE4,0x00,0x00,0x00,
    0x00,0x00,0x00,0x00,0x3B,0xD5,0xFF,0x9B,0x00,0x20,0xFF,0xE4,0x00,0x00,0x00,0x00,
    0x00,0x00,0x00,0x00,0x15,0xEC,0xFF,0x2E,0x20,0xFF,0xE4,0x00,0x00,0x00,0x00,0x00,
    0x00,0x00,0x00,0x00,0x89,0xFF,0x82,0x20,0xFF,0xE4,0x00,0x00,0x00,0x00,0x00,0x00,
    0x00,0x00,0x00,0x5A,0xFF,0xA9,0x20,0xFF,0xE4,0x00,0x00,0x00,0x00,0x00,0x00,0x00,
    0x00,0x00,0x55,0xFF,0xAE,0x20,0xFF,0xE4,0x00,0x00,0x00,0x00,0x00,0x00,0x00,0x00,
    0x00,0x7E,0xFF,0x8E,0x20,0xFF,0xE4,0x00,0x00,0x00,0x00,0x00,0x00,0x00,0x00,0x10,
    0xE2,0xFF,0x40,0x20,0xFF,0xE4,0x00,0x00,0x00,0x00,0x00,0x00,0x00,0x3A,0xCF,0xFF,
    0xB2,0x00,0x20,0xFF,0xF9,0xBC,0xBC,0xBC,0xBC,0xBC,0xC2,0xE5,0xFF,0xFF,0xB5,0x0B,
    0x00,0x20,0xFF,0xFF,0xFF,0xFF,0xFF,0xFF,0xFF,0xFC,0xE4,0xAC,0x4B,0x00,0x00,0x00,
    0x20,0xFF,0xE4,0x00,0x00,0x00,0x00,0x00,0x00,0x00,0x00,0x00,0x00,0x00,0x00,0x20,
    0xFF,0xE4,0x00,0x00,0x00,0x00,0x00,0x00,0x00,0x00,0x00,0x00,0x00,0x00,0x20,0xFF,
    0xE4,0x00,0x00,0x00,0x00,0x00,0x00,0x00,0x00,0x00,0x00,0x00,0x00,0x20,0xFF,0xE4,
    0x00,0x00,0x00,0x00,0x00,0x00,0x00,0x00,0x00,0x00,0x00,0x00,0x20,0xFF,0xE4,0x00,
    0x00,0x00,0x00,0x00,0x00,0x00,0x00,0x00,0x00,0x00,0x00,0x20,0xFF,0xE4,0x00,0x00,
    0x00,0x00,0x00,0x00,0x00,0x00,0x00,0x00,0x00,0x00,0x20,0xFF,0xE4,0x00,0x00,0x00,
    0x00,0x00,0x00,0x00,0x00,0x00,0x00,0x00,0x00,0x20,0xFF,0xE4,0x00,0x00,0x00,0x00,
    0x00,0x00,0x00,0x00,0x00,0x00,0x00,0x00,0x20,0xFF,0xE4,0x00,0x00,0x00,0x00,0x00,
    0x00,0x00,0x00,0x00,0x00,0x00,0x00,0x00,0x00,0x00,0x00,0x00,0x00,0x02,0x4B,0x9D,
    0xD3,0xF2,0xFE,0xF9,0xE1,0xB3,0x6B,0x10,0x00,0x00,0x00,0x00,0x00,0x00,0x00,0x00,
    0x00,0x32,0xD0,0xFF,0xFF,0xDB,0xB1,0xA2,0xA9,0xC9,0xF9,0xFF,0xF1,0x6A,0x00,0x00,
    0x00,0x00,0x00,0x00,0x00,0x4F,0xF8,0xFF,0xA2,0x26,0x00,0x00,0x00,0x00,0x00,0x0E,
    0x70,0xF1,0xFF,0x9C,0x02,0x00,0x00,0x00,0x00,0x34,0xF9,0xFE,0x63,0x00,0x00,0x00,
    0x00,0x00,0x00,0x00,0x00,0x00,0x26,0xE3,0xFF,0x81,0x00,0x00,0x00,0x02,0xD2,0xFF,
    0x82,0x00,0x00,0x00,0x00,0x00,0x00,0x00,0x00,0x00,0x00,0x00,0x2E,0xFA,0xFC,0x2B,
    0x00,0x00,0x4E,0xFF,0xE4,0x06,0x00,0x00,0x00,0x00,0x00,0x00,0x00,0x00,0x00,0x00,
    0x00,0x00,0x91,0xFF,0xA1,0x00,0x00,0xAA,0xFF,0x81,0x00,0x00,0x00,0x00,0x00,0x00,
    0x00,0x00,0x00,0x00,0x00,0x00,0x00,0x27,0xFF,0xF5,0x09,0x00,0xED,0xFF,0x37,0x00,
    0x00,0x00,0x00,0x00,0x00,0x00,0x00,0x00,0x00,0x00,0x00,0x00,0x00,0xDD,0xFF,0x41,
    0x1A,0xFF,0xFF,0x09,0x00,0x00,0x00,0x00,0x00,0x00,0x00,0x00,0x00,0x00,0x00,0x00,
    0x00,0x00,0xAC,0xFF,0x6C,0x32,0xFF,0xEC,0x00,0x00,0x00,0x00,0x00,0x00,0x00,0x00,
    0x00,0x00,0x00,0x00,0x00,0x00,0x00,0x90,0xFF,0x86,0x3C,0xFF,0xE2,0x00,0x00,0x00,
    0x00,0x00,0x00,0x00,0x00,0x00,0x00,0x00,0x00,0x00,0x00,0x00,0x86,0xFF,0x8E,0x32,
    0xFF,0xEB,0x00,0x00,0x00,0x00,0x00,0x00,0x00,0x00,0x00,0x00,0x00,0x00,0x00,0x00,
    0x00,0x90,0xFF,0x86,0x1B,0xFF,0xFE,0x09,0x00,0x00,0x00,0x00,0x00,0x00,0x00,0x00,
    0x00,0x00,0x00,0x00,0x00,0x00,0xAC,0xFF,0x6F,0x01,0xEE,0xFF,0x36,0x00,0x00,0x00,
    0x00,0x00,0x00,0x00,0x00,0x00,0x00,0x00,0x00,0x00,0x00,0xDC,0xFF,0x41,0x00,0xAD,
    0xFF,0x80,0x00,0x00,0x00,0x00,0x00,0x00,0x00,0x00,0x00,0x00,0x00,0x00,0x00,0x26,
    0xFF,0xF6,0x09,0x00,0x51,0xFF,0xE2,0x05,0x00,0x00,0x00,0x00,0x00,0x00,0x00,0x00,
    0x00,0x00,0x00,0x00,0x8F,0xFF,0xA5,0x00,0x00,0x02,0xD3,0xFF,0x7F,0x00,0x00,0x00,
    0x00,0x00,0x00,0x00,0x00,0x00,0x00,0x00,0x2D,0xF9,0xFC,0x2C,0x00,0x00,0x00,0x35,
    0xF9,0xFE,0x62,0x00,0x00,0x00,0x00,0x00,0x00,0x00,0x00,0x00,0x24,0xE1,0xFF,0x83,
    0x00,0x00,0x00,0x00,0x00,0x53,0xF9,0xFF,0xA0,0x26,0x00,0x00,0x00,0x00,0x00,0x0D,
    0x6E,0xF1,0xFF,0xA0,0x02,0x00,0x00,0x00,0x00,0x00,0x00,0x35,0xD2,0xFF,0xFF,0xD9,
    0xB1,0xA2,0xA9,0xC8,0xF8,0xFF,0xF1,0x6C,0x01,0x00,0x00,0x00,0x00,0x00,0x00,0x00,
    0x00,0x02,0x4B,0x9D,0xD4,0xF3,0xFF,0xFE,0xFF,0xD6,0x6C,0x11,0x00,0x00,0x00,0x00,
    0x00,0x00,0x00,0x00,0x00,0x00,0x00,0x00,0x00,0x00,0x00,0x00,0x26,0xFB,0xE9,0x1D,
    0x00,0x00,0x00,0x00,0x00,0x00,0x00,0x00,0x00,0x00,0x00,0x00,0x00,0x00,0x00,0x00,
    0x00,0x00,0x85,0xFF,0xE4,0x66,0x26,0x0A,0x00,0x00,0x00,0x00,0x00,0x00,0x00,0x00,
    0x00,0x00,0x00,0x00,0x00,0x00,0x00,0x02,0x93,0xFF,0xFF,0xFF,0xFF,0xFF,0x74,0x00,
    0x00,0x00,0x00,0x00,0x00,0x00,0x00,0x00,0x00,0x00,0x00,0x00,0x00,0x00,0x2E,0x87,
    0xB8,0xD1,0xD8,0x62,0x00,0x00,0x00,0x00,0x20,0xFF,0xFF,0xFF,0xFF,0xFF,0xFF,0xFF,
    0xFF,0xEF,0xC0,0x6F,0x0C,0x00,0x00,0x00,0x20,0xFF,0xF8,0xB4,0xB4,0xB4,0xB4,0xB4,
    0xB6,0xCF,0xFD,0xFF,0xE0,0x2D,0x00,0x00,0x20,0xFF,0xE4,0x00,0x00,0x00,0x00,0x00,
    0x00,0x00,0x1A,0xAE,0xFF,0xE5,0x0F,0x00,0x20,0xFF,0xE4,0x00,0x00,0x00,0x00,0x00,
    0x00,0x00,0x00,0x04,0xCC,0xFF,0x78,0x00,0x20,0xFF,0xE4,0x00,0x00,0x00,0x00,0x00,
    0x00,0x00,0x00,0x00,0x5E,0xFF,0xBA,0x00,0x20,0xFF,0xE4,0x00,0x00,0x00,0x00,0x00,
    0x00,0x00,0x00,0x00,0x30,0xFF,0xD0,0x00,0x20,0xFF,0xE4,0x00,0x00,0x00,0x00,0x00,
    0x00,0x00,0x00,0x00,0x30,0xFF,0xC5,0x00,0x20,0xFF,0xE4,0x00,0x00,0x00,0x00,0x00,
    0x00,0x00,0x00,0x00,0x67,0xFF,0x8C,0x00,0x20,0xFF,0xE4,0x00,0x00,0x00,0x00,0x00,
    0x00,0x00,0x00,0x10,0xDF,0xF9,0x25,0x00,0x20,0xFF,0xE4,0x00,0x00,0x00,0x00,0x00,
    0x00,0x00,0x35,0xD1,0xFD,0x61,0x00,0x00,0x20,0xFF,0xF8,0xB4,0xB4,0xB4,0xB4,0xB4,
    0xB7,0xDA,0xFD,0xBC,0x3C,0x00,0x00,0x00,0x20,0xFF,0xFF,0xFF,0xFF,0xFF,0xFF,0xFF,
    0xFF,0xFF,0xED,0x9B,0x17,0x00,0x00,0x00,0x20,0xFF,0xE4,0x00,0x00,0x00,0x00,0x00,
    0x01,0x1C,0x85,0xFF,0xDF,0x13,0x00,0x00,0x20,0xFF,0xE4,0x00,0x00,0x00,0x00,0x00,
    0x00,0x00,0x00,0x8E,0xFF,0x97,0x00,0x00,0x20,0xFF,0xE4,0x00,0x00,0x00,0x00,0x00,
    0x00,0x00,0x00,0x14,0xF9,0xF6,0x0D,0x00,0x20,0xFF,0xE4,0x00,0x00,0x00,0x00,0x00,
    0x00,0x00,0x00,0x00,0xB3,0xFF,0x52,0x00,0x20,0xFF,0xE4,0x00,0x00,0x00,0x00,0x00,
    0x00,0x00,0x00,0x00,0x6C,0xFF,0x96,0x00,0x20,0xFF,0xE4,0x00,0x00,0x00,0x00,0x00,
    0x00,0x00,0x00,0x00,0x2A,0xFF,0xD9,0x00,0x20,0xFF,0xE4,0x00,0x00,0x00,0x00,0x00,
    0x00,0x00,0x00,0x00,0x01,0xE7,0xFF,0x1C,0x20,0xFF,0xE4,0x00,0x00,0x00,0x00,0x00,
    0x00,0x00,0x00,0x00,0x00,0xA4,0xFF,0x60,0x20,0xFF,0xE4,0x00,0x00,0x00,0x00,0x00,
    0x00,0x00,0x00,0x00,0x00,0x61,0xFF,0xA2,0x00,0x00,0x00,0x2F,0x94,0xD2,0xF4,0xFE,
    0xF2,0xCF,0x8F,0x2D,0x00,0x00,0x00,0x00,0x00,0x00,0x81,0xFE,0xFF,0xEE,0xC4,0xB6,
    0xC4,0xF1,0xFF,0xFF,0x97,0x06,0x00,0x00,0x00,0x63,0xFF,0xEA,0x54,0x03,0x00,0x00,
    0x00,0x04,0x50,0xDB,0xFF,0xA8,0x00,0x00,0x00,0xDE,0xFF,0x3C,0x00,0x00,0x00,0x00,
    0x00,0x00,0x00,0x12,0xE0,0xFF,0x43,0x00,0x16,0xFF,0xDC,0x00,0x00,0x00,0x00,0x00,
    0x00,0x00,0x00,0x00,0x73,0xFF,0x91,0x00,0x21,0xFF,0xCF,0x00,0x00,0x00,0x00,0x00,
    0x00,0x00,0x00,0x00,0x34,0xA4,0x6E,0x00,0x07,0xF7,0xF9,0x19,0x00,0x00,0x00,0x00,
    0x00,0x00,0x00,0x00,0x00,0x00,0x00,0x00,0x00,0xA0,0xFF,0xD1,0x2E,0x00,0x00,0x00,
    0x00,0x00,0x00,0x00,0x00,0x00,0x00,0x00,0x00,0x10,0xC9,0xFF,0xFF,0xBD,0x6A,0x1E,
    0x00,0x00,0x00,0x00,0x00,0x00,0x00,0x00,0x00,0x00,0x06,0x72,0xE3,0xFF,0xFF,0xFF,
    0xDC,0x97,0x4A,0x05,0x00,0x00,0x00,0x00,0x00,0x00,0x00,0x00,0x03,0x41,0x91,0xD7,
    0xFF,0xFF,0xFF,0xEB,0x83,0x0E,0x00,0x00,0x00,0x00,0x00,0x00,0x00,0x00,0x00,0x00,
    0x19,0x62,0xB8,0xFE,0xFF,0xDF,0x23,0x00,0x00,0x00,0x00,0x00,0x00,0x00,0x00,0x00,
    0x00,0x00,0x00,0x2A,0xCA,0xFF,0xCD,0x01,0x00,0x00,0x00,0x00,0x00,0x00,0x00,0x00,
    0x00,0x00,0x00,0x00,0x0D,0xE5,0xFF,0x34,0x5A,0x70,0x15,0x00,0x00,0x00,0x00,0x00,
    0x00,0x00,0x00,0x00,0x00,0x94,0xFF,0x61,0xC1,0xFF,0x40,0x00,0x00,0x00,0x00,0x00,
    0x00,0x00,0x00,0x00,0x00,0x86,0xFF,0x66,0x93,0xFF,0x80,0x00,0x00,0x00,0x00,0x00,
    0x00,0x00,0x00,0x00,0x00,0xB7,0xFF,0x45,0x35,0xFF,0xF0,0x25,0x00,0x00,0x00,0x00,
    0x00,0x00,0x00,0x00,0x47,0xFE,0xE8,0x08,0x00,0x8A,0xFF,0xEB,0x63,0x0B,0x00,0x00,
    0x00,0x00,0x12,0x7B,0xF9,0xFE,0x51,0x00,0x00,0x01,0x7A,0xFA,0xFF,0xFA,0xD0,0xB6,
    0xB4,0xCF,0xFC,0xFF,0xEC,0x52,0x00,0x00,0x00,0x00,0x00,0x1B,0x7A,0xBE,0xE8,0xFC,
    0xFB,0xE4,0xB6,0x6B,0x0D,0x00,0x00,0x00,0xB8,0xFF,0xFF,0xFF,0xFF,0xFF,0xFF,0xFF,
    0xFF,0xFF,0xFF,0xFF,0xFF,0xFF,0x98,0x81,0xB4,0xB4,0xB4,0xB4,0xB4,0xDF,0xFF,0xD6,
    0xB4,0xB4,0xB4,0xB4,0xB4,0x6B,0x00,0x00,0x00,0x00,0x00,0x00,0x90,0xFF,0x74,0x00,
    0x00,0x00,0x00,0x00,0x00,0x00,0x00,0x00,0x00,0x00,0x00,0x90,0xFF,0x74,0x00,0x00,
    0x00,0x00,0x00,0x00,0x00,0x00,0x00,0x00,0x00,0x00,0x90,0xFF,0x74,0x00,0x00,0x00,
    0x00,0x00,0x00,0x00,0x00,0x00,0x00,0x00,0x00,0x90,0xFF,0x74,0x00,0x00,0x00,0x00,
    0x00,0x00,0x00,0x00,0x00,0x00,0x00,0x00,0x90,0xFF,0x74,0x00,0x00,0x00,0x00,0x00,
    0x00,0x00,0x00,0x00,0x00,0x00,0x00,0x90,0xFF,0x74,0x00,0x00,0x00,0x00,0x00,0x00,
    0x00,0x00,0x00,0x00,0x00,0x00,0x90,0xFF,0x74,0x00,0x00,0x00,0x00,0x00,0x00,0x00,
    0x00,0x00,0x00,0x00,0x00,0x90,0xFF,0x74,0x00,0x00,0x00,0x00,0x00,0x00,0x00,0x00,
    0x00,0x00,0x00,0x00,0x90,0xFF,0x74,0x00,0x00,0x00,0x00,0x00,0x00,0x00,0x00,0x00,
    0x00,0x00,0x00,0x90,0xFF,0x74,0x00,0x00,0x00,0x00,0x00,0x00,0x00,0x00,0x00,0x00,
    0x00,0x00,0x90,0xFF,0x74,0x00,0x00,0x00,0x00,0x00,0x00,0x00,0x00,0x00,0x00,0x00,
    0x00,0x90,0xFF,0x74,0x00,0x00,0x00,0x00,0x00,0x00,0x00,0x00,0x00,0x00,0x00,0x00,
    0x90,0xFF,0x74,0x00,0x00,0x00,0x00,0x00,0x00,0x00,0x00,0x00,0x00,0x00,0x00,0x90,
    0xFF,0x74,0x00,0x00,0x00,0x00,0x00,0x00,0x00,0x00,0x00,0x00,0x00,0x00,0x90,0xFF,
    0x74,0x00,0x00,0x00,0x00,0x00,0x00,0x00,0x00,0x00,0x00,0x00,0x00,0x90,0xFF,0x74,
    0x00,0x00,0x00,0x00,0x00,0x00,0x00,0x00,0x00,0x00,0x00,0x00,0x90,0xFF,0x74,0x00,
    0x00,0x00,0x00,0x00,0x00,0x00,0x00,0x00,0x00,0x00,0x00,0x90,0xFF,0x74,0x00,0x00,
    0x00,0x00,0x00,0x00,0x00,0x00,0x00,0x00,0x00,0x00,0x90,0xFF,0x74,0x00,0x00,0x00,
    0x00,0x00,0x00,0x00,0x68,0xFF,0x9C,0x00,0x00,0x00,0x00,0x00,0x00,0x00,0x00,0x00,
    0x00,0x00,0x14,0xFF,0xF0,0x68,0xFF,0x9C,0x00,0x00,0x00,0x00,0x00,0x00,0x00,0x00,
    0x00,0x00,0x00,0x14,0xFF,0xF0,0x68,0xFF,0x9C,0x00,0x00,0x00,0x00,0x00,0x00,0x00,
    0x00,0x00,0x00,0x00,0x14,0xFF,0xF0,0x68,0xFF,0x9C,0x00,0x00,0x00,0x00,0x00,0x00,
    0x00,0x00,0x00,0x00,0x00,0x14,0xFF,0xF0,0x68,0xFF,0x9C,0x00,0x00,0x00,0x00,0x00,
    0x00,0x00,0x00,0x00,0x00,0x00,0x14,0xFF,0xF0,0x68,0xFF,0x9C,0x00,0x00,0x00,0x00,
    0x00,0x00,0x00,0x00,0x00,0x00,0x00,0x14,0xFF,0xF0,0x68,0xFF,0x9C,0x00,0x00,0x00,
    0x00,0x00,0x00,0x00,0x00,0x00,0x00,0x00,0x14,0xFF,0xF0,0x68,0xFF,0x9C,0x00,0x00,
    0x00,0x00,0x00,0x00,0x00,0x00,0x00,0x00,0x00,0x14,0xFF,0xF0,0x68,0xFF,0x9C,0x00,
    0x00,0x00,0x00,0x00,0x00,0x00,0x00,0x00,0x00,0x00,0x14,0xFF,0xF0,0x68,0xFF,0x9C,
    0x00,0x00,0x00,0x00,0x00,0x00,0x00,0x00,0x00,0x00,0x00,0x14,0xFF,0xF0,0x68,0xFF,
    0x9C,0x00,0x00,0x00,0x00,0x00,0x00,0x00,0x00,0x00,0x00,0x00,0x14,0xFF,0xF0,0x68,
    0xFF,0x9C,0x00,0x00,0x00,0x00,0x00,0x00,0x00,0x00,0x00,0x00,0x00,0x14,0xFF,0xF0,
    0x68,0xFF,0x9C,0x00,0x00,0x00,0x00,0x00,0x00,0x00,0x00,0x00,0x00,0x00,0x14,0xFF,
    0xF0,0x65,0xFF,0xA2,0x00,0x00,0x00,0x00,0x00,0x00,0x00,0x00,0x00,0x00,0x00,0x1B,
    0xFF,0xED,0x52,0xFF,0xB9,0x00,0x00,0x00,0x00,0x00,0x00,0x00,0x00,0x00,0x00,0x00,
    0x31,0xFF,0xDA,0x24,0xFF,0xEA,0x01,0x00,0x00,0x00,0x00,0x00,0x00,0x00,0x00,0x00,
    0x00,0x64,0xFF,0xAC,0x00,0xD6,0xFF,0x46,0x00,0x00,0x00,0x00,0x00,0x00,0x00,0x00,
    0x00,0x00,0xC0,0xFF,0x5E,0x00,0x61,0xFF,0xD9,0x13,0x00,0x00,0x00,0x00,0x00,0x00,
    0x00,0x00,0x67,0xFF,0xE0,0x08,0x00,0x01,0xAC,0xFF,0xE0,0x5A,0x07,0x00,0x00,0x00,
    0x00,0x24,0x9A,0xFF,0xF8,0x3E,0x00,0x00,0x00,0x05,0x94,0xFF,0xFF,0xF6,0xCE,0xBA,
    0xC1,0xE0,0xFF,0xFF,0xE2,0x3E,0x00,0x00,0x00,0x00,0x00,0x00,0x2F,0x90,0xCE,0xF1,
    0xFF,0xFA,0xE4,0xB6,0x67,0x0A,0x00,0x00,0x00,0x00,0x00,0x00,0xA9,0xFF,0x7B,0x00,
    0x00,0x00,0x00,0x00,0x00,0x00,0x00,0x00,0x00,0x00,0x00,0x37,0xFF,0xE2,0x02,0x49,
    0xFF,0xD7,0x00,0x00,0x00,0x00,0x00,0x00,0x00,0x00,0x00,0x00,0x00,0x00,0x94,0xFF,
    0x84,0x00,0x04,0xE8,0xFF,0x34,0x00,0x00,0x00,0x00,0x00,0x00,0x00,0x00,0x00,0x00,
    0x05,0xEC,0xFF,0x25,0x00,0x00,0x8C,0xFF,0x92,0x00,0x00,0x00,0x00,0x00,0x00,0x00,
    0x00,0x00,0x00,0x4F,0xFF,0xC7,0x00,0x00,0x00,0x2C,0xFF,0xEA,0x04,0x00,0x00,0x00,
    0x00,0x00,0x00,0x00,0x00,0x00,0xAC,0xFF,0x68,0x00,0x00,0x00,0x00,0xD0,0xFF,0x4C,
    0x00,0x00,0x00,0x00,0x00,0x00,0x00,0x00,0x10,0xF8,0xF8,0x10,0x00,0x00,0x00,0x00,
    0x70,0xFF,0xA9,0x00,0x00,0x00,0x00,0x00,0x00,0x00,0x00,0x66,0xFF,0xA9,0x00,0x00,
    0x00,0x00,0x00,0x15,0xFB,0xF7,0x0E,0x00,0x00,0x00,0x00,0x00,0x00,0x00,0xC4,0xFF,
    0x48,0x00,0x00,0x00,0x00,0x00,0x00,0xB2,0xFF,0x63,0x00,0x00,0x00,0x00,0x00,0x00,
    0x21,0xFF,0xE8,0x04,0x00,0x00,0x00,0x00,0x00,0x00,0x54,0xFF,0xC0,0x00,0x00,0x00,
    0x00,0x00,0x00,0x7D,0xFF,0x8C,0x00,0x00,0x00,0x00,0x00,0x00,0x00,0x07,0xED,0xFE,
    0x1E,0x00,0x00,0x00,0x00,0x00,0xDB,0xFF,0x2C,0x00,0x00,0x00,0x00,0x00,0x00,0x00,
    0x00,0x94,0xFF,0x79,0x00,0x00,0x00,0x00,0x38,0xFF,0xCC,0x00,0x00,0x00,0x00,0x00,
    0x00,0x00,0x00,0x00,0x38,0xFF,0xD6,0x00,0x00,0x00,0x00,0x95,0xFF,0x6C,0x00,0x00,
    0x00,0x00,0x00,0x00,0x00,0x00,0x00,0x00,0xD8,0xFF,0x34,0x00,0x00,0x05,0xED,0xFB,
    0x14,0x00,0x00,0x00,0x00,0x00,0x00,0x00,0x00,0x00,0x00,0x78,0xFF,0x90,0x00,0x00,
    0x50,0xFF,0xAF,0x00,0x00,0x00,0x00,0x00,0x00,0x00,0x00,0x00,0x00,0x00,0x1C,0xFE,
    0xE9,0x04,0x00,0xAC,0xFF,0x50,0x00,0x00,0x00,0x00,0x00,0x00,0x00,0x00,0x00,0x00,
    0x00,0x00,0xBC,0xFF,0x4A,0x11,0xF9,0xEB,0x05,0x00,0x00,0x00,0x00,0x00,0x00,0x00,
    0x00,0x00,0x00,0x00,0x00,0x5C,0xFF,0xA8,0x68,0xFF,0x91,0x00,0x00,0x00,0x00,0x00,
    0x00,0x00,0x00,0x00,0x00,0x00,0x00,0x00,0x0A,0xF2,0xF6,0xCE,0xFF,0x33,0x00,0x00,
    0x00,0x00,0x00,0x00,0x00,0x00,0x00,0x00,0x00,0x00,0x00,0x00,0x9E,0xFF,0xFF,0xD4,
    0x00,0x00,0x00,0x00,0x00,0x00,0x00,0x00,0x00,0x00,0x00,0x00,0x00,0x00,0x00,0x40,
    0xFF,0xFF,0x74,0x00,0x00,0x00,0x00,0x00,0x00,0x00,0x00,0x00,0xDA,0xFF,0x47,0x00,
    0x00,0x00,0x00,0x00,0x00,0x00,0x00,0x00,0x72,0xFF,0xFF,0x5A,0x00,0x00,0x00,0x00,
    0x00,0x00,0x00,0x00,0x00,0x58,0xFF,0xA2,0x90,0xFF,0x8F,0x00,0x00,0x00,0x00,0x00,
    0x00,0x00,0x00,0x00,0xBE,0xFF,0xFF,0xA6,0x00,0x00,0x00,0x00,0x00,0x00,0x00,0x00,
    0x00,0xA0,0xFF,0x59,0x46,0xFF,0xD6,0x00,0x00,0x00,0x00,0x00,0x00,0x00,0x00,0x10,
    0xFA,0xD8,0xF9,0xEE,0x03,0x00,0x00,0x00,0x00,0x00,0x00,0x00,0x01,0xE7,0xFD,0x12,
    0x07,0xF5,0xFF,0x1E,0x00,0x00,0x00,0x00,0x00,0x00,0x00,0x55,0xFF,0x82,0xB9,0xFF,
    0x3D,0x00,0x00,0x00,0x00,0x00,0x00,0x00,0x30,0xFF,0xC4,0x00,0x00,0xB0,0xFF,0x66,
    0x00,0x00,0x00,0x00,0x00,0x00,0x00,0xA1,0xFF,0x35,0x6B,0xFF,0x89,0x00,0x00,0x00,
    0x00,0x00,0x00,0x00,0x78,0xFF,0x7B,0x00,0x00,0x67,0xFF,0xAC,0x00,0x00,0x00,0x00,
    0x00,0x00,0x02,0xEB,0xE8,0x02,0x1F,0xFF,0xD5,0x00,0x00,0x00,0x00,0x00,0x00,0x00,
    0xC0,0xFF,0x30,0x00,0x00,0x1D,0xFF,0xF0,0x04,0x00,0x00,0x00,0x00,0x00,0x39,0xFF,
    0x9D,0x00,0x00,0xD0,0xFF,0x20,0x00,0x00,0x00,0x00,0x00,0x0D,0xFA,0xE6,0x01,0x00,
    0x00,0x00,0xD1,0xFF,0x3C,0x00,0x00,0x00,0x00,0x00,0x84,0xFF,0x50,0x00,0x00,0x82,
    0xFF,0x6C,0x00,0x00,0x00,0x00,0x00,0x4F,0xFF,0x9C,0x00,0x00,0x00,0x00,0x87,0xFF,
    0x82,0x00,0x00,0x00,0x00,0x00,0xD0,0xF8,0x0B,0x00,0x00,0x35,0xFF,0xB9,0x00,0x00,
    0x00,0x00,0x00,0x96,0xFF,0x52,0x00,0x00,0x00,0x00,0x3D,0xFF,0xCB,0x00,0x00,0x00,
    0x00,0x1D,0xFF,0xB8,0x00,0x00,0x00,0x01,0xE7,0xF8,0x0B,0x00,0x00,0x00,0x00,0xDE,
    0xFA,0x0D,0x00,0x00,0x00,0x00,0x04,0xEF,0xFE,0x14,0x00,0x00,0x00,0x68,0xFF,0x6B,
    0x00,0x00,0x00,0x00,0x9A,0xFF,0x50,0x00,0x00,0x00,0x27,0xFF,0xBE,0x00,0x00,0x00,
    0x00,0x00,0x00,0xA8,0xFF,0x58,0x00,0x00,0x00,0xB3,0xFF,0x1F,0x00,0x00,0x00,0x00,
    0x4D,0xFF,0x9A,0x00,0x00,0x00,0x6E,0xFF,0x74,0x00,0x00,0x00,0x00,0x00,0x00,0x5E,
    0xFF,0xA0,0x00,0x00,0x09,0xF6,0xD2,0x00,0x00,0x00,0x00,0x00,0x09,0xF6,0xE6,0x01,
    0x00,0x00,0xB5,0xFF,0x2A,0x00,0x00,0x00,0x00,0x00,0x00,0x15,0xFE,0xE7,0x01,0x00,
    0x4C,0xFF,0x86,0x00,0x00,0x00,0x00,0x00,0x00,0xB2,0xFF,0x33,0x00,0x08,0xF6,0xE0,
    0x00,0x00,0x00,0x00,0x00,0x00,0x00,0x00,0xC7,0xFF,0x30,0x00,0x96,0xFF,0x39,0x00,
    0x00,0x00,0x00,0x00,0x00,0x65,0xFF,0x7F,0x00,0x46,0xFF,0x95,0x00,0x00,0x00,0x00,
    0x00,0x00,0x00,0x00,0x7D,0xFF,0x76,0x00,0xE2,0xEB,0x02,0x00,0x00,0x00,0x00,0x00,
    0x00,0x18,0xFE,0xCA,0x00,0x8E,0xFF,0x4C,0x00,0x00,0x00,0x00,0x00,0x00,0x00,0x00,
    0x34,0xFF,0xBE,0x2E,0xFF,0xA0,0x00,0x00,0x00,0x00,0x00,0x00,0x00,0x00,0xCA,0xFE,
    0x18,0xD6,0xF7,0x0A,0x00,0x00,0x00,0x00,0x00,0x00,0x00,0x00,0x01,0xE8,0xFA,0x86,
    0xFF,0x53,0x00,0x00,0x00,0x00,0x00,0x00,0x00,0x00,0x7B,0xFF,0x7F,0xFF,0xB8,0x00,
    0x00,0x00,0x00,0x00,0x00,0x00,0x00,0x00,0x00,0x9E,0xFF,0xF6,0xFA,0x0D,0x00,0x00,
    0x00,0x00,0x00,0x00,0x00,0x00,0x2E,0xFF,0xF6,0xFF,0x6D,0x00,0x00,0x00,0x00,0x00,
    0x00,0x00,0x00,0x00,0x00,0x54,0xFF,0xFF,0xBA,0x00,0x00,0x00,0x00,0x00,0x00,0x00,
    0x00,0x00,0x00,0xE1,0xFF,0xFF,0x22,0x00,0x00,0x00,0x00,0x00,0x00,0x00,0x00,0x00,
    0x00,0x0F,0xFA,0xFF,0x6E,0x00,0x00,0x00,0x00,0x00,0x00,0x00,0x00,0x00,0x00,0x92,
    0xFF,0xD9,0x00,0x00,0x00,0x00,0x00,0x00,0x0E,0xE3,0xFF,0x48,0x00,0x00,0x00,0x00,
    0x00,0x00,0x00,0x00,0x00,0x32,0xFC,0xE1,0x0D,0x00,0x4F,0xFF,0xDC,0x08,0x00,0x00,
    0x00,0x00,0x00,0x00,0x00,0x04,0xCE,0xFF,0x48,0x00,0x00,0x00,0xA9,0xFF,0x84,0x00,
    0x00,0x00,0x00,0x00,0x00,0x00,0x76,0xFF,0xA4,0x00,0x00,0x00,0x00,0x17,0xED,0xF9,
    0x27,0x00,0x00,0x00,0x00,0x00,0x23,0xF6,0xEA,0x14,0x00,0x00,0x00,0x00,0x00,0x61,
    0xFF,0xBF,0x01,0x00,0x00,0x00,0x01,0xBC,0xFF,0x5A,0x00,0x00,0x00,0x00,0x00,0x00,
    0x01,0xBC,0xFF,0x5D,0x00,0x00,0x00,0x61,0xFF,0xB5,0x00,0x00,0x00,0x00,0x00,0x00,
    0x00,0x00,0x22,0xF6,0xEA,0x11,0x00,0x17,0xED,0xF3,0x1E,0x00,0x00,0x00,0x00,0x00,
    0x00,0x00,0x00,0x00,0x73,0xFF,0x98,0x00,0xA8,0xFF,0x6B,0x00,0x00,0x00,0x00,0x00,
    0x00,0x00,0x00,0x00,0x00,0x03,0xCC,0xFE,0x83,0xFF,0xC5,0x02,0x00,0x00,0x00,0x00,
    0x00,0x00,0x00,0x00,0x00,0x00,0x00,0x30,0xFB,0xFF,0xF9,0x28,0x00,0x00,0x00,0x00,
    0x00,0x00,0x00,0x00,0x00,0x00,0x00,0x00,0x0E,0xE8,0xFF,0xD9,0x05,0x00,0x00,0x00,
    0x00,0x00,0x00,0x00,0x00,0x00,0x00,0x00,0x00,0x97,0xFF,0xEC,0xFF,0x7C,0x00,0x00,
    0x00,0x00,0x00,0x00,0x00,0x00,0x00,0x00,0x00,0x3E,0xFF,0xDD,0x1E,0xEC,0xF9,0x28,
    0x00,0x00,0x00,0x00,0x00,0x00,0x00,0x00,0x00,0x08,0xD9,0xFF,0x43,0x00,0x60,0xFF,
    0xC6,0x02,0x00,0x00,0x00,0x00,0x00,0x00,0x00,0x00,0x87,0xFF,0x9E,0x00,0x00,0x01,
    0xBC,0xFF,0x6F,0x00,0x00,0x00,0x00,0x00,0x00,0x00,0x30,0xFB,0xE8,0x11,0x00,0x00,
    0x00,0x24,0xF7,0xF5,0x21,0x00,0x00,0x00,0x00,0x00,0x04,0xCD,0xFF,0x55,0x00,0x00,
    0x00,0x00,0x00,0x78,0xFF,0xBD,0x01,0x00,0x00,0x00,0x00,0x77,0xFF,0xAF,0x00,0x00,
    0x00,0x00,0x00,0x00,0x05,0xD3,0xFF,0x65,0x00,0x00,0x00,0x24,0xF6,0xF1,0x1B,0x00,
    0x00,0x00,0x00,0x00,0x00,0x00,0x37,0xFE,0xF0,0x1B,0x00,0x01,0xBF,0xFF,0x67,0x00,
    0x00,0x00,0x00,0x00,0x00,0x00,0x00,0x00,0x94,0xFF,0xB1,0x00,0x66,0xFF,0xC1,0x01,
    0x00,0x00,0x00,0x00,0x00,0x00,0x00,0x00,0x00,0x0D,0xE3,0xFF,0x58,0x00,0x00,0x00,
    0xB5,0xFF,0x7D,0x00,0x00,0x00,0x00,0x00,0x00,0x00,0x00,0x00,0x00,0x11,0xED,0xFF,
    0x3A,0x26,0xFA,0xF4,0x1A,0x00,0x00,0x00,0x00,0x00,0x00,0x00,0x00,0x00,0x8E,0xFF,
    0xA3,0x00,0x00,0x88,0xFF,0xA2,0x00,0x00,0x00,0x00,0x00,0x00,0x00,0x00,0x24,0xFA,
    0xF3,0x19,0x00,0x00,0x0D,0xE7,0xFE,0x35,0x00,0x00,0x00,0x00,0x00,0x00,0x00,0xAE,
    0xFF,0x78,0x00,0x00,0x00,0x00,0x5F,0xFF,0xC5,0x01,0x00,0x00,0x00,0x00,0x00,0x3F,
    0xFF,0xDA,0x06,0x00,0x00,0x00,0x00,0x01,0xC7,0xFF,0x58,0x00,0x00,0x00,0x00,0x02,
    0xCF,0xFF,0x48,0x00,0x00,0x00,0x00,0x00,0x00,0x35,0xFE,0xE1,0x09,0x00,0x00,0x00,
    0x62,0xFF,0xB3,0x00,0x00,0x00,0x00,0x00,0x00,0x00,0x00,0x9D,0xFF,0x7D,0x00,0x00,
    0x0C,0xE6,0xF9,0x24,0x00,0x00,0x00,0x00,0x00,0x00,0x00,0x00,0x17,0xF1,0xF4,0x1A,
    0x00,0x82,0xFF,0x87,0x00,0x00,0x00,0x00,0x00,0x00,0x00,0x00,0x00,0x00,0x73,0xFF,
    0xA2,0x1D,0xF6,0xE4,0x0C,0x00,0x00,0x00,0x00,0x00,0x00,0x00,0x00,0x00,0x00,0x05,
    0xD8,0xFE,0xC5,0xFF,0x5A,0x00,0x00,0x00,0x00,0x00,0x00,0x00,0x00,0x00,0x00,0x00,
    0x00,0x47,0xFF,0xFF,0xC3,0x01,0x00,0x00,0x00,0x00,0x00,0x00,0x00,0x00,0x00,0x00,
    0x00,0x00,0x00,0xCE,0xFF,0x4A,0x00,0x00,0x00,0x00,0x00,0x00,0x00,0x00,0x00,0x00,
    0x00,0x00,0x00,0x00,0xC4,0xFF,0x40,0x00,0x00,0x00,0x00,0x00,0x00,0x00,0x00,0x00,
    0x00,0x00,0x00,0x00,0x00,0xC4,0xFF,0x40,0x00,0x00,0x00,0x00,0x00,0x00,0x00,0x00,
    0x00,0x00,0x00,0x00,0x00,0x00,0xC4,0xFF,0x40,0x00,0x00,0x00,0x00,0x00,0x00,0x00,
    0x00,0x00,0x00,0x00,0x00,0x00,0x00,0xC4,0xFF,0x40,0x00,0x00,0x00,0x00,0x00,0x00,
    0x00,0x00,0x00,0x00,0x00,0x00,0x00,0x00,0xC4,0xFF,0x40,0x00,0x00,0x00,0x00,0x00,
    0x00,0x00,0x00,0x00,0x00,0x00,0x00,0x00,0x00,0xC4,0xFF,0x40,0x00,0x00,0x00,0x00,
    0x00,0x00,0x00,0x00,0x00,0x00,0x00,0x00,0x00,0x00,0xC4,0xFF,0x40,0x00,0x00,0x00,
    0x00,0x00,0x00,0x00,0x00,0x00,0x00,0x00,0x00,0x00,0x00,0xC4,0xFF,0x40,0x00,0x00,
    0x00,0x00,0x00,0x00,0x00,0x00,0x00,0x00,0x00,0xC0,0xFF,0xFF,0xFF,0xFF,0xFF,0xFF,
    0xFF,0xFF,0xFF,0xFF,0xFF,0xFF,0xE8,0x00,0x00,0x87,0xB4,0xB4,0xB4,0xB4,0xB4,0xB4,
    0xB4,0xB4,0xB4,0xB4,0xD3,0xFF,0xD8,0x00,0x00,0x00,0x00,0x00,0x00,0x00,0x00,0x00,
    0x00,0x00,0x00,0x07,0xD2,0xFF,0x47,0x00,0x00,0x00,0x00,0x00,0x00,0x00,0x00,0x00,
    0x00,0x00,0x00,0x88,0xFF,0x96,0x00,0x00,0x00,0x00,0x00,0x00,0x00,0x00,0x00,0x00,
    0x00,0x00,0x3B,0xFD,0xDB,0x0B,0x00,0x00,0x00,0x00,0x00,0x00,0x00,0x00,0x00,0x00,
    0x00,0x0B,0xDB,0xFD,0x3B,0x00,0x00,0x00,0x00,0x00,0x00,0x00,0x00,0x00,0x00,0x00,
    0x00,0x97,0xFF,0x87,0x00,0x00,0x00,0x00,0x00,0x00,0x00,0x00,0x00,0x00,0x00,0x00,
    0x48,0xFF,0xD2,0x06,0x00,0x00,0x00,0x00,0x00,0x00,0x00,0x00,0x00,0x00,0x00,0x12,
    0xE5,0xFA,0x2F,0x00,0x00,0x00,0x00,0x00,0x00,0x00,0x00,0x00,0x00,0x00,0x00,0xA6,
    0xFF,0x79,0x00,0x00,0x00,0x00,0x00,0x00,0x00,0x00,0x00,0x00,0x00,0x00,0x56,0xFF,
    0xC6,0x03,0x00,0x00,0x00,0x00,0x00,0x00,0x00,0x00,0x00,0x00,0x00,0x19,0xED,0xF5,
    0x25,0x00,0x00,0x00,0x00,0x00,0x00,0x00,0x00,0x00,0x00,0x00,0x01,0xB5,0xFF,0x6A,
    0x00,0x00,0x00,0x00,0x00,0x00,0x00,0x00,0x00,0x00,0x00,0x00,0x66,0xFF,0xB9,0x01,
    0x00,0x00,0x00,0x00,0x00,0x00,0x00,0x00,0x00,0x00,0x00,0x22,0xF4,0xEF,0x1B,0x00,
    0x00,0x00,0x00,0x00,0x00,0x00,0x00,0x00,0x00,0x00,0x02,0xC3,0xFF,0x5A,0x00,0x00,
    0x00,0x00,0x00,0x00,0x00,0x00,0x00,0x00,0x00,0x00,0x75,0xFF,0xAB,0x00,0x00,0x00,
    0x00,0x00,0x00,0x00,0x00,0x00,0x00,0x00,0x00,0x2D,0xF9,0xE8,0x13,0x00,0x00,0x00,
    0x00,0x00,0x00,0x00,0x00,0x00,0x00,0x00,0x06,0xCF,0xFF,0x4C,0x00,0x00,0x00,0x00,
    0x00,0x00,0x00,0x00,0x00,0x00,0x00,0x00,0x66,0xFF,0xF5,0xB4,0xB4,0xB4,0xB4,0xB4,
    0xB4,0xB4,0xB4,0xB4,0xB4,0xB4,0xB4,0x52,0x74,0xFF,0xFF,0xFF,0xFF,0xFF,0xFF,0xFF,
    0xFF,0xFF,0xFF,0xFF,0xFF,0xFF,0xFF,0x74,0xC4,0xFF,0xFF,0xFF,0xFF,0x8C,0xC4,0xFF,
    0x97,0x8C,0x8C,0x4D,0xC4,0xFF,0x18,0x00,0x00,0x00,0xC4,0xFF,0x18,0x00,0x00,0x00,
    0xC4,0xFF,0x18,0x00,0x00,0x00,0xC4,0xFF,0x18,0x00,0x00,0x00,0xC4,0xFF,0x18,0x00,
    0x00,0x00,0xC4,0xFF,0x18,0x00,0x00,0x00,0xC4,0xFF,0x18,0x00,0x00,0x00,0xC4,0xFF,
    0x18,0x00,0x00,0x00,0xC4,0xFF,0x18,0x00,0x00,0x00,0xC4,0xFF,0x18,0x00,0x00,0x00,
    0xC4,0xFF,0x18,0x00,0x00,0x00,0xC4,0xFF,0x18,0x00,0x00,0x00,0xC4,0xFF,0x18,0x00,
    0x00,0x00,0xC4,0xFF,0x18,0x00,0x00,0x00,0xC4,0xFF,0x18,0x00,0x00,0x00,0xC4,0xFF,
    0x18,0x00,0x00,0x00,0xC4,0xFF,0x18,0x00,0x00,0x00,0xC4,0xFF,0x18,0x00,0x00,0x00,
    0xC4,0xFF,0x18,0x00,0x00,0x00,0xC4,0xFF,0x18,0x00,0x00,0x00,0xC4,0xFF,0x18,0x00,
    0x00,0x00,0xC4,0xFF,0x18,0x00,0x00,0x00,0xC4,0xFF,0x18,0x00,0x00,0x00,0xC4,0xFF,
    0xD5,0xD0,0xD0,0x72,0x93,0xC0,0xC0,0xC0,0xC0,0x69,0x00,0x00,0x89,0xFF,0x5B,0x00,
    0x00,0x00,0x00,0x00,0x00,0x00,0x2C,0xFF,0xB8,0x00,0x00,0x00,0x00,0x00,0x00,0x00,
    0x00,0xCF,0xFD,0x18,0x00,0x00,0x00,0x00,0x00,0x00,0x00,0x71,0xFF,0x73,0x00,0x00,
    0x00,0x00,0x00,0x00,0x00,0x18,0xFC,0xD0,0x00,0x00,0x00,0x00,0x00,0x00,0x00,0x00,
    0xB7,0xFF,0x2D,0x00,0x00,0x00,0x00,0x00,0x00,0x00,0x59,0xFF,0x8B,0x00,0x00,0x00,
    0x00,0x00,0x00,0x00,0x0A,0xF2,0xE5,0x03,0x00,0x00,0x00,0x00,0x00,0x00,0x00,0x9F,
    0xFF,0x45,0x00,0x00,0x00,0x00,0x00,0x00,0x00,0x41,0xFF,0xA4,0x00,0x00,0x00,0x00,
    0x00,0x00,0x00,0x02,0xE2,0xF4,0x0C,0x00,0x00,0x00,0x00,0x00,0x00,0x00,0x87,0xFF,
    0x5C,0x00,0x00,0x00,0x00,0x00,0x00,0x00,0x29,0xFF,0xBB,0x00,0x00,0x00,0x00,0x00,
    0x00,0x00,0x00,0xCC,0xFD,0x1B,0x00,0x00,0x00,0x00,0x00,0x00,0x00,0x6E,0xFF,0x75,
    0x00,0x00,0x00,0x00,0x00,0x00,0x00,0x16,0xFC,0xD3,0x00,0x00,0x00,0x00,0x00,0x00,
    0x00,0x00,0xB4,0xFF,0x30,0x00,0x00,0x00,0x00,0x00,0x00,0x00,0x57,0xFF,0x8D,0x00,
    0x00,0x00,0x00,0x00,0x00,0x00,0x08,0xF1,0xE8,0x03,0x00,0x00,0x00,0x00,0x00,0x00,
    0x00,0x9C,0xFF,0x48,0x00,0x00,0x00,0x00,0x00,0x00,0x00,0x3F,0xFF,0xA5,0x00,0x00,
    0xD0,0xFF,0xFF,0xFF,0xFF,0x80,0x72,0x8C,0x8C,0xB6,0xFF,0x80,0x00,0x00,0x00,0x5C,
    0xFF,0x80,0x00,0x00,0x00,0x5C,0xFF,0x80,0x00,0x00,0x00,0x5C,0xFF,0x80,0x00,0x00,
    0x00,0x5C,0xFF,0x80,0x00,0x00,0x00,0x5C,0xFF,0x80,0x00,0x00,0x00,0x5C,0xFF,0x80,
    0x00,0x00,0x00,0x5C,0xFF,0x80,0x00,0x00,0x00,0x5C,0xFF,0x80,0x00,0x00,0x00,0x5C,
    0xFF,0x80,0x00,0x00,0x00,0x5C,0xFF,0x80,0x00,0x00,0x00,0x5C,0xFF,0x80,0x00,0x00,
    0x00,0x5C,0xFF,0x80,0x00,0x00,0x00,0x5C,0xFF,0x80,0x00,0x00,0x00,0x5C,0xFF,0x80,
    0x00,0x00,0x00,0x5C,0xFF,0x80,0x00,0x00,0x00,0x5C,0xFF,0x80,0x00,0x00,0x00,0x5C,
    0xFF,0x80,0x00,0x00,0x00,0x5C,0xFF,0x80,0x00,0x00,0x00,0x5C,0xFF,0x80,0x00,0x00,
    0x00,0x5C,0xFF,0x80,0x00,0x00,0x00,0x5C,0xFF,0x80,0x00,0x00,0x00,0x5C,0xFF,0x80,
    0x00,0x00,0x00,0x5C,0xFF,0x80,0xA9,0xD0,0xD0,0xE1,0xFF,0x80,0x9C,0xC0,0xC0,0xC0,
    0xC0,0x60,0x00,0x00,0x00,0x00,0x00,0x00,0x00,0x87,0xFF,0x9F,0x00,0x00,0x00,0x00,
    0x00,0x00,0x00,0x00,0x00,0x24,0xF9,0xFF,0xFE,0x37,0x00,0x00,0x00,0x00,0x00,0x00,
    0x00,0x00,0xB3,0xFF,0x85,0xFE,0xC9,0x02,0x00,0x00,0x00,0x00,0x00,0x00,0x48,0xFF,
    0xBB,0x00,0x9D,0xFF,0x61,0x00,0x00,0x00,0x00,0x00,0x06,0xD9,0xFB,0x2A,0x00,0x17,
    0xF1,0xE9,0x0F,0x00,0x00,0x00,0x00,0x75,0xFF,0x8F,0x00,0x00,0x00,0x73,0xFF,0x8D,
    0x00,0x00,0x00,0x18,0xF3,0xEA,0x0F,0x00,0x00,0x00,0x06,0xD9,0xFB,0x28,0x00,0x00,
    0xA1,0xFF,0x63,0x00,0x00,0x00,0x00,0x00,0x49,0xFF,0xB8,0x00,0x1D,0xBF,0xA6,0x02,
    0x00,0x00,0x00,0x00,0x00,0x00,0x96,0xC0,0x2D,0x00,0x00,0x00,0xFF,0xFF,0xFF,0xFF,
    0xFF,0xFF,0xFF,0xFF,0xFF,0xFF,0xFF,0xFF,0xFF,0xFF,0xB8,0x7C,0x7C,0x7C,0x7C,0x7C,
    0x7C,0x7C,0x7C,0x7C,0x7C,0x7C,0x7C,0x7C,0x7C,0x59,0x00,0x00,0x1E,0x40,0x34,0x00,
    0x00,0x00,0x0F,0xCE,0xFF,0x4C,0x00,0x00,0x00,0x15,0xD6,0xEE,0x1E,0x00,0x00,0x00,
    0x1B,0xDE,0xC9,0x06,0x00,0x00,0x00,0x21,0xE4,0x93,0x00,0x00,0x00,0x00,0x00,0x13,
    0x7E,0xCB,0xF2,0xFD,0xEE,0xC3,0x6E,0x06,0x00,0x00,0x00,0x00,0x32,0xE9,0xFF,0xE3,
    0xA1,0x8C,0xA5,0xED,0xFF,0xC9,0x0C,0x00,0x00,0x09,0xE2,0xFF,0x77,0x03,0x00,0x00,
    0x00,0x0B,0xAB,0xFF,0x8D,0x00,0x00,0x57,0xFF,0xA3,0x00,0x00,0x00,0x00,0x00,0x00,
    0x0E,0xF5,0xED,0x02,0x00,0x89,0xFF,0x53,0x00,0x00,0x00,0x00,0x00,0x00,0x00,0xC1,
    0xFF,0x1B,0x00,0x31,0x54,0x16,0x00,0x00,0x00,0x00,0x00,0x00,0x00,0xB1,0xFF,0x2B,
    0x00,0x00,0x00,0x00,0x00,0x00,0x0B,0x28,0x3E,0x4C,0x53,0xCB,0xFF,0x2C,0x00,0x00,
    0x02,0x4D,0xA8,0xE2,0xFF,0xFF,0xFF,0xFF,0xFF,0xFF,0xFF,0x2C,0x00,0x17,0xC5,0xFF,
    0xF0,0xA1,0x68,0x42,0x28,0x17,0x0D,0xB3,0xFF,0x2C,0x00,0xBB,0xFF,0x9D,0x0C,0x00,
    0x00,0x00,0x00,0x00,0x00,0xB0,0xFF,0x2C,0x1B,0xFF,0xD6,0x02,0x00,0x00,0x00,0x00,
    0x00,0x00,0x00,0xB0,0xFF,0x2C,0x38,0xFF,0xA1,0x00,0x00,0x00,0x00,0x00,0x00,0x00,
    0x02,0xCA,0xFF,0x2C,0x28,0xFF,0xC3,0x00,0x00,0x00,0x00,0x00,0x00,0x02,0x95,0xFF,
    0xFF,0x2C,0x01,0xDD,0xFF,0x55,0x00,0x00,0x00,0x00,0x27,0xBB,0xEB,0xC9,0xFF,0x2C,
    0x00,0x42,0xF8,0xFF,0xC2,0x96,0x9C,0xC9,0xFF,0xCC,0x24,0x99,0xFF,0x2C,0x00,0x00,
    0x2E,0xAA,0xEB,0xFE,0xED,0xBC,0x5D,0x03,0x00,0x90,0xFF,0x2C,0x58,0xFF,0x84,0x00,
    0x00,0x00,0x00,0x00,0x00,0x00,0x00,0x00,0x00,0x00,0x58,0xFF,0x84,0x00,0x00,0x00,
    0x00,0x00,0x00,0x00,0x00,0x00,0x00,0x00,0x58,0xFF,0x84,0x00,0x00,0x00,0x00,0x00,
    0x00,0x00,0x00,0x00,0x00,0x00,0x58,0xFF,0x84,0x00,0x00,0x00,0x00,0x00,0x00,0x00,
    0x00,0x00,0x00,0x00,0x58,0xFF,0x84,0x00,0x00,0x00,0x00,0x00,0x00,0x00,0x00,0x00,
    0x00,0x00,0x58,0xFF,0x84,0x00,0x22,0x98,0xE1,0xFC,0xF0,0xC0,0x5C,0x01,0x00,0x00,
    0x58,0xFF,0x84,0x57,0xF6,0xF0,0xB1,0x9C,0xB6,0xF8,0xFF,0xA8,0x03,0x00,0x58,0xFF,
    0xC2,0xFC,0x8B,0x0A,0x00,0x00,0x00,0x1E,0xD1,0xFF,0x7A,0x00,0x58,0xFF,0xFF,0x79,
    0x00,0x00,0x00,0x00,0x00,0x00,0x23,0xFA,0xF2,0x0E,0x58,0xFF,0xBD,0x01,0x00,0x00,
    0x00,0x00,0x00,0x00,0x00,0xA6,0xFF,0x59,0x58,0xFF,0x84,0x00,0x00,0x00,0x00,0x00,
    0x00,0x00,0x00,0x5F,0xFF,0x93,0x58,0xFF,0x84,0x00,0x00,0x00,0x00,0x00,0x00,0x00,
    0x00,0x39,0xFF,0xB3,0x58,0xFF,0x84,0x00,0x00,0x00,0x00,0x00,0x00,0x00,0x00,0x28,
    0xFF,0xC4,0x58,0xFF,0x84,0x00,0x00,0x00,0x00,0x00,0x00,0x00,0x00,0x28,0xFF,0xC3,
    0x58,0xFF,0x84,0x00,0x00,0x00,0x00,0x00,0x00,0x00,0x00,0x3A,0xFF,0xB3,0x58,0xFF,
    0x84,0x00,0x00,0x00,0x00,0x00,0x00,0x00,0x00,0x66,0xFF,0x8F,0x58,0xFF,0x93,0x00,
    0x00,0x00,0x00,0x00,0x00,0x00,0x00,0xB2,0xFF,0x51,0x58,0xFF,0xF8,0x35,0x00,0x00,
    0x00,0x00,0x00,0x00,0x34,0xFE,0xEB,0x08,0x58,0xFF,0xEB,0xEF,0x55,0x01,0x00,0x00,
    0x00,0x36,0xE4,0xFF,0x65,0x00,0x58,0xFF,0x74,0xAC,0xFF,0xDF,0xAC,0xA5,0xCC,0xFF,
    0xFF,0x8A,0x00,0x00,0x58,0xFF,0x62,0x01,0x59,0xBD,0xEF,0xFC,0xE8,0xAF,0x41,0x00,
    0x00,0x00,0x00,0x00,0x00,0x00,0x00,0x02,0x5B,0xB8,0xEC,0xFD,0xEF,0xC5,0x74,0x0D,
    0x00,0x00,0x00,0x00,0x0E,0xBC,0xFF,0xF0,0xAD,0x93,0xA5,0xE5,0xFF,0xDF,0x25,0x00,
    0x00,0x01,0xB6,0xFF,0xA4,0x0D,0x00,0x00,0x00,0x04,0x87,0xFF,0xD7,0x05,0x00,0x51,
    0xFF,0xC4,0x03,0x00,0x00,0x00,0x00,0x00,0x00,0xBC,0xFF,0x4D,0x00,0xBA,0xFF,0x45,
    0x00,0x00,0x00,0x00,0x00,0x00,0x00,0x63,0xFF,0x82,0x05,0xF8,0xF2,0x03,0x00,0x00,
    0x00,0x00,0x00,0x00,0x00,0x00,0x00,0x00,0x24,0xFF,0xC8,0x00,0x00,0x00,0x00,0x00,
    0x00,0x00,0x00,0x00,0x00,0x00,0x37,0xFF,0xB4,0x00,0x00,0x00,0x00,0x00,0x00,0x00,
    0x00,0x00,0x00,0x00,0x37,0xFF,0xB4,0x00,0x00,0x00,0x00,0x00,0x00,0x00,0x00,0x00,
    0x00,0x00,0x26,0xFF,0xC8,0x00,0x00,0x00,0x00,0x00,0x00,0x00,0x00,0x00,0x00,0x00,
    0x06,0xF8,0xF1,0x02,0x00,0x00,0x00,0x00,0x00,0x00,0x00,0x00,0x00,0x00,0x00,0xBB,
    0xFF,0x42,0x00,0x00,0x00,0x00,0x00,0x00,0x00,0x43,0xFF,0x9B,0x00,0x53,0xFF,0xC1,
    0x03,0x00,0x00,0x00,0x00,0x00,0x00,0x90,0xFF,0x69,0x00,0x01,0xB9,0xFF,0xA5,0x0D,
    0x00,0x00,0x00,0x02,0x68,0xFC,0xE7,0x0F,0x00,0x00,0x0F,0xBE,0xFF,0xF0,0xAC,0x94,
    0xA4,0xE1,0xFF,0xE9,0x35,0x00,0x00,0x00,0x00,0x02,0x5B,0xB9,0xEE,0xFE,0xF0,0xC8,
    0x7A,0x11,0x00,0x00,0x00,0x00,0x00,0x00,0x00,0x00,0x00,0x00,0x00,0x00,0x00,0x00,
    0xF8,0xE0,0x00,0x00,0x00,0x00,0x00,0x00,0x00,0x00,0x00,0x00,0x00,0x00,0xF8,0xE0,
    0x00,0x00,0x00,0x00,0x00,0x00,0x00,0x00,0x00,0x00,0x00,0x00,0xF8,0xE0,0x00,0x00,
    0x00,0x00,0x00,0x00,0x00,0x00,0x00,0x00,0x00,0x00,0xF8,0xE0,0x00,0x00,0x00,0x00,
    0x00,0x00,0x00,0x00,0x00,0x00,0x00,0x00,0xF8,0xE0,0x00,0x00,0x00,0x0D,0x7B,0xCE,
    0xF6,0xFA,0xD8,0x84,0x0E,0x00,0xF8,0xE0,0x00,0x00,0x23,0xDD,0xFF,0xEF,0xB3,0xA4,
    0xC1,0xFB,0xDD,0x22,0xF8,0xE0,0x00,0x07,0xD5,0xFF,0x97,0x0A,0x00,0x00,0x00,0x1F,
    0xC1,0xD2,0xFA,0xE0,0x00,0x69,0xFF,0xB9,0x01,0x00,0x00,0x00,0x00,0x00,0x09,0xCC,
    0xFF,0xE0,0x00,0xC8,0xFF,0x3B,0x00,0x00,0x00,0x00,0x00,0x00,0x00,0x2B,0xFE,0xE0,
    0x08,0xFB,0xEE,0x02,0x00,0x00,0x00,0x00,0x00,0x00,0x00,0x00,0xF8,0xE0,0x27,0xFF,
    0xC5,0x00,0x00,0x00,0x00,0x00,0x00,0x00,0x00,0x00,0xF8,0xE0,0x38,0xFF,0xB4,0x00,
    0x00,0x00,0x00,0x00,0x00,0x00,0x00,0x00,0xF8,0xE0,0x38,0xFF,0xB4,0x00,0x00,0x00,
    0x00,0x00,0x00,0x00,0x00,0x00,0xF8,0xE0,0x27,0xFF,0xC5,0x00,0x00,0x00,0x00,0x00,
    0x00,0x00,0x00,0x00,0xF8,0xE0,0x08,0xFD,0xEB,0x01,0x00,0x00,0x00,0x00,0x00,0x00,
    0x00,0x00,0xF8,0xE0,0x00,0xCC,0xFF,0x34,0x00,0x00,0x00,0x00,0x00,0x00,0x00,0x12,
    0xFC,0xE0,0x00,0x71,0xFF,0xA9,0x00,0x00,0x00,0x00,0x00,0x00,0x07,0xB8,0xFF,0xE0,
    0x00,0x0C,0xE0,0xFF,0x7E,0x03,0x00,0x00,0x00,0x26,0xC3,0xE8,0xFB,0xE0,0x00,0x00,
    0x30,0xEA,0xFF,0xE3,0xA9,0xA6,0xCC,0xFE,0xDF,0x2B,0xEB,0xE0,0x00,0x00,0x00,0x17,
    0x8E,0xDC,0xFA,0xF5,0xCE,0x78,0x0B,0x00,0xDE,0xE0,0x00,0x00,0x00,0x00,0x00,0x0B,
    0x78,0xCC,0xF5,0xFE,0xE7,0xB1,0x48,0x00,0x00,0x00,0x00,0x00,0x1C,0xD5,0xFF,0xDB,
    0x9F,0x93,0xB2,0xF5,0xFF,0x98,0x01,0x00,0x00,0x04,0xCC,0xFC,0x62,0x01,0x00,0x00,
    0x00,0x15,0xBD,0xFF,0x75,0x00,0x00,0x60,0xFF,0x7F,0x00,0x00,0x00,0x00,0x00,0x00,
    0x0E,0xE7,0xF1,0x0C,0x00,0xBE,0xF7,0x0E,0x00,0x00,0x00,0x00,0x00,0x00,0x00,0x88,
    0xFF,0x4F,0x05,0xF9,0xBF,0x00,0x00,0x00,0x00,0x00,0x00,0x00,0x00,0x51,0xFF,0x7E,
    0x24,0xFF,0xD7,0x90,0x90,0x90,0x90,0x90,0x90,0x90,0x90,0xAB,0xFF,0x94,0x37,0xFF,
    0xFF,0xFF,0xFF,0xFF,0xFF,0xFF,0xFF,0xFF,0xFF,0xFF,0xFF,0x93,0x37,0xFF,0xA0,0x00,
    0x00,0x00,0x00,0x00,0x00,0x00,0x00,0x00,0x00,0x00,0x24,0xFF,0xB8,0x00,0x00,0x00,
    0x00,0x00,0x00,0x00,0x00,0x00,0x00,0x00,0x03,0xF3,0xE9,0x01,0x00,0x00,0x00,0x00,
    0x00,0x00,0x00,0x14,0x5C,0x38,0x00,0xB1,0xFF,0x3B,0x00,0x00,0x00,0x00,0x00,0x00,
    0x00,0x4C,0xFF,0x89,0x00,0x49,0xFF,0xC0,0x03,0x00,0x00,0x00,0x00,0x00,0x00,0x9F,
    0xFF,0x4B,0x00,0x00,0xB0,0xFF,0xA4,0x0B,0x00,0x00,0x00,0x01,0x6A,0xFE,0xCC,0x02,
    0x00,0x00,0x0C,0xB9,0xFF,0xED,0xA7,0x8C,0x9A,0xD8,0xFF,0xD8,0x1F,0x00,0x00,0x00,
    0x00,0x02,0x5D,0xBB,0xEE,0xFE,0xF3,0xC9,0x73,0x0A,0x00,0x00,0x00,0x00,0x00,0x00,
    0x67,0xD6,0xFA,0xFF,0xA4,0x00,0x00,0x00,0x5A,0xFF,0xEF,0xA5,0x94,0x5F,0x00,0x00,
    0x00,0xB4,0xFF,0x42,0x00,0x00,0x00,0x00,0x00,0x00,0xD5,0xFD,0x04,0x00,0x00,0x00,
    0x00,0x00,0x00,0xDC,0xF4,0x00,0x00,0x00,0x00,0x6C,0xFF,0xFF,0xFF,0xFF,0xFF,0xFF,
    0xFF,0xA4,0x3E,0x94,0x94,0xF1,0xFB,0x94,0x94,0x94,0x5F,0x00,0x00,0x00,0xDC,0xF4,
    0x00,0x00,0x00,0x00,0x00,0x00,0x00,0xDC,0xF4,0x00,0x00,0x00,0x00,0x00,0x00,0x00,
    0xDC,0xF4,0x00,0x00,0x00,0x00,0x00,0x00,0x00,0xDC,0xF4,0x00,0x00,0x00,0x00,0x00,
    0x00,0x00,0xDC,0xF4,0x00,0x00,0x00,0x00,0x00,0x00,0x00,0xDC,0xF4,0x00,0x00,0x00,
    0x00,0x00,0x00,0x00,0xDC,0xF4,0x00,0x00,0x00,0x00,0x00,0x00,0x00,0xDC,0xF4,0x00,
    0x00,0x00,0x00,0x00,0x00,0x00,0xDC,0xF4,0x00,0x00,0x00,0x00,0x00,0x00,0x00,0xDC,
    0xF4,0x00,0x00,0x00,0x00,0x00,0x00,0x00,0xDC,0xF4,0x00,0x00,0x00,0x00,0x00,0x00,
    0x00,0xDC,0xF4,0x00,0x00,0x00,0x00,0x00,0x00,0x00,0xDC,0xF4,0x00,0x00,0x00,0x00,
    0x00,0x00,0x00,0xDC,0xF4,0x00,0x00,0x00,0x00,0x00,0x00,0x00,0x00,0x00,0x00,0x00,
    0x00,0x00,0x00,0x00,0x00,0x00,0x0B,0x6A,0xA6,0x75,0x00,0x00,0x00,0x00,0x00,0x00,
    0x00,0x00,0x00,0x15,0xDA,0xFF,0xFF,0xA0,0x00,0x00,0x00,0x40,0xB1,0xEB,0xFD,0xEE,
    0xB9,0xC1,0xE6,0x5C,0x23,0x0B,0x00,0x00,0x79,0xFF,0xE6,0x8A,0x6B,0x86,0xDC,0xFF,
    0x9D,0x00,0x00,0x00,0x00,0x43,0xFF,0xBE,0x0C,0x00,0x00,0x00,0x07,0xAF,0xFF,0x4F,
    0x00,0x00,0x00,0xB7,0xFD,0x1E,0x00,0x00,0x00,0x00,0x00,0x17,0xFC,0xBF,0x00,0x00,
    0x01,0xF4,0xCF,0x00,0x00,0x00,0x00,0x00,0x00,0x00,0xD1,0xF9,0x02,0x00,0x0A,0xFF,
    0xBA,0x00,0x00,0x00,0x00,0x00,0x00,0x00,0xBE,0xFF,0x0E,0x00,0x01,0xF4,0xCE,0x00,
    0x00,0x00,0x00,0x00,0x00,0x00,0xD2,0xF9,0x02,0x00,0x00,0xB5,0xFC,0x1D,0x00,0x00,
    0x00,0x00,0x00,0x1E,0xFD,0xBD,0x00,0x00,0x00,0x3F,0xFF,0xC0,0x11,0x00,0x00,0x00,
    0x0C,0xBE,0xFF,0x4C,0x00,0x00,0x00,0x00,0x7C,0xFF,0xE9,0x8E,0x6F,0x8D,0xE6,0xFF,
    0x84,0x00,0x00,0x00,0x00,0x46,0xE9,0xD7,0xB8,0xEC,0xFD,0xEC,0xB5,0x44,0x00,0x00,
    0x00,0x00,0x05,0xEE,0xC0,0x04,0x00,0x00,0x00,0x00,0x00,0x00,0x00,0x00,0x00,0x00,
    0x07,0xF4,0xDA,0x41,0x0E,0x01,0x00,0x00,0x00,0x00,0x00,0x00,0x00,0x00,0x00,0x5B,
    0xF6,0xFF,0xFF,0xFF,0xFF,0xFC,0xEF,0xD3,0xA0,0x49,0x00,0x00,0x00,0x23,0xC7,0xF3,
    0xAC,0xA0,0xA0,0xA4,0xB5,0xDB,0xFF,0xFF,0xA2,0x01,0x1B,0xE9,0xC8,0x15,0x00,0x00,
    0x00,0x00,0x00,0x00,0x2D,0xD0,0xFF,0x50,0x97,0xFF,0x26,0x00,0x00,0x00,0x00,0x00,
    0x00,0x00,0x00,0x3E,0xFF,0x92,0xCB,0xED,0x00,0x00,0x00,0x00,0x00,0x00,0x00,0x00,
    0x00,0x24,0xFF,0x99,0xB5,0xFE,0x1E,0x00,0x00,0x00,0x00,0x00,0x00,0x00,0x00,0x6D,
    0xFF,0x68,0x59,0xFF,0xC8,0x1A,0x00,0x00,0x00,0x00,0x00,0x01,0x58,0xF6,0xDE,0x0B,
    0x00,0x8E,0xFF,0xF9,0xBD,0x95,0x89,0x90,0xAB,0xE3,0xFF,0xD7,0x24,0x00,0x00,0x00,
    0x3A,0x9D,0xD6,0xF4,0xFF,0xF8,0xE0,0xB1,0x60,0x06,0x00,0x00,0x58,0xFF,0x84,0x00,
    0x00,0x00,0x00,0x00,0x00,0x00,0x00,0x00,0x00,0x58,0xFF,0x84,0x00,0x00,0x00,0x00,
    0x00,0x00,0x00,0x00,0x00,0x00,0x58,0xFF,0x84,0x00,0x00,0x00,0x00,0x00,0x00,0x00,
    0x00,0x00,0x00,0x58,0xFF,0x84,0x00,0x00,0x00,0x00,0x00,0x00,0x00,0x00,0x00,0x00,
    0x58,0xFF,0x84,0x00,0x00,0x00,0x00,0x00,0x00,0x00,0x00,0x00,0x00,0x58,0xFF,0x84,
    0x00,0x23,0x98,0xDD,0xFA,0xF9,0xD2,0x71,0x03,0x00,0x58,0xFF,0x84,0x61,0xF6,0xF8,
    0xC1,0xA6,0xB3,0xF5,0xFF,0x91,0x00,0x58,0xFF,0xD8,0xFF,0x95,0x11,0x00,0x00,0x00,
    0x22,0xEB,0xFD,0x21,0x58,0xFF,0xFE,0x62,0x00,0x00,0x00,0x00,0x00,0x00,0x81,0xFF,
    0x6F,0x58,0xFF,0x99,0x00,0x00,0x00,0x00,0x00,0x00,0x00,0x49,0xFF,0x9B,0x58,0xFF,
    0x84,0x00,0x00,0x00,0x00,0x00,0x00,0x00,0x32,0xFF,0xAE,0x58,0xFF,0x84,0x00,0x00,
    0x00,0x00,0x00,0x00,0x00,0x2C,0xFF,0xB0,0x58,0xFF,0x84,0x00,0x00,0x00,0x00,0x00,
    0x00,0x00,0x2C,0xFF,0xB0,0x58,0xFF,0x84,0x00,0x00,0x00,0x00,0x00,0x00,0x00,0x2C,
    0xFF,0xB0,0x58,0xFF,0x84,0x00,0x00,0x00,0x00,0x00,0x00,0x00,0x2C,0xFF,0xB0,0x58,
    0xFF,0x84,0x00,0x00,0x00,0x00,0x00,0x00,0x00,0x2C,0xFF,0xB0,0x58,0xFF,0x84,0x00,
    0x00,0x00,0x00,0x00,0x00,0x00,0x2C,0xFF,0xB0,0x58,0xFF,0x84,0x00,0x00,0x00,0x00,
    0x00,0x00,0x00,0x2C,0xFF,0xB0,0x58,0xFF,0x84,0x00,0x00,0x00,0x00,0x00,0x00,0x00,
    0x2C,0xFF,0xB0,0x58,0xFF,0x84,0x00,0x00,0x00,0x00,0x00,0x00,0x00,0x2C,0xFF,0xB0,
    0x58,0xFF,0x84,0x00,0x00,0x00,0x00,0x00,0x00,0x00,0x2C,0xFF,0xB0,0x00,0x00,0x00,
    0x1C,0x7F,0x2C,0xA4,0xFF,0xCC,0x66,0xF8,0x88,0x00,0x00,0x00,0x00,0x00,0x00,0x00,
    0x00,0x00,0x58,0xFF,0x84,0x58,0xFF,0x84,0x58,0xFF,0x84,0x58,0xFF,0x84,0x58,0xFF,
    0x84,0x58,0xFF,0x84,0x58,0xFF,0x84,0x58,0xFF,0x84,0x58,0xFF,0x84,0x58,0xFF,0x84,
    0x58,0xFF,0x84,0x58,0xFF,0x84,0x58,0xFF,0x84,0x58,0xFF,0x84,0x58,0xFF,0x84,0x58,
    0xFF,0x84,0x00,0x00,0x00,0x00,0x00,0x1C,0x7F,0x2C,0x00,0x00,0x00,0xA4,0xFF,0xCC,
    0x00,0x00,0x00,0x66,0xF8,0x88,0x00,0x00,0x00,0x00,0x00,0x00,0x00,0x00,0x00,0x00,
    0x00,0x00,0x00,0x00,0x00,0x00,0x00,0x00,0x00,0x00,0x00,0x58,0xFF,0x84,0x00,0x00,
    0x00,0x58,0xFF,0x84,0x00,0x00,0x00,0x58,0xFF,0x84,0x00,0x00,0x00,0x58,0xFF,0x84,
    0x00,0x00,0x00,0x58,0xFF,0x84,0x00,0x00,0x00,0x58,0xFF,0x84,0x00,0x00,0x00,0x58,
    0xFF,0x84,0x00,0x00,0x00,0x58,0xFF,0x84,0x00,0x00,0x00,0x58,0xFF,0x84,0x00,0x00,
    0x00,0x58,0xFF,0x84,0x00,0x00,0x00,0x58,0xFF,0x84,0x00,0x00,0x00,0x58,0xFF,0x84,
    0x00,0x00,0x00,0x58,0xFF,0x84,0x00,0x00,0x00,0x58,0xFF,0x84,0x00,0x00,0x00,0x58,
    0xFF,0x84,0x00,0x00,0x00,0x58,0xFF,0x84,0x00,0x00,0x00,0x58,0xFF,0x84,0x00,0x00,
    0x00,0x58,0xFF,0x83,0x00,0x00,0x00,0x68,0xFF,0x75,0x00,0x00,0x02,0xBB,0xFF,0x44,
    0x2D,0x96,0xD1,0xFF,0xD2,0x03,0x50,0xFF,0xEC,0xA7,0x1B,0x00,0x58,0xFF,0x84,0x00,
    0x00,0x00,0x00,0x00,0x00,0x00,0x00,0x00,0x00,0x58,0xFF,0x84,0x00,0x00,0x00,0x00,
    0x00,0x00,0x00,0x00,0x00,0x00,0x58,0xFF,0x84,0x00,0x00,0x00,0x00,0x00,0x00,0x00,
    0x00,0x00,0x00,0x58,0xFF,0x84,0x00,0x00,0x00,0x00,0x00,0x00,0x00,0x00,0x00,0x00,
    0x58,0xFF,0x84,0x00,0x00,0x00,0x00,0x00,0x00,0x00,0x00,0x00,0x00,0x58,0xFF,0x84,
    0x00,0x00,0x00,0x00,0x00,0x02,0xA2,0xFF,0xB3,0x05,0x58,0xFF,0x84,0x00,0x00,0x00,
    0x00,0x01,0x99,0xFF,0xB9,0x07,0x00,0x58,0xFF,0x84,0x00,0x00,0x00,0x00,0x90,0xFF,
    0xBF,0x09,0x00,0x00,0x58,0xFF,0x84,0x00,0x00,0x00,0x86,0xFF,0xC6,0x0B,0x00,0x00,
    0x00,0x58,0xFF,0x84,0x00,0x00,0x7E,0xFF,0xCB,0x0F,0x00,0x00,0x00,0x00,0x58,0xFF,
    0x84,0x00,0x75,0xFF,0xD1,0x12,0x00,0x00,0x00,0x00,0x00,0x58,0xFF,0x84,0x6B,0xFF,
    0xD5,0x15,0x00,0x00,0x00,0x00,0x00,0x00,0x58,0xFF,0xCC,0xFF,0xFE,0x29,0x00,0x00,
    0x00,0x00,0x00,0x00,0x00,0x58,0xFF,0x8C,0xBC,0xFF,0xC5,0x0B,0x00,0x00,0x00,0x00,
    0x00,0x00,0x58,0xFF,0x84,0x0B,0xC4,0xFF,0xBB,0x08,0x00,0x00,0x00,0x00,0x00,0x58,
    0xFF,0x84,0x00,0x0F,0xCB,0xFF,0xB2,0x05,0x00,0x00,0x00,0x00,0x58,0xFF,0x84,0x00,
    0x00,0x12,0xD2,0xFF,0xA7,0x03,0x00,0x00,0x00,0x58,0xFF,0x84,0x00,0x00,0x00,0x17,
    0xD8,0xFF,0x9B,0x01,0x00,0x00,0x58,0xFF,0x84,0x00,0x00,0x00,0x00,0x1C,0xDE,0xFF,
    0x90,0x00,0x00,0x58,0xFF,0x84,0x00,0x00,0x00,0x00,0x00,0x21,0xE3,0xFF,0x83,0x00,
    0x58,0xFF,0x84,0x00,0x00,0x00,0x00,0x00,0x00,0x26,0xE9,0xFF,0x77,0x00,0x00,0x00,
    0x88,0xFF,0x50,0x00,0x00,0x00,0x88,0xFF,0x50,0x00,0x00,0x00,0x88,0xFF,0x50,0x00,
    0x00,0x00,0x88,0xFF,0x50,0x00,0x00,0x00,0x88,0xFF,0x50,0x00,0x00,0x00,0x88,0xFF,
    0x50,0x00,0x00,0x00,0x88,0xFF,0x50,0x00,0x00,0x00,0x88,0xFF,0x50,0x00,0x00,0x00,
    0x88,0xFF,0x50,0x00,0x00,0x00,0x88,0xFF,0x50,0x00,0x00,0x00,0x88,0xFF,0x50,0x00,
    0x00,0x00,0x88,0xFF,0x50,0x00,0x00,0x00,0x88,0xFF,0x50,0x00,0x00,0x00,0x88,0xFF,
    0x50,0x00,0x00,0x00,0x88,0xFF,0x50,0x00,0x00,0x00,0x88,0xFF,0x50,0x00,0x00,0x00,
    0x86,0xFF,0x52,0x00,0x00,0x00,0x75,0xFF,0x69,0x00,0x00,0x00,0x49,0xFF,0xB1,0x00,
    0x00,0x00,0x06,0xDC,0xFF,0xBF,0x91,0x14,0x00,0x21,0xAF,0xEE,0xFF,0x24,0x00,0x00,
    0x58,0xFF,0x70,0x00,0x30,0xA8,0xE5,0xFC,0xF3,0xBD,0x45,0x00,0x00,0x00,0x45,0xB3,
    0xEC,0xFE,0xEB,0xAF,0x2E,0x00,0x00,0x58,0xFF,0x7A,0x6D,0xFB,0xF1,0xB8,0xA4,0xC3,
    0xFF,0xFE,0x4C,0x07,0x9B,0xFF,0xE6,0xB0,0xA4,0xD1,0xFF,0xF4,0x27,0x00,0x58,0xFF,
    0xD9,0xFD,0x83,0x0A,0x00,0x00,0x00,0x56,0xFF,0xD7,0xBC,0xF1,0x5F,0x02,0x00,0x00,
    0x00,0x81,0xFF,0xA7,0x00,0x58,0xFF,0xFD,0x56,0x00,0x00,0x00,0x00,0x00,0x00,0xC9,
    0xFF,0xE7,0x2A,0x00,0x00,0x00,0x00,0x00,0x06,0xEF,0xF4,0x03,0x58,0xFF,0x98,0x00,
    0x00,0x00,0x00,0x00,0x00,0x00,0x91,0xFF,0x62,0x00,0x00,0x00,0x00,0x00,0x00,0x00,
    0xBD,0xFF,0x23,0x58,0xFF,0x84,0x00,0x00,0x00,0x00,0x00,0x00,0x00,0x7A,0xFF,0x66,
    0x00,0x00,0x00,0x00,0x00,0x00,0x00,0xA6,0xFF,0x36,0x58,0xFF,0x84,0x00,0x00,0x00,
    0x00,0x00,0x00,0x00,0x74,0xFF,0x68,0x00,0x00,0x00,0x00,0x00,0x00,0x00,0xA0,0xFF,
    0x38,0x58,0xFF,0x84,0x00,0x00,0x00,0x00,0x00,0x00,0x00,0x74,0xFF,0x68,0x00,0x00,
    0x00,0x00,0x00,0x00,0x00,0xA0,0xFF,0x38,0x58,0xFF,0x84,0x00,0x00,0x00,0x00,0x00,
    0x00,0x00,0x74,0xFF,0x68,0x00,0x00,0x00,0x00,0x00,0x00,0x00,0xA0,0xFF,0x38,0x58,
    0xFF,0x84,0x00,0x00,0x00,0x00,0x00,0x00,0x00,0x74,0xFF,0x68,0x00,0x00,0x00,0x00,
    0x00,0x00,0x00,0xA0,0xFF,0x38,0x58,0xFF,0x84,0x00,0x00,0x00,0x00,0x00,0x00,0x00,
    0x74,0xFF,0x68,0x00,0x00,0x00,0x00,0x00,0x00,0x00,0xA0,0xFF,0x38,0x58,0xFF,0x84,
    0x00,0x00,0x00,0x00,0x00,0x00,0x00,0x74,0xFF,0x68,0x00,0x00,0x00,0x00,0x00,0x00,
    0x00,0xA0,0xFF,0x38,0x58,0xFF,0x84,0x00,0x00,0x00,0x00,0x00,0x00,0x00,0x74,0xFF,
    0x68,0x00,0x00,0x00,0x00,0x00,0x00,0x00,0xA0,0xFF,0x38,0x58,0xFF,0x84,0x00,0x00,
    0x00,0x00,0x00,0x00,0x00,0x74,0xFF,0x68,0x00,0x00,0x00,0x00,0x00,0x00,0x00,0xA0,
    0xFF,0x38,0x58,0xFF,0x84,0x00,0x00,0x00,0x00,0x00,0x00,0x00,0x74,0xFF,0x68,0x00,
    0x00,0x00,0x00,0x00,0x00,0x00,0xA0,0xFF,0x38,0x58,0xFF,0x84,0x00,0x00,0x00,0x00,
    0x00,0x00,0x00,0x74,0xFF,0x68,0x00,0x00,0x00,0x00,0x00,0x00,0x00,0xA0,0xFF,0x38,
    0x58,0xFF,0x70,0x00,0x23,0x98,0xDD,0xFA,0xF9,0xD1,0x6C,0x02,0x00,0x58,0xFF,0x7A,
    0x61,0xF6,0xF8,0xC1,0xA6,0xB4,0xF6,0xFF,0x8C,0x00,0x58,0xFF,0xD7,0xFF,0x95,0x11,
    0x00,0x00,0x00,0x24,0xED,0xFC,0x1E,0x58,0xFF,0xFE,0x62,0x00,0x00,0x00,0x00,0x00,
    0x00,0x83,0xFF,0x6E,0x58,0xFF,0x99,0x00,0x00,0x00,0x00,0x00,0x00,0x00,0x49,0xFF,
    0x9B,0x58,0xFF,0x84,0x00,0x00,0x00,0x00,0x00,0x00,0x00,0x32,0xFF,0xAD,0x58,0xFF,
    0x84,0x00,0x00,0x00,0x00,0x00,0x00,0x00,0x2C,0xFF,0xB0,0x58,0xFF,0x84,0x00,0x00,
    0x00,0x00,0x00,0x00,0x00,0x2C,0xFF,0xB0,0x58,0xFF,0x84,0x00,0x00,0x00,0x00,0x00,
    0x00,0x00,0x2C,0xFF,0xB0,0x58,0xFF,0x84,0x00,0x00,0x00,0x00,0x00,0x00,0x00,0x2C,
    0xFF,0xB0,0x58,0xFF,0x84,0x00,0x00,0x00,0x00,0x00,0x00,0x00,0x2C,0xFF,0xB0,0x58,
    0xFF,0x84,0x00,0x00,0x00,0x00,0x00,0x00,0x00,0x2C,0xFF,0xB0,0x58,0xFF,0x84,0x00,
    0x00,0x00,0x00,0x00,0x00,0x00,0x2C,0xFF,0xB0,0x58,0xFF,0x84,0x00,0x00,0x00,0x00,
    0x00,0x00,0x00,0x2C,0xFF,0xB0,0x58,0xFF,0x84,0x00,0x00,0x00,0x00,0x00,0x00,0x00,
    0x2C,0xFF,0xB0,0x58,0xFF,0x84,0x00,0x00,0x00,0x00,0x00,0x00,0x00,0x2C,0xFF,0xB0,
    0x00,0x00,0x00,0x03,0x5D,0xBB,0xED,0xFC,0xF0,0xC5,0x73,0x0C,0x00,0x00,0x00,0x00,
    0x00,0x0F,0xC0,0xFF,0xE6,0xA2,0x8C,0x9C,0xD9,0xFF,0xDD,0x2B,0x00,0x00,0x00,0x01,
    0xB7,0xFF,0x93,0x06,0x00,0x00,0x00,0x01,0x64,0xFB,0xE5,0x15,0x00,0x00,0x51,0xFF,
    0xB9,0x01,0x00,0x00,0x00,0x00,0x00,0x00,0x75,0xFF,0x97,0x00,0x00,0xB8,0xFF,0x3D,
    0x00,0x00,0x00,0x00,0x00,0x00,0x00,0x08,0xEC,0xF6,0x0C,0x05,0xF6,0xF1,0x03,0x00,
    0x00,0x00,0x00,0x00,0x00,0x00,0x00,0xA7,0xFF,0x48,0x24,0xFF,0xC8,0x00,0x00,0x00,
    0x00,0x00,0x00,0x00,0x00,0x00,0x7B,0xFF,0x73,0x37,0xFF,0xB4,0x00,0x00,0x00,0x00,
    0x00,0x00,0x00,0x00,0x00,0x65,0xFF,0x85,0x38,0xFF,0xB4,0x00,0x00,0x00,0x00,0x00,
    0x00,0x00,0x00,0x00,0x64,0xFF,0x87,0x26,0xFF,0xC6,0x00,0x00,0x00,0x00,0x00,0x00,
    0x00,0x00,0x00,0x78,0xFF,0x75,0x06,0xF8,0xEE,0x01,0x00,0x00,0x00,0x00,0x00,0x00,
    0x00,0x00,0xA3,0xFF,0x4B,0x00,0xBB,0xFF,0x39,0x00,0x00,0x00,0x00,0x00,0x00,0x00,
    0x05,0xE9,0xF8,0x0E,0x00,0x56,0xFF,0xB2,0x00,0x00,0x00,0x00,0x00,0x00,0x00,0x6F,
    0xFF,0x9C,0x00,0x00,0x02,0xBC,0xFF,0x8F,0x06,0x00,0x00,0x00,0x00,0x5F,0xFA,0xE8,
    0x17,0x00,0x00,0x00,0x10,0xC2,0xFF,0xE5,0xA2,0x8C,0x9C,0xD8,0xFF,0xDF,0x2D,0x00,
    0x00,0x00,0x00,0x00,0x03,0x5E,0xBC,0xEE,0xFC,0xF0,0xC6,0x73,0x0C,0x00,0x00,0x00,
    0x58,0xFF,0x84,0x00,0x21,0x96,0xE0,0xFC,0xF0,0xC0,0x5C,0x01,0x00,0x00,0x58,0xFF,
    0x84,0x52,0xF5,0xF0,0xB2,0x9C,0xB6,0xF8,0xFF,0xA8,0x03,0x00,0x58,0xFF,0xC0,0xFB,
    0x8D,0x0A,0x00,0x00,0x00,0x1E,0xD1,0xFF,0x7B,0x00,0x58,0xFF,0xFF,0x7C,0x00,0x00,
    0x00,0x00,0x00,0x00,0x23,0xFA,0xF2,0x0E,0x58,0xFF,0xBE,0x01,0x00,0x00,0x00,0x00,
    0x00,0x00,0x00,0xA6,0xFF,0x5A,0x58,0xFF,0x84,0x00,0x00,0x00,0x00,0x00,0x00,0x00,
    0x00,0x5F,0xFF,0x95,0x58,0xFF,0x84,0x00,0x00,0x00,0x00,0x00,0x00,0x00,0x00,0x39,
    0xFF,0xB5,0x58,0xFF,0x84,0x00,0x00,0x00,0x00,0x00,0x00,0x00,0x00,0x28,0xFF,0xC4,
    0x58,0xFF,0x84,0x00,0x00,0x00,0x00,0x00,0x00,0x00,0x00,0x28,0xFF,0xC3,0x58,0xFF,
    0x84,0x00,0x00,0x00,0x00,0x00,0x00,0x00,0x00,0x3C,0xFF,0xB3,0x58,0xFF,0x84,0x00,
    0x00,0x00,0x00,0x00,0x00,0x00,0x00,0x66,0xFF,0x8D,0x58,0xFF,0x93,0x00,0x00,0x00,
    0x00,0x00,0x00,0x00,0x00,0xB2,0xFF,0x50,0x58,0xFF,0xF7,0x32,0x00,0x00,0x00,0x00,
    0x00,0x00,0x33,0xFE,0xE8,0x07,0x58,0xFF,0xEC,0xEE,0x51,0x01,0x00,0x00,0x00,0x36,
    0xE3,0xFF,0x63,0x00,0x58,0xFF,0x81,0xAA,0xFF,0xDF,0xAC,0xA5,0xCB,0xFF,0xFF,0x85,
    0x00,0x00,0x58,0xFF,0x7C,0x01,0x57,0xBD,0xEF,0xFC,0xE8,0xAD,0x41,0x00,0x00,0x00,
    0x58,0xFF,0x7C,0x00,0x00,0x00,0x00,0x00,0x00,0x00,0x00,0x00,0x00,0x00,0x58,0xFF,
    0x7C,0x00,0x00,0x00,0x00,0x00,0x00,0x00,0x00,0x00,0x00,0x00,0x58,0xFF,0x7C,0x00,
    0x00,0x00,0x00,0x00,0x00,0x00,0x00,0x00,0x00,0x00,0x58,0xFF,0x7C,0x00,0x00,0x00,
    0x00,0x00,0x00,0x00,0x00,0x00,0x00,0x00,0x58,0xFF,0x7C,0x00,0x00,0x00,0x00,0x00,
    0x00,0x00,0x00,0x00,0x00,0x00,0x58,0xFF,0x7C,0x00,0x00,0x00,0x00,0x00,0x00,0x00,
    0x00,0x00,0x00,0x00,0x00,0x00,0x00,0x0D,0x7B,0xCE,0xF6,0xFA,0xD9,0x85,0x10,0x00,
    0xE4,0xE0,0x00,0x00,0x23,0xDD,0xFF,0xEE,0xB3,0xA4,0xC1,0xFC,0xDE,0x22,0xED,0xE0,
    0x00,0x07,0xD6,0xFF,0x92,0x0A,0x00,0x00,0x00,0x20,0xC4,0xD3,0xF8,0xE0,0x00,0x6A,
    0xFF,0xAF,0x00,0x00,0x00,0x00,0x00,0x00,0x0A,0xCC,0xFF,0xE0,0x00,0xC8,0xFF,0x2C,
    0x00,0x00,0x00,0x00,0x00,0x00,0x00,0x28,0xFE,0xE0,0x08,0xFC,0xDD,0x00,0x00,0x00,
    0x00,0x00,0x00,0x00,0x00,0x00,0xF8,0xE0,0x27,0xFF,0xB1,0x00,0x00,0x00,0x00,0x00,
    0x00,0x00,0x00,0x00,0xF8,0xE0,0x38,0xFF,0xA0,0x00,0x00,0x00,0x00,0x00,0x00,0x00,
    0x00,0x00,0xF8,0xE0,0x37,0xFF,0xA0,0x00,0x00,0x00,0x00,0x00,0x00,0x00,0x00,0x00,
    0xF8,0xE0,0x27,0xFF,0xB1,0x00,0x00,0x00,0x00,0x00,0x00,0x00,0x00,0x00,0xF8,0xE0,
    0x08,0xFC,0xDB,0x00,0x00,0x00,0x00,0x00,0x00,0x00,0x00,0x00,0xF8,0xE0,0x00,0xCB,
    0xFF,0x26,0x00,0x00,0x00,0x00,0x00,0x00,0x00,0x18,0xFC,0xE0,0x00,0x71,0xFF,0xA0,
    0x00,0x00,0x00,0x00,0x00,0x00,0x0A,0xC2,0xFF,0xE0,0x00,0x0B,0xE0,0xFF,0x7A,0x03,
    0x00,0x00,0x00,0x29,0xC9,0xDE,0xFB,0xE0,0x00,0x00,0x30,0xEA,0xFF,0xE3,0xA9,0xA6,
    0xCC,0xFF,0xD9,0x24,0xF8,0xE0,0x00,0x00,0x00,0x17,0x8E,0xDC,0xFA,0xF5,0xCC,0x76,
    0x0A,0x00,0xF8,0xE0,0x00,0x00,0x00,0x00,0x00,0x00,0x00,0x00,0x00,0x00,0x00,0x00,
    0xF8,0xE0,0x00,0x00,0x00,0x00,0x00,0x00,0x00,0x00,0x00,0x00,0x00,0x00,0xF8,0xE0,
    0x00,0x00,0x00,0x00,0x00,0x00,0x00,0x00,0x00,0x00,0x00,0x00,0xF8,0xE0,0x00,0x00,
    0x00,0x00,0x00,0x00,0x00,0x00,0x00,0x00,0x00,0x00,0xF8,0xE0,0x00,0x00,0x00,0x00,
    0x00,0x00,0x00,0x00,0x00,0x00,0x00,0x00,0xF8,0xE0,0x00,0x00,0x00,0x00,0x00,0x00,
    0x00,0x00,0x00,0x00,0x00,0x00,0xF8,0xE0,0x58,0xFF,0x60,0x00,0x50,0xC0,0xF4,0x8F,
    0x58,0xFF,0x69,0x83,0xFF,0xFF,0xE9,0x7C,0x58,0xFF,0xCB,0xFE,0x8F,0x1B,0x00,0x00,
    0x58,0xFF,0xFF,0x61,0x00,0x00,0x00,0x00,0x58,0xFF,0xA0,0x00,0x00,0x00,0x00,0x00,
    0x58,0xFF,0x84,0x00,0x00,0x00,0x00,0x00,0x58,0xFF,0x84,0x00,0x00,0x00,0x00,0x00,
    0x58,0xFF,0x84,0x00,0x00,0x00,0x00,0x00,0x58,0xFF,0x84,0x00,0x00,0x00,0x00,0x00,
    0x58,0xFF,0x84,0x00,0x00,0x00,0x00,0x00,0x58,0xFF,0x84,0x00,0x00,0x00,0x00,0x00,
    0x58,0xFF,0x84,0x00,0x00,0x00,0x00,0x00,0x58,0xFF,0x84,0x00,0x00,0x00,0x00,0x00,
    0x58,0xFF,0x84,0x00,0x00,0x00,0x00,0x00,0x58,0xFF,0x84,0x00,0x00,0x00,0x00,0x00,
    0x58,0xFF,0x84,0x00,0x00,0x00,0x00,0x00,0x00,0x00,0x06,0x6C,0xC4,0xF1,0xFE,0xF0,
    0xBF,0x61,0x03,0x00,0x00,0x00,0x0C,0xC8,0xFF,0xE6,0xA7,0x95,0xAB,0xF0,0xFF,0xBB,
    0x08,0x00,0x00,0x86,0xFF,0x95,0x06,0x00,0x00,0x00,0x0E,0xAC,0xFF,0x86,0x00,0x00,
    0xCE,0xFC,0x0A,0x00,0x00,0x00,0x00,0x00,0x0E,0xF5,0xEA,0x01,0x00,0xD4,0xFA,0x08,
    0x00,0x00,0x00,0x00,0x00,0x00,0xC6,0xFF,0x18,0x00,0x99,0xFF,0x9D,0x0C,0x00,0x00,
    0x00,0x00,0x00,0x0C,0x10,0x02,0x00,0x18,0xDC,0xFF,0xF0,0x9D,0x52,0x12,0x00,0x00,
    0x00,0x00,0x00,0x00,0x00,0x0E,0x82,0xE8,0xFF,0xFF,0xFD,0xC6,0x6A,0x0B,0x00,0x00,
    0x00,0x00,0x00,0x00,0x03,0x3D,0x80,0xC6,0xFE,0xFF,0xE4,0x36,0x00,0x00,0x00,0x00,
    0x00,0x00,0x00,0x00,0x00,0x1C,0x90,0xFF,0xE9,0x0B,0x1E,0x50,0x27,0x00,0x00,0x00,
    0x00,0x00,0x00,0x00,0x9C,0xFF,0x51,0x53,0xFF,0x8D,0x00,0x00,0x00,0x00,0x00,0x00,
    0x00,0x61,0xFF,0x6C,0x20,0xFF,0xD1,0x01,0x00,0x00,0x00,0x00,0x00,0x00,0x82,0xFF,
    0x58,0x00,0xB1,0xFF,0x92,0x09,0x00,0x00,0x00,0x00,0x3A,0xEF,0xF3,0x12,0x00,0x15,
    0xCC,0xFF,0xED,0xAA,0x8C,0x94,0xC7,0xFF,0xF9,0x54,0x00,0x00,0x00,0x06,0x64,0xBC,
    0xEC,0xFE,0xF7,0xD7,0x95,0x27,0x00,0x00,0x00,0x00,0x00,0x6E,0x7A,0x00,0x00,0x00,
    0x00,0x00,0x00,0x00,0xDC,0xF4,0x00,0x00,0x00,0x00,0x00,0x00,0x00,0xDC,0xF4,0x00,
    0x00,0x00,0x00,0x00,0x00,0x00,0xDC,0xF4,0x00,0x00,0x00,0x00,0x6C,0xFF,0xFF,0xFF,
    0xFF,0xFF,0xFF,0xFF,0xEC,0x3E,0x94,0x94,0xF1,0xFB,0x94,0x94,0x94,0x88,0x00,0x00,
    0x00,0xDC,0xF4,0x00,0x00,0x00,0x00,0x00,0x00,0x00,0xDC,0xF4,0x00,0x00,0x00,0x00,
    0x00,0x00,0x00,0xDC,0xF4,0x00,0x00,0x00,0x00,0x00,0x00,0x00,0xDC,0xF4,0x00,0x00,
    0x00,0x00,0x00,0x00,0x00,0xDC,0xF4,0x00,0x00,0x00,0x00,0x00,0x00,0x00,0xDC,0xF4,
    0x00,0x00,0x00,0x00,0x00,0x00,0x00,0xDC,0xF4,0x00,0x00,0x00,0x00,0x00,0x00,0x00,
    0xDC,0xF4,0x00,0x00,0x00,0x00,0x00,0x00,0x00,0xDC,0xF4,0x00,0x00,0x00,0x00,0x00,
    0x00,0x00,0xD8,0xF8,0x00,0x00,0x00,0x00,0x00,0x00,0x00,0xC3,0xFF,0x12,0x00,0x00,
    0x00,0x00,0x00,0x00,0x93,0xFF,0x5C,0x00,0x00,0x00,0x00,0x00,0x00,0x2F,0xFB,0xF6,
    0xA5,0x90,0x89,0x00,0x00,0x00,0x00,0x48,0xCB,0xF9,0xFF,0xF4,0x80,0xFF,0x5C,0x00,
    0x00,0x00,0x00,0x00,0x00,0x00,0x04,0xFF,0xD8,0x80,0xFF,0x5C,0x00,0x00,0x00,0x00,
    0x00,0x00,0x00,0x04,0xFF,0xD8,0x80,0xFF,0x5C,0x00,0x00,0x00,0x00,0x00,0x00,0x00,
    0x04,0xFF,0xD8,0x80,0xFF,0x5C,0x00,0x00,0x00,0x00,0x00,0x00,0x00,0x04,0xFF,0xD8,
    0x80,0xFF,0x5C,0x00,0x00,0x00,0x00,0x00,0x00,0x00,0x04,0xFF,0xD8,0x80,0xFF,0x5C,
    0x00,0x00,0x00,0x00,0x00,0x00,0x00,0x04,0xFF,0xD8,0x80,0xFF,0x5C,0x00,0x00,0x00,
    0x00,0x00,0x00,0x00,0x04,0xFF,0xD8,0x80,0xFF,0x5C,0x00,0x00,0x00,0x00,0x00,0x00,
    0x00,0x04,0xFF,0xD8,0x80,0xFF,0x5C,0x00,0x00,0x00,0x00,0x00,0x00,0x00,0x04,0xFF,
    0xD8,0x80,0xFF,0x5C,0x00,0x00,0x00,0x00,0x00,0x00,0x00,0x04,0xFF,0xD8,0x7E,0xFF,
    0x60,0x00,0x00,0x00,0x00,0x00,0x00,0x00,0x04,0xFF,0xD8,0x6C,0xFF,0x79,0x00,0x00,
    0x00,0x00,0x00,0x00,0x00,0x1D,0xFF,0xD8,0x3E,0xFF,0xBA,0x00,0x00,0x00,0x00,0x00,
    0x00,0x18,0xCF,0xFF,0xD8,0x04,0xE3,0xFF,0x6E,0x02,0x00,0x00,0x09,0x61,0xE9,0xD2,
    0xFF,0xD8,0x00,0x52,0xFE,0xFF,0xEC,0xCC,0xD4,0xF9,0xFF,0xB9,0x12,0xFC,0xD8,0x00,
    0x00,0x41,0xB8,0xEE,0xFE,0xEF,0xBE,0x5B,0x01,0x00,0xF4,0xD8,0xD0,0xFF,0x29,0x00,
    0x00,0x00,0x00,0x00,0x00,0x00,0x00,0x45,0xFF,0x9C,0x70,0xFF,0x83,0x00,0x00,0x00,
    0x00,0x00,0x00,0x00,0x00,0xA1,0xFF,0x40,0x15,0xFB,0xDD,0x01,0x00,0x00,0x00,0x00,
    0x00,0x00,0x09,0xF2,0xE0,0x01,0x00,0xB0,0xFF,0x39,0x00,0x00,0x00,0x00,0x00,0x00,
    0x56,0xFF,0x84,0x00,0x00,0x51,0xFF,0x93,0x00,0x00,0x00,0x00,0x00,0x00,0xB2,0xFF,
    0x26,0x00,0x00,0x05,0xEB,0xEA,0x04,0x00,0x00,0x00,0x00,0x13,0xFA,0xC8,0x00,0x00,
    0x00,0x00,0x91,0xFF,0x49,0x00,0x00,0x00,0x00,0x67,0xFF,0x6B,0x00,0x00,0x00,0x00,
    0x34,0xFF,0xA5,0x00,0x00,0x00,0x00,0xC2,0xF9,0x13,0x00,0x00,0x00,0x00,0x00,0xD4,
    0xF4,0x0B,0x00,0x00,0x1E,0xFF,0xAF,0x00,0x00,0x00,0x00,0x00,0x00,0x74,0xFF,0x59,
    0x00,0x00,0x79,0xFF,0x52,0x00,0x00,0x00,0x00,0x00,0x00,0x18,0xFC,0xB3,0x00,0x00,
    0xD3,0xED,0x07,0x00,0x00,0x00,0x00,0x00,0x00,0x00,0xB4,0xFB,0x13,0x2E,0xFF,0x96,
    0x00,0x00,0x00,0x00,0x00,0x00,0x00,0x00,0x54,0xFF,0x69,0x89,0xFF,0x38,0x00,0x00,
    0x00,0x00,0x00,0x00,0x00,0x00,0x07,0xED,0xC5,0xE2,0xDB,0x00,0x00,0x00,0x00,0x00,
    0x00,0x00,0x00,0x00,0x00,0x94,0xFF,0xFF,0x7C,0x00,0x00,0x00,0x00,0x00,0x00,0x00,
    0x00,0x00,0x00,0x34,0xFF,0xFF,0x21,0x00,0x00,0x00,0x00,0x00,0xA1,0xFF,0x58,0x00,
    0x00,0x00,0x00,0x00,0x00,0x0A,0xF7,0xFF,0x75,0x00,0x00,0x00,0x00,0x00,0x00,0x00,
    0xDD,0xF9,0x0D,0x52,0xFF,0xA2,0x00,0x00,0x00,0x00,0x00,0x00,0x4C,0xFF,0xFF,0xC1,
    0x00,0x00,0x00,0x00,0x00,0x00,0x27,0xFF,0xB6,0x00,0x0B,0xF8,0xEA,0x02,0x00,0x00,
    0x00,0x00,0x00,0x97,0xFF,0xD2,0xFC,0x11,0x00,0x00,0x00,0x00,0x00,0x6F,0xFF,0x6A,
    0x00,0x00,0xB6,0xFF,0x34,0x00,0x00,0x00,0x00,0x00,0xE1,0xD4,0x6C,0xFF,0x58,0x00,
    0x00,0x00,0x00,0x00,0xB9,0xFF,0x1B,0x00,0x00,0x66,0xFF,0x7F,0x00,0x00,0x00,0x00,
    0x2C,0xFF,0x89,0x20,0xFF,0xA4,0x00,0x00,0x00,0x00,0x0A,0xF8,0xCC,0x00,0x00,0x00,
    0x1A,0xFF,0xC7,0x00,0x00,0x00,0x00,0x77,0xFF,0x3F,0x00,0xD4,0xEC,0x03,0x00,0x00,
    0x00,0x4C,0xFF,0x7E,0x00,0x00,0x00,0x00,0xCA,0xFD,0x14,0x00,0x00,0x00,0xC1,0xEF,
    0x04,0x00,0x89,0xFF,0x3B,0x00,0x00,0x00,0x94,0xFF,0x2E,0x00,0x00,0x00,0x00,0x7B,
    0xFF,0x5B,0x00,0x00,0x10,0xFC,0xA8,0x00,0x00,0x3D,0xFF,0x86,0x00,0x00,0x00,0xDE,
    0xE1,0x00,0x00,0x00,0x00,0x00,0x2E,0xFF,0xA4,0x00,0x00,0x57,0xFF,0x5E,0x00,0x00,
    0x04,0xEE,0xD2,0x00,0x00,0x27,0xFF,0x92,0x00,0x00,0x00,0x00,0x00,0x00,0xDF,0xEC,
    0x02,0x00,0xA1,0xFE,0x15,0x00,0x00,0x00,0xA7,0xFF,0x1E,0x00,0x70,0xFF,0x45,0x00,
    0x00,0x00,0x00,0x00,0x00,0x90,0xFF,0x38,0x02,0xEA,0xC7,0x00,0x00,0x00,0x00,0x5A,
    0xFF,0x69,0x00,0xB9,0xF0,0x06,0x00,0x00,0x00,0x00,0x00,0x00,0x42,0xFF,0x81,0x37,
    0xFF,0x7D,0x00,0x00,0x00,0x00,0x13,0xFD,0xB4,0x0A,0xF8,0xA8,0x00,0x00,0x00,0x00,
    0x00,0x00,0x00,0x04,0xEE,0xCB,0x81,0xFF,0x32,0x00,0x00,0x00,0x00,0x00,0xC4,0xF7,
    0x55,0xFF,0x5A,0x00,0x00,0x00,0x00,0x00,0x00,0x00,0x00,0xA6,0xFE,0xDC,0xE6,0x01,
    0x00,0x00,0x00,0x00,0x00,0x79,0xFF,0xDA,0xFC,0x10,0x00,0x00,0x00,0x00,0x00,0x00,
    0x00,0x00,0x56,0xFF,0xFF,0x9C,0x00,0x00,0x00,0x00,0x00,0x00,0x2D,0xFF,0xFF,0xBE,
    0x00,0x00,0x00,0x00,0x00,0x00,0x00,0x00,0x00,0x0D,0xF9,0xFF,0x51,0x00,0x00,0x00,
    0x00,0x00,0x00,0x00,0xE1,0xFF,0x6E,0x00,0x00,0x00,0x00,0x00,0x16,0xEC,0xE8,0x0F,
    0x00,0x00,0x00,0x00,0x00,0x00,0xB0,0xFF,0x48,0x00,0x00,0x5F,0xFF,0x94,0x00,0x00,
    0x00,0x00,0x00,0x4E,0xFF,0xA0,0x00,0x00,0x00,0x00,0xB9,0xFD,0x33,0x00,0x00,0x00,
    0x0B,0xE1,0xE8,0x11,0x00,0x00,0x00,0x00,0x21,0xF5,0xCC,0x02,0x00,0x00,0x89,0xFF,
    0x52,0x00,0x00,0x00,0x00,0x00,0x00,0x71,0xFF,0x6A,0x00,0x2D,0xFB,0xAA,0x00,0x00,
    0x00,0x00,0x00,0x00,0x00,0x03,0xCC,0xF0,0x18,0xC4,0xEC,0x16,0x00,0x00,0x00,0x00,
    0x00,0x00,0x00,0x00,0x2F,0xFB,0xDC,0xFF,0x5A,0x00,0x00,0x00,0x00,0x00,0x00,0x00,
    0x00,0x00,0x00,0x9C,0xFF,0xD8,0x00,0x00,0x00,0x00,0x00,0x00,0x00,0x00,0x00,0x00,
    0x10,0xE8,0xFC,0xFF,0x48,0x00,0x00,0x00,0x00,0x00,0x00,0x00,0x00,0x00,0x9E,0xFE,
    0x47,0xE2,0xE1,0x0D,0x00,0x00,0x00,0x00,0x00,0x00,0x00,0x44,0xFF,0x98,0x00,0x4D,
    0xFF,0x93,0x00,0x00,0x00,0x00,0x00,0x00,0x0B,0xDE,0xE7,0x0F,0x00,0x00,0xAC,0xFE,
    0x3A,0x00,0x00,0x00,0x00,0x00,0x8F,0xFF,0x54,0x00,0x00,0x00,0x18,0xF0,0xD7,0x07,
    0x00,0x00,0x00,0x35,0xFD,0xB6,0x00,0x00,0x00,0x00,0x00,0x68,0xFF,0x83,0x00,0x00,
    0x06,0xD3,0xF5,0x1F,0x00,0x00,0x00,0x00,0x00,0x02,0xC5,0xFB,0x2E,0x00,0x7E,0xFF,
    0x74,0x00,0x00,0x00,0x00,0x00,0x00,0x00,0x2B,0xFA,0xCB,0x03,0xD0,0xFF,0x2C,0x00,
    0x00,0x00,0x00,0x00,0x00,0x00,0x00,0x45,0xFF,0x9C,0x6C,0xFF,0x8C,0x00,0x00,0x00,
    0x00,0x00,0x00,0x00,0x00,0x9E,0xFF,0x40,0x13,0xF8,0xE8,0x04,0x00,0x00,0x00,0x00,
    0x00,0x00,0x07,0xF1,0xE2,0x02,0x00,0xA8,0xFF,0x4C,0x00,0x00,0x00,0x00,0x00,0x00,
    0x52,0xFF,0x87,0x00,0x00,0x46,0xFF,0xAC,0x00,0x00,0x00,0x00,0x00,0x00,0xAB,0xFF,
    0x2A,0x00,0x00,0x02,0xE2,0xF9,0x11,0x00,0x00,0x00,0x00,0x0E,0xF7,0xCE,0x00,0x00,
    0x00,0x00,0x81,0xFF,0x69,0x00,0x00,0x00,0x00,0x5E,0xFF,0x70,0x00,0x00,0x00,0x00,
    0x21,0xFE,0xC8,0x00,0x00,0x00,0x00,0xB7,0xFC,0x18,0x00,0x00,0x00,0x00,0x00,0xBC,
    0xFF,0x28,0x00,0x00,0x16,0xFC,0xB7,0x00,0x00,0x00,0x00,0x00,0x00,0x5B,0xFF,0x88,
    0x00,0x00,0x6A,0xFF,0x5A,0x00,0x00,0x00,0x00,0x00,0x00,0x08,0xF0,0xE5,0x03,0x00,
    0xC4,0xF3,0x0A,0x00,0x00,0x00,0x00,0x00,0x00,0x00,0x96,0xFF,0x48,0x1F,0xFF,0xA0,
    0x00,0x00,0x00,0x00,0x00,0x00,0x00,0x00,0x34,0xFF,0xA8,0x77,0xFF,0x44,0x00,0x00,
    0x00,0x00,0x00,0x00,0x00,0x00,0x00,0xD3,0xF7,0xDA,0xE5,0x03,0x00,0x00,0x00,0x00,
    0x00,0x00,0x00,0x00,0x00,0x70,0xFF,0xFF,0x8A,0x00,0x00,0x00,0x00,0x00,0x00,0x00,
    0x00,0x00,0x00,0x14,0xF9,0xFF,0x2D,0x00,0x00,0x00,0x00,0x00,0x00,0x00,0x00,0x00,
    0x00,0x14,0xF9,0xD0,0x00,0x00,0x00,0x00,0x00,0x00,0x00,0x00,0x00,0x00,0x00,0x70,
    0xFF,0x70,0x00,0x00,0x00,0x00,0x00,0x00,0x00,0x00,0x00,0x00,0x02,0xD9,0xF9,0x15,
    0x00,0x00,0x00,0x00,0x00,0x00,0x00,0x00,0x00,0x00,0x72,0xFF,0x9D,0x00,0x00,0x00,
    0x00,0x00,0x00,0x00,0x00,0x3F,0x90,0xB3,0xFF,0xEE,0x1D,0x00,0x00,0x00,0x00,0x00,
    0x00,0x00,0x00,0x70,0xFF,0xF8,0xC0,0x31,0x00,0x00,0x00,0x00,0x00,0x00,0x00,0x00,
    0x4C,0xFF,0xFF,0xFF,0xFF,0xFF,0xFF,0xFF,0xFF,0xFF,0xFF,0x20,0x2C,0x94,0x94,0x94,
    0x94,0x94,0x94,0x94,0xAF,0xFF,0xF2,0x10,0x00,0x00,0x00,0x00,0x00,0x00,0x00,0x02,
    0xBD,0xFF,0x62,0x00,0x00,0x00,0x00,0x00,0x00,0x00,0x00,0x6E,0xFF,0xB1,0x00,0x00,
    0x00,0x00,0x00,0x00,0x00,0x00,0x29,0xF7,0xE9,0x17,0x00,0x00,0x00,0x00,0x00,0x00,
    0x00,0x05,0xCD,0xFF,0x4F,0x00,0x00,0x00,0x00,0x00,0x00,0x00,0x00,0x81,0xFF,0x9E,
    0x00,0x00,0x00,0x00,0x00,0x00,0x00,0x00,0x36,0xFC,0xE0,0x0E,0x00,0x00,0x00,0x00,
    0x00,0x00,0x00,0x0A,0xD9,0xFE,0x40,0x00,0x00,0x00,0x00,0x00,0x00,0x00,0x00,0x92,
    0xFF,0x8D,0x00,0x00,0x00,0x00,0x00,0x00,0x00,0x00,0x44,0xFF,0xD3,0x07,0x00,0x00,
    0x00,0x00,0x00,0x00,0x00,0x10,0xE4,0xFA,0x31,0x00,0x00,0x00,0x00,0x00,0x00,0x00,
    0x00,0xA6,0xFF,0x7A,0x00,0x00,0x00,0x00,0x00,0x00,0x00,0x00,0x56,0xFF,0xC6,0x03,
    0x00,0x00,0x00,0x00,0x00,0x00,0x00,0x00,0xE8,0xFF,0xB1,0x90,0x90,0x90,0x90,0x90,
    0x90,0x90,0x90,0x4F,0xF8,0xFF,0xFF,0xFF,0xFF,0xFF,0xFF,0xFF,0xFF,0xFF,0xFF,0x8C,
    0x00,0x00,0x00,0x00,0x60,0xD9,0xFD,0x8C,0x00,0x00,0x00,0x4C,0xFF,0xED,0x98,0x4D,
    0x00,0x00,0x00,0xB7,0xFF,0x42,0x00,0x00,0x00,0x00,0x00,0xD9,0xFA,0x02,0x00,0x00,
    0x00,0x00,0x00,0xDC,0xF4,0x00,0x00,0x00,0x00,0x00,0x00,0xDC,0xF4,0x00,0x00,0x00,
    0x00,0x00,0x00,0xDC,0xF4,0x00,0x00,0x00,0x00,0x00,0x00,0xDC,0xF4,0x00,0x00,0x00,
    0x00,0x00,0x00,0xE0,0xF3,0x00,0x00,0x00,0x00,0x00,0x00,0xEF,0xEA,0x00,0x00,0x00,
    0x00,0x00,0x13,0xFF,0xC9,0x00,0x00,0x00,0x00,0x00,0x6F,0xFF,0x7A,0x00,0x00,0x00,
    0x61,0xA0,0xFC,0xC4,0x0B,0x00,0x00,0x00,0xE0,0xFF,0xED,0x2D,0x00,0x00,0x00,0x00,
    0x2E,0x62,0xE8,0xF1,0x23,0x00,0x00,0x00,0x00,0x00,0x4E,0xFF,0x98,0x00,0x00,0x00,
    0x00,0x00,0x09,0xFE,0xD6,0x00,0x00,0x00,0x00,0x00,0x00,0xEA,0xEF,0x00,0x00,0x00,
    0x00,0x00,0x00,0xDE,0xF4,0x00,0x00,0x00,0x00,0x00,0x00,0xDC,0xF4,0x00,0x00,0x00,
    0x00,0x00,0x00,0xDC,0xF4,0x00,0x00,0x00,0x00,0x00,0x00,0xDC,0xF4,0x00,0x00,0x00,
    0x00,0x00,0x00,0xDC,0xF4,0x00,0x00,0x00,0x00,0x00,0x00,0xD5,0xFD,0x08,0x00,0x00,
    0x00,0x00,0x00,0xA4,0xFF,0x6B,0x00,0x00,0x00,0x00,0x00,0x2C,0xF5,0xFF,0xDC,0x72,
    0x00,0x00,0x00,0x00,0x2B,0x99,0xBD,0x69,0x8C,0xFF,0x34,0x8C,0xFF,0x34,0x8C,0xFF,
    0x34,0x8C,0xFF,0x34,0x8C,0xFF,0x34,0x8C,0xFF,0x34,0x8C,0xFF,0x34,0x8C,0xFF,0x34,
    0x8C,0xFF,0x34,0x8C,0xFF,0x34,0x8C,0xFF,0x34,0x8C,0xFF,0x34,0x8C,0xFF,0x34,0x8C,
    0xFF,0x34,0x8C,0xFF,0x34,0x8C,0xFF,0x34,0x8C,0xFF,0x34,0x8C,0xFF,0x34,0x8C,0xFF,
    0x34,0x8C,0xFF,0x34,0x8C,0xFF,0x34,0x8C,0xFF,0x34,0x8C,0xFF,0x34,0x8C,0xFF,0x34,
    0x8C,0xFF,0x34,0x8C,0xFF,0x34,0x69,0xC0,0x27,0x00,0x00,0x00,0xD0,0xF9,0xC5,0x39,
    0x00,0x00,0x00,0x00,0x72,0xA8,0xFD,0xF3,0x1D,0x00,0x00,0x00,0x00,0x00,0x85,0xFF,
    0x7A,0x00,0x00,0x00,0x00,0x00,0x41,0xFF,0x9D,0x00,0x00,0x00,0x00,0x00,0x38,0xFF,
    0xA0,0x00,0x00,0x00,0x00,0x00,0x38,0xFF,0xA0,0x00,0x00,0x00,0x00,0x00,0x38,0xFF,
    0xA0,0x00,0x00,0x00,0x00,0x00,0x38,0xFF,0xA0,0x00,0x00,0x00,0x00,0x00,0x38,0xFF,
    0xA3,0x00,0x00,0x00,0x00,0x00,0x2E,0xFF,0xB1,0x00,0x00,0x00,0x00,0x00,0x0F,0xFE,
    0xD5,0x00,0x00,0x00,0x00,0x00,0x00,0xBE,0xFF,0x31,0x00,0x00,0x00,0x00,0x00,0x2C,
    0xE8,0xEE,0x8C,0x46,0x00,0x00,0x00,0x00,0x61,0xFE,0xFF,0xA4,0x00,0x00,0x00,0x5A,
    0xFF,0xC9,0x4F,0x1F,0x00,0x00,0x00,0xDC,0xFA,0x16,0x00,0x00,0x00,0x00,0x1B,0xFF,
    0xC9,0x00,0x00,0x00,0x00,0x00,0x33,0xFF,0xAB,0x00,0x00,0x00,0x00,0x00,0x38,0xFF,
    0xA2,0x00,0x00,0x00,0x00,0x00,0x38,0xFF,0xA0,0x00,0x00,0x00,0x00,0x00,0x38,0xFF,
    0xA0,0x00,0x00,0x00,0x00,0x00,0x38,0xFF,0xA0,0x00,0x00,0x00,0x00,0x00,0x38,0xFF,
    0xA0,0x00,0x00,0x00,0x00,0x00,0x4A,0xFF,0x99,0x00,0x00,0x00,0x00,0x03,0xAB,0xFF,
    0x68,0x00,0x00,0x00,0xA9,0xE8,0xFF,0xDA,0x0C,0x00,0x00,0x00,0x9C,0xB9,0x85,0x13,
    0x00,0x00,0x00,0x00,0x00,0x00,0x47,0xCA,0xFB,0xF2,0xBA,0x3C,0x00,0x00,0x00,0x00,
    0x00,0x00,0x53,0xFD,0x6E,0x00,0x45,0xFD,0xFC,0xCB,0xD2,0xFE,0xFE,0x83,0x02,0x00,
    0x00,0x00,0x00,0x7E,0xFF,0x4C,0x00,0xD6,0xF9,0x36,0x00,0x00,0x2E,0xCB,0xFF,0xB4,
    0x13,0x00,0x00,0x0B,0xDC,0xF0,0x0B,0x2C,0xFF,0xA4,0x00,0x00,0x00,0x00,0x06,0x8C,
    0xFE,0xEB,0x97,0x89,0xD7,0xFF,0x69,0x00,0x5A,0xFF,0x70,0x00,0x00,0x00,0x00,0x00,
    0x00,0x3C,0xB9,0xF2,0xFD,0xD4,0x60,0x00,0x00,0x1A,0x40,0x19,0x00,0x00,0x00,0x00,
    0x00,0x00,0x00,0x00,0x00,0x00,0x00,0x00,0x00,0x00,0x00,0x00,0xFF,0xF0,0xF0,0xF0,
    0xF0,0xF0,0xF0,0xF0,0xF0,0xF0,0xF0,0xF0,0xF0,0xF0,0xFE,0x14,0xEC,0x00,0x00,0x00,
    0x00,0x00,0x00,0x00,0x00,0x00,0x00,0x00,0x00,0x00,0xDC,0x14,0xEC,0x00,0x00,0x00,
    0x00,0x00,0x02,0x0E,0x03,0x00,0x00,0x00,0x00,0x00,0xDC,0x14,0xEC,0x00,0x00,0x00,
    0x27,0xAE,0xF5,0xFF,0xF9,0xBD,0x3C,0x00,0x00,0x00,0xDC,0x14,0xEC,0x00,0x00,0x27,
    0xF1,0x95,0x22,0x04,0x19,0x80,0xFA,0x3C,0x00,0x00,0xDC,0x14,0xEC,0x00,0x00,0xA2,
    0xB0,0x00,0x00,0x00,0x00,0x00,0xA7,0xB0,0x00,0x00,0xDC,0x14,0xEC,0x00,0x00,0xC0,
    0x5E,0x00,0x00,0x00,0x00,0x00,0x75,0xCC,0x00,0x00,0xDC,0x14,0xEC,0x00,0x00,0x00,
    0x00,0x00,0x00,0x00,0x00,0x00,0xAA,0xA4,0x00,0x00,0xDC,0x14,0xEC,0x00,0x00,0x00,
    0x00,0x00,0x00,0x00,0x00,0x65,0xEF,0x27,0x00,0x00,0xDC,0x14,0xEC,0x00,0x00,0x00,
    0x00,0x00,0x00,0x00,0x85,0xEA,0x36,0x00,0x00,0x00,0xDC,0x14,0xEC,0x00,0x00,0x00,
    0x00,0x00,0x00,0x6F,0xE3,0x22,0x00,0x00,0x00,0x00,0xDC,0x14,0xEC,0x00,0x00,0x00,
    0x00,0x00,0x02,0xEA,0x58,0x00,0x00,0x00,0x00,0x00,0xDC,0x14,0xEC,0x00,0x00,0x00,
    0x00,0x00,0x12,0xDC,0x1A,0x00,0x00,0x00,0x00,0x00,0xDC,0x14,0xEC,0x00,0x00,0x00,
    0x00,0x00,0x00,0x00,0x00,0x00,0x00,0x00,0x00,0x00,0xDC,0x14,0xEC,0x00,0x00,0x00,
    0x00,0x00,0x00,0x19,0x00,0x00,0x00,0x00,0x00,0x00,0xDC,0x14,0xEC,0x00,0x00,0x00,
    0x00,0x00,0x6A,0xFF,0x79,0x00,0x00,0x00,0x00,0x00,0xDC,0x14,0xEC,0x00,0x00,0x00,
    0x00,0x00,0x60,0xFF,0x6F,0x00,0x00,0x00,0x00,0x00,0xDC,0x14,0xEC,0x00,0x00,0x00,
    0x00,0x00,0x00,0x0A,0x00,0x00,0x00,0x00,0x00,0x00,0xDC,0x14,0xEC,0x00,0x00,0x00,
    0x00,0x00,0x00,0x00,0x00,0x00,0x00,0x00,0x00,0x00,0xDC,0x14,0xEC,0x00,0x00,0x00,
    0x00,0x00,0x00,0x00,0x00,0x00,0x00,0x00,0x00,0x00,0xDC,0x14,0xFE,0xEC,0xEC,0xEC,
    0xEC,0xEC,0xEC,0xEC,0xEC,0xEC,0xEC,0xEC,0xEC,0xEC,0xFD,0x14,0xFF,0xF0,0xF0,0xF0,
    0xF0,0xF0,0xF0,0xF0,0xF0,0xF0,0xF0,0xF0,0xF0,0xF0,0xFE,0x14,0xEC,0x00,0x00,0x00,
    0x00,0x00,0x00,0x00,0x00,0x00,0x00,0x00,0x00,0x00,0xDC,0x14,0xEC,0x00,0x00,0x00,
    0x00,0x00,0x02,0x0E,0x03,0x00,0x00,0x00,0x00,0x00,0xDC,0x14,0xEC,0x00,0x00,0x00,
    0x27,0xAE,0xF5,0xFF,0xF9,0xBD,0x3C,0x00,0x00,0x00,0xDC,0x14,0xEC,0x00,0x00,0x27,
    0xF1,0x95,0x22,0x04,0x19,0x80,0xFA,0x3C,0x00,0x00,0xDC,0x14,0xEC,0x00,0x00,0xA2,
    0xB0,0x00,0x00,0x00,0x00,0x00,0xA7,0xB0,0x00,0x00,0xDC,0x14,0xEC,0x00,0x00,0xC0,
    0x5E,0x00,0x00,0x00,0x00,0x00,0x75,0xCC,0x00,0x00,0xDC,0x14,0xEC,0x00,0x00,0x00,
    0x00,0x00,0x00,0x00,0x00,0x00,0xAA,0xA4,0x00,0x00,0xDC,0x14,0xEC,0x00,0x00,0x00,
    0x00,0x00,0x00,0x00,0x00,0x65,0xEF,0x27,0x00,0x00,0xDC,0x14,0xEC,0x00,0x00,0x00,
    0x00,0x00,0x00,0x00,0x85,0xEA,0x36,0x00,0x00,0x00,0xDC,0x14,0xEC,0x00,0x00,0x00,
    0x00,0x00,0x00,0x6F,0xE3,0x22,0x00,0x00,0x00,0x00,0xDC,0x14,0xEC,0x00,0x00,0x00,
    0x00,0x00,0x02,0xEA,0x58,0x00,0x00,0x00,0x00,0x00,0xDC,0x14,0xEC,0x00,0x00,0x00,
    0x00,0x00,0x12,0xDC,0x1A,0x00,0x00,0x00,0x00,0x00,0xDC,0x14,0xEC,0x00,0x00,0x00,
    0x00,0x00,0x00,0x00,0x00,0x00,0x00,0x00,0x00,0x00,0xDC,0x14,0xEC,0x00,0x00,0x00,
    0x00,0x00,0x00,0x19,0x00,0x00,0x00,0x00,0x00,0x00,0xDC,0x14,0xEC,0x00,0x00,0x00,
    0x00,0x00,0x6A,0xFF,0x79,0x00,0x00,0x00,0x00,0x00,0xDC,0x14,0xEC,0x00,0x00,0x00,
    0x00,0x00,0x60,0xFF,0x6F,0x00,0x00,0x00,0x00,0x00,0xDC,0x14,0xEC,0x00,0x00,0x00,
    0x00,0x00,0x00,0x0A,0x00,0x00,0x00,0x00,0x00,0x00,0xDC,0x14,0xEC,0x00,0x00,0x00,
    0x00,0x00,0x00,0x00,0x00,0x00,0x00,0x00,0x00,0x00,0xDC,0x14,0xEC,0x00,0x00,0x00,
    0x00,0x00,0x00,0x00,0x00,0x00,0x00,0x00,0x00,0x00,0xDC,0x14,0xFE,0xEC,0xEC,0xEC,
    0xEC,0xEC,0xEC,0xEC,0xEC,0xEC,0xEC,0xEC,0xEC,0xEC,0xFD,0x14,0xFF,0xF0,0xF0,0xF0,
    0xF0,0xF0,0xF0,0xF0,0xF0,0xF0,0xF0,0xF0,0xF0,0xF0,0xFE,0x14,0xEC,0x00,0x00,0x00,
    0x00,0x00,0x00,0x00,0x00,0x00,0x00,0x00,0x00,0x00,0xDC,0x14,0xEC,0x00,0x00,0x00,
    0x00,0x00,0x02,0x0E,0x03,0x00,0x00,0x00,0x00,0x00,0xDC,0x14,0xEC,0x00,0x00,0x00,
    0x27,0xAE,0xF5,0xFF,0xF9,0xBD,0x3C,0x00,0x00,0x00,0xDC,0x14,0xEC,0x00,0x00,0x27,
    0xF1,0x95,0x22,0x04,0x19,0x80,0xFA,0x3C,0x00,0x00,0xDC,0x14,0xEC,0x00,0x00,0xA2,
    0xB0,0x00,0x00,0x00,0x00,0x00,0xA7,0xB0,0x00,0x00,0xDC,0x14,0xEC,0x00,0x00,0xC0,
    0x5E,0x00,0x00,0x00,0x00,0x00,0x75,0xCC,0x00,0x00,0xDC,0x14,0xEC,0x00,0x00,0x00,
    0x00,0x00,0x00,0x00,0x00,0x00,0xAA,0xA4,0x00,0x00,0xDC,0x14,0xEC,0x00,0x00,0x00,
    0x00,0x00,0x00,0x00,0x00,0x65,0xEF,0x27,0x00,0x00,0xDC,0x14,0xEC,0x00,0x00,0x00,
    0x00,0x00,0x00,0x00,0x85,0xEA,0x36,0x00,0x00,0x00,0xDC,0x14,0xEC,0x00,0x00,0x00,
    0x00,0x00,0x00,0x6F,0xE3,0x22,0x00,0x00,0x00,0x00,0xDC,0x14,0xEC,0x00,0x00,0x00,
    0x00,0x00,0x02,0xEA,0x58,0x00,0x00,0x00,0x00,0x00,0xDC,0x14,0xEC,0x00,0x00,0x00,
    0x00,0x00,0x12,0xDC,0x1A,0x00,0x00,0x00,0x00,0x00,0xDC,0x14,0xEC,0x00,0x00,0x00,
    0x00,0x00,0x00,0x00,0x00,0x00,0x00,0x00,0x00,0x00,0xDC,0x14,0xEC,0x00,0x00,0x00,
    0x00,0x00,0x00,0x19,0x00,0x00,0x00,0x00,0x00,0x00,0xDC,0x14,0xEC,0x00,0x00,0x00,
    0x00,0x00,0x6A,0xFF,0x79,0x00,0x00,0x00,0x00,0x00,0xDC,0x14,0xEC,0x00,0x00,0x00,
    0x00,0x00,0x60,0xFF,0x6F,0x00,0x00,0x00,0x00,0x00,0xDC,0x14,0xEC,0x00,0x00,0x00,
    0x00,0x00,0x00,0x0A,0x00,0x00,0x00,0x00,0x00,0x00,0xDC,0x14,0xEC,0x00,0x00,0x00,
    0x00,0x00,0x00,0x00,0x00,0x00,0x00,0x00,0x00,0x00,0xDC,0x14,0xEC,0x00,0x00,0x00,
    0x00,0x00,0x00,0x00,0x00,0x00,0x00,0x00,0x00,0x00,0xDC,0x14,0xFE,0xEC,0xEC,0xEC,
    0xEC,0xEC,0xEC,0xEC,0xEC,0xEC,0xEC,0xEC,0xEC,0xEC,0xFD,0x14,0xFF,0xF0,0xF0,0xF0,
    0xF0,0xF0,0xF0,0xF0,0xF0,0xF0,0xF0,0xF0,0xF0,0xF0,0xFE,0x14,0xEC,0x00,0x00,0x00,
    0x00,0x00,0x00,0x00,0x00,0x00,0x00,0x00,0x00,0x00,0xDC,0x14,0xEC,0x00,0x00,0x00,
    0x00,0x00,0x02,0x0E,0x03,0x00,0x00,0x00,0x00,0x00,0xDC,0x14,0xEC,0x00,0x00,0x00,
    0x27,0xAE,0xF5,0xFF,0xF9,0xBD,0x3C,0x00,0x00,0x00,0xDC,0x14,0xEC,0x00,0x00,0x27,
    0xF1,0x95,0x22,0x04,0x19,0x80,0xFA,0x3C,0x00,0x00,0xDC,0x14,0xEC,0x00,0x00,0xA2,
    0xB0,0x00,0x00,0x00,0x00,0x00,0xA7,0xB0,0x00,0x00,0xDC,0x14,0xEC,0x00,0x00,0xC0,
    0x5E,0x00,0x00,0x00,0x00,0x00,0x75,0xCC,0x00,0x00,0xDC,0x14,0xEC,0x00,0x00,0x00,
    0x00,0x00,0x00,0x00,0x00,0x00,0xAA,0xA4,0x00,0x00,0xDC,0x14,0xEC,0x00,0x00,0x00,
    0x00,0x00,0x00,0x00,0x00,0x65,0xEF,0x27,0x00,0x00,0xDC,0x14,0xEC,0x00,0x00,0x00,
    0x00,0x00,0x00,0x00,0x85,0xEA,0x36,0x00,0x00,0x00,0xDC,0x14,0xEC,0x00,0x00,0x00,
    0x00,0x00,0x00,0x6F,0xE3,0x22,0x00,0x00,0x00,0x00,0xDC,0x14,0xEC,0x00,0x00,0x00,
    0x00,0x00,0x02,0xEA,0x58,0x00,0x00,0x00,0x00,0x00,0xDC,0x14,0xEC,0x00,0x00,0x00,
    0x00,0x00,0x12,0xDC,0x1A,0x00,0x00,0x00,0x00,0x00,0xDC,0x14,0xEC,0x00,0x00,0x00,
    0x00,0x00,0x00,0x00,0x00,0x00,0x00,0x00,0x00,0x00,0xDC,0x14,0xEC,0x00,0x00,0x00,
    0x00,0x00,0x00,0x19,0x00,0x00,0x00,0x00,0x00,0x00,0xDC,0x14,0xEC,0x00,0x00,0x00,
    0x00,0x00,0x6A,0xFF,0x79,0x00,0x00,0x00,0x00,0x00,0xDC,0x14,0xEC,0x00,0x00,0x00,
    0x00,0x00,0x60,0xFF,0x6F,0x00,0x00,0x00,0x00,0x00,0xDC,0x14,0xEC,0x00,0x00,0x00,
    0x00,0x00,0x00,0x0A,0x00,0x00,0x00,0x00,0x00,0x00,0xDC,0x14,0xEC,0x00,0x00,0x00,
    0x00,0x00,0x00,0x00,0x00,0x00,0x00,0x00,0x00,0x00,0xDC,0x14,0xEC,0x00,0x00,0x00,
    0x00,0x00,0x00,0x00,0x00,0x00,0x00,0x00,0x00,0x00,0xDC,0x14,0xFE,0xEC,0xEC,0xEC,
    0xEC,0xEC,0xEC,0xEC,0xEC,0xEC,0xEC,0xEC,0xEC,0xEC,0xFD,0x14,0xFF,0xF0,0xF0,0xF0,
    0xF0,0xF0,0xF0,0xF0,0xF0,0xF0,0xF0,0xF0,0xF0,0xF0,0xFE,0x14,0xEC,0x00,0x00,0x00,
    0x00,0x00,0x00,0x00,0x00,0x00,0x00,0x00,0x00,0x00,0xDC,0x14,0xEC,0x00,0x00,0x00,
    0x00,0x00,0x02,0x0E,0x03,0x00,0x00,0x00,0x00,0x00,0xDC,0x14,0xEC,0x00,0x00,0x00,
    0x27,0xAE,0xF5,0xFF,0xF9,0xBD,0x3C,0x00,0x00,0x00,0xDC,0x14,0xEC,0x00,0x00,0x27,
    0xF1,0x95,0x22,0x04,0x19,0x80,0xFA,0x3C,0x00,0x00,0xDC,0x14,0xEC,0x00,0x00,0xA2,
    0xB0,0x00,0x00,0x00,0x00,0x00,0xA7,0xB0,0x00,0x00,0xDC,0x14,0xEC,0x00,0x00,0xC0,
    0x5E,0x00,0x00,0x00,0x00,0x00,0x75,0xCC,0x00,0x00,0xDC,0x14,0xEC,0x00,0x00,0x00,
    0x00,0x00,0x00,0x00,0x00,0x00,0xAA,0xA4,0x00,0x00,0xDC,0x14,0xEC,0x00,0x00,0x00,
    0x00,0x00,0x00,0x00,0x00,0x65,0xEF,0x27,0x00,0x00,0xDC,0x14,0xEC,0x00,0x00,0x00,
    0x00,0x00,0x00,0x00,0x85,0xEA,0x36,0x00,0x00,0x00,0xDC,0x14,0xEC,0x00,0x00,0x00,
    0x00,0x00,0x00,0x6F,0xE3,0x22,0x00,0x00,0x00,0x00,0xDC,0x14,0xEC,0x00,0x00,0x00,
    0x00,0x00,0x02,0xEA,0x58,0x00,0x00,0x00,0x00,0x00,0xDC,0x14,0xEC,0x00,0x00,0x00,
    0x00,0x00,0x12,0xDC,0x1A,0x00,0x00,0x00,0x00,0x00,0xDC,0x14,0xEC,0x00,0x00,0x00,
    0x00,0x00,0x00,0x00,0x00,0x00,0x00,0x00,0x00,0x00,0xDC,0x14,0xEC,0x00,0x00,0x00,
    0x00,0x00,0x00,0x19,0x00,0x00,0x00,0x00,0x00,0x00,0xDC,0x14,0xEC,0x00,0x00,0x00,
    0x00,0x00,0x6A,0xFF,0x79,0x00,0x00,0x00,0x00,0x00,0xDC,0x14,0xEC,0x00,0x00,0x00,
    0x00,0x00,0x60,0xFF,0x6F,0x00,0x00,0x00,0x00,0x00,0xDC,0x14,0xEC,0x00,0x00,0x00,
    0x00,0x00,0x00,0x0A,0x00,0x00,0x00,0x00,0x00,0x00,0xDC,0x14,0xEC,0x00,0x00,0x00,
    0x00,0x00,0x00,0x00,0x00,0x00,0x00,0x00,0x00,0x00,0xDC,0x14,0xEC,0x00,0x00,0x00,
    0x00,0x00,0x00,0x00,0x00,0x00,0x00,0x00,0x00,0x00,0xDC,0x14,0xFE,0xEC,0xEC,0xEC,
    0xEC,0xEC,0xEC,0xEC,0xEC,0xEC,0xEC,0xEC,0xEC,0xEC,0xFD,0x14,0xFF,0xF0,0xF0,0xF0,
    0xF0,0xF0,0xF0,0xF0,0xF0,0xF0,0xF0,0xF0,0xF0,0xF0,0xFE,0x14,0xEC,0x00,0x00,0x00,
    0x00,0x00,0x00,0x00,0x00,0x00,0x00,0x00,0x00,0x00,0xDC,0x14,0xEC,0x00,0x00,0x00,
    0x00,0x00,0x02,0x0E,0x03,0x00,0x00,0x00,0x00,0x00,0xDC,0x14,0xEC,0x00,0x00,0x00,
    0x27,0xAE,0xF5,0xFF,0xF9,0xBD,0x3C,0x00,0x00,0x00,0xDC,0x14,0xEC,0x00,0x00,0x27,
    0xF1,0x95,0x22,0x04,0x19,0x80,0xFA,0x3C,0x00,0x00,0xDC,0x14,0xEC,0x00,0x00,0xA2,
    0xB0,0x00,0x00,0x00,0x00,0x00,0xA7,0xB0,0x00,0x00,0xDC,0x14,0xEC,0x00,0x00,0xC0,
    0x5E,0x00,0x00,0x00,0x00,0x00,0x75,0xCC,0x00,0x00,0xDC,0x14,0xEC,0x00,0x00,0x00,
    0x00,0x00,0x00,0x00,0x00,0x00,0xAA,0xA4,0x00,0x00,0xDC,0x14,0xEC,0x00,0x00,0x00,
    0x00,0x00,0x00,0x00,0x00,0x65,0xEF,0x27,0x00,0x00,0xDC,0x14,0xEC,0x00,0x00,0x00,
    0x00,0x00,0x00,0x00,0x85,0xEA,0x36,0x00,0x00,0x00,0xDC,0x14,0xEC,0x00,0x00,0x00,
    0x00,0x00,0x00,0x6F,0xE3,0x22,0x00,0x00,0x00,0x00,0xDC,0x14,0xEC,0x00,0x00,0x00,
    0x00,0x00,0x02,0xEA,0x58,0x00,0x00,0x00,0x00,0x00,0xDC,0x14,0xEC,0x00,0x00,0x00,
    0x00,0x00,0x12,0xDC,0x1A,0x00,0x00,0x00,0x00,0x00,0xDC,0x14,0xEC,0x00,0x00,0x00,
    0x00,0x00,0x00,0x00,0x00,0x00,0x00,0x00,0x00,0x00,0xDC,0x14,0xEC,0x00,0x00,0x00,
    0x00,0x00,0x00,0x19,0x00,0x00,0x00,0x00,0x00,0x00,0xDC,0x14,0xEC,0x00,0x00,0x00,
    0x00,0x00,0x6A,0xFF,0x79,0x00,0x00,0x00,0x00,0x00,0xDC,0x14,0xEC,0x00,0x00,0x00,
    0x00,0x00,0x60,0xFF,0x6F,0x00,0x00,0x00,0x00,0x00,0xDC,0x14,0xEC,0x00,0x00,0x00,
    0x00,0x00,0x00,0x0A,0x00,0x00,0x00,0x00,0x00,0x00,0xDC,0x14,0xEC,0x00,0x00,0x00,
    0x00,0x00,0x00,0x00,0x00,0x00,0x00,0x00,0x00,0x00,0xDC,0x14,0xEC,0x00,0x00,0x00,
    0x00,0x00,0x00,0x00,0x00,0x00,0x00,0x00,0x00,0x00,0xDC,0x14,0xFE,0xEC,0xEC,0xEC,
    0xEC,0xEC,0xEC,0xEC,0xEC,0xEC,0xEC,0xEC,0xEC,0xEC,0xFD,0x14,0xFF,0xF0,0xF0,0xF0,
    0xF0,0xF0,0xF0,0xF0,0xF0,0xF0,0xF0,0xF0,0xF0,0xF0,0xFE,0x14,0xEC,0x00,0x00,0x00,
    0x00,0x00,0x00,0x00,0x00,0x00,0x00,0x00,0x00,0x00,0xDC,0x14,0xEC,0x00,0x00,0x00,
    0x00,0x00,0x02,0x0E,0x03,0x00,0x00,0x00,0x00,0x00,0xDC,0x14,0xEC,0x00,0x00,0x00,
    0x27,0xAE,0xF5,0xFF,0xF9,0xBD,0x3C,0x00,0x00,0x00,0xDC,0x14,0xEC,0x00,0x00,0x27,
    0xF1,0x95,0x22,0x04,0x19,0x80,0xFA,0x3C,0x00,0x00,0xDC,0x14,0xEC,0x00,0x00,0xA2,
    0xB0,0x00,0x00,0x00,0x00,0x00,0xA7,0xB0,0x00,0x00,0xDC,0x14,0xEC,0x00,0x00,0xC0,
    0x5E,0x00,0x00,0x00,0x00,0x00,0x75,0xCC,0x00,0x00,0xDC,0x14,0xEC,0x00,0x00,0x00,
    0x00,0x00,0x00,0x00,0x00,0x00,0xAA,0xA4,0x00,0x00,0xDC,0x14,0xEC,0x00,0x00,0x00,
    0x00,0x00,0x00,0x00,0x00,0x65,0xEF,0x27,0x00,0x00,0xDC,0x14,0xEC,0x00,0x00,0x00,
    0x00,0x00,0x00,0x00,0x85,0xEA,0x36,0x00,0x00,0x00,0xDC,0x14,0xEC,0x00,0x00,0x00,
    0x00,0x00,0x00,0x6F,0xE3,0x22,0x00,0x00,0x00,0x00,0xDC,0x14,0xEC,0x00,0x00,0x00,
    0x00,0x00,0x02,0xEA,0x58,0x00,0x00,0x00,0x00,0x00,0xDC,0x14,0xEC,0x00,0x00,0x00,
    0x00,0x00,0x12,0xDC,0x1A,0x00,0x00,0x00,0x00,0x00,0xDC,0x14,0xEC,0x00,0x00,0x00,
    0x00,0x00,0x00,0x00,0x00,0x00,0x00,0x00,0x00,0x00,0xDC,0x14,0xEC,0x00,0x00,0x00,
    0x00,0x00,0x00,0x19,0x00,0x00,0x00,0x00,0x00,0x00,0xDC,0x14,0xEC,0x00,0x00,0x00,
    0x00,0x00,0x6A,0xFF,0x79,0x00,0x00,0x00,0x00,0x00,0xDC,0x14,0xEC,0x00,0x00,0x00,
    0x00,0x00,0x60,0xFF,0x6F,0x00,0x00,0x00,0x00,0x00,0xDC,0x14,0xEC,0x00,0x00,0x00,
    0x00,0x00,0x00,0x0A,0x00,0x00,0x00,0x00,0x00,0x00,0xDC,0x14,0xEC,0x00,0x00,0x00,
    0x00,0x00,0x00,0x00,0x00,0x00,0x00,0x00,0x00,0x00,0xDC,0x14,0xEC,0x00,0x00,0x00,
    0x00,0x00,0x00,0x00,0x00,0x00,0x00,0x00,0x00,0x00,0xDC,0x14,0xFE,0xEC,0xEC,0xEC,
    0xEC,0xEC,0xEC,0xEC,0xEC,0xEC,0xEC,0xEC,0xEC,0xEC,0xFD,0x14,0xFF,0xF0,0xF0,0xF0,
    0xF0,0xF0,0xF0,0xF0,0xF0,0xF0,0xF0,0xF0,0xF0,0xF0,0xFE,0x14,0xEC,0x00,0x00,0x00,
    0x00,0x00,0x00,0x00,0x00,0x00,0x00,0x00,0x00,0x00,0xDC,0x14,0xEC,0x00,0x00,0x00,
    0x00,0x00,0x02,0x0E,0x03,0x00,0x00,0x00,0x00,0x00,0xDC,0x14,0xEC,0x00,0x00,0x00,
    0x27,0xAE,0xF5,0xFF,0xF9,0xBD,0x3C,0x00,0x00,0x00,0xDC,0x14,0xEC,0x00,0x00,0x27,
    0xF1,0x95,0x22,0x04,0x19,0x80,0xFA,0x3C,0x00,0x00,0xDC,0x14,0xEC,0x00,0x00,0xA2,
    0xB0,0x00,0x00,0x00,0x00,0x00,0xA7,0xB0,0x00,0x00,0xDC,0x14,0xEC,0x00,0x00,0xC0,
    0x5E,0x00,0x00,0x00,0x00,0x00,0x75,0xCC,0x00,0x00,0xDC,0x14,0xEC,0x00,0x00,0x00,
    0x00,0x00,0x00,0x00,0x00,0x00,0xAA,0xA4,0x00,0x00,0xDC,0x14,0xEC,0x00,0x00,0x00,
    0x00,0x00,0x00,0x00,0x00,0x65,0xEF,0x27,0x00,0x00,0xDC,0x14,0xEC,0x00,0x00,0x00,
    0x00,0x00,0x00,0x00,0x85,0xEA,0x36,0x00,0x00,0x00,0xDC,0x14,0xEC,0x00,0x00,0x00,
    0x00,0x00,0x00,0x6F,0xE3,0x22,0x00,0x00,0x00,0x00,0xDC,0x14,0xEC,0x00,0x00,0x00,
    0x00,0x00,0x02,0xEA,0x58,0x00,0x00,0x00,0x00,0x00,0xDC,0x14,0xEC,0x00,0x00,0x00,
    0x00,0x00,0x12,0xDC,0x1A,0x00,0x00,0x00,0x00,0x00,0xDC,0x14,0xEC,0x00,0x00,0x00,
    0x00,0x00,0x00,0x00,0x00,0x00,0x00,0x00,0x00,0x00,0xDC,0x14,0xEC,0x00,0x00,0x00,
    0x00,0x00,0x00,0x19,0x00,0x00,0x00,0x00,0x00,0x00,0xDC,0x14,0xEC,0x00,0x00,0x00,
    0x00,0x00,0x6A,0xFF,0x79,0x00,0x00,0x00,0x00,0x00,0xDC,0x14,0xEC,0x00,0x00,0x00,
    0x00,0x00,0x60,0xFF,0x6F,0x00,0x00,0x00,0x00,0x00,0xDC,0x14,0xEC,0x00,0x00,0x00,
    0x00,0x00,0x00,0x0A,0x00,0x00,0x00,0x00,0x00,0x00,0xDC,0x14,0xEC,0x00,0x00,0x00,
    0x00,0x00,0x00,0x00,0x00,0x00,0x00,0x00,0x00,0x00,0xDC,0x14,0xEC,0x00,0x00,0x00,
    0x00,0x00,0x00,0x00,0x00,0x00,0x00,0x00,0x00,0x00,0xDC,0x14,0xFE,0xEC,0xEC,0xEC,
    0xEC,0xEC,0xEC,0xEC,0xEC,0xEC,0xEC,0xEC,0xEC,0xEC,0xFD,0x14,0xFF,0xF0,0xF0,0xF0,
    0xF0,0xF0,0xF0,0xF0,0xF0,0xF0,0xF0,0xF0,0xF0,0xF0,0xFE,0x14,0xEC,0x00,0x00,0x00,
    0x00,0x00,0x00,0x00,0x00,0x00,0x00,0x00,0x00,0x00,0xDC,0x14,0xEC,0x00,0x00,0x00,
    0x00,0x00,0x02,0x0E,0x03,0x00,0x00,0x00,0x00,0x00,0xDC,0x14,0xEC,0x00,0x00,0x00,
    0x27,0xAE,0xF5,0xFF,0xF9,0xBD,0x3C,0x00,0x00,0x00,0xDC,0x14,0xEC,0x00,0x00,0x27,
    0xF1,0x95,0x22,0x04,0x19,0x80,0xFA,0x3C,0x00,0x00,0xDC,0x14,0xEC,0x00,0x00,0xA2,
    0xB0,0x00,0x00,0x00,0x00,0x00,0xA7,0xB0,0x00,0x00,0xDC,0x14,0xEC,0x00,0x00,0xC0,
    0x5E,0x00,0x00,0x00,0x00,0x00,0x75,0xCC,0x00,0x00,0xDC,0x14,0xEC,0x00,0x00,0x00,
    0x00,0x00,0x00,0x00,0x00,0x00,0xAA,0xA4,0x00,0x00,0xDC,0x14,0xEC,0x00,0x00,0x00,
    0x00,0x00,0x00,0x00,0x00,0x65,0xEF,0x27,0x00,0x00,0xDC,0x14,0xEC,0x00,0x00,0x00,
    0x00,0x00,0x00,0x00,0x85,0xEA,0x36,0x00,0x00,0x00,0xDC,0x14,0xEC,0x00,0x00,0x00,
    0x00,0x00,0x00,0x6F,0xE3,0x22,0x00,0x00,0x00,0x00,0xDC,0x14,0xEC,0x00,0x00,0x00,
    0x00,0x00,0x02,0xEA,0x58,0x00,0x00,0x00,0x00,0x00,0xDC,0x14,0xEC,0x00,0x00,0x00,
    0x00,0x00,0x12,0xDC,0x1A,0x00,0x00,0x00,0x00,0x00,0xDC,0x14,0xEC,0x00,0x00,0x00,
    0x00,0x00,0x00,0x00,0x00,0x00,0x00,0x00,0x00,0x00,0xDC,0x14,0xEC,0x00,0x00,0x00,
    0x00,0x00,0x00,0x19,0x00,0x00,0x00,0x00,0x00,0x00,0xDC,0x14,0xEC,0x00,0x00,0x00,
    0x00,0x00,0x6A,0xFF,0x79,0x00,0x00,0x00,0x00,0x00,0xDC,0x14,0xEC,0x00,0x00,0x00,
    0x00,0x00,0x60,0xFF,0x6F,0x00,0x00,0x00,0x00,0x00,0xDC,0x14,0xEC,0x00,0x00,0x00,
    0x00,0x00,0x00,0x0A,0x00,0x00,0x00,0x00,0x00,0x00,0xDC,0x14,0xEC,0x00,0x00,0x00,
    0x00,0x00,0x00,0x00,0x00,0x00,0x00,0x00,0x00,0x00,0xDC,0x14,0xEC,0x00,0x00,0x00,
    0x00,0x00,0x00,0x00,0x00,0x00,0x00,0x00,0x00,0x00,0xDC,0x14,0xFE,0xEC,0xEC,0xEC,
    0xEC,0xEC,0xEC,0xEC,0xEC,0xEC,0xEC,0xEC,0xEC,0xEC,0xFD,0x14,0xFF,0xF0,0xF0,0xF0,
    0xF0,0xF0,0xF0,0xF0,0xF0,0xF0,0xF0,0xF0,0xF0,0xF0,0xFE,0x14,0xEC,0x00,0x00,0x00,
    0x00,0x00,0x00,0x00,0x00,0x00,0x00,0x00,0x00,0x00,0xDC,0x14,0xEC,0x00,0x00,0x00,
    0x00,0x00,0x02,0x0E,0x03,0x00,0x00,0x00,0x00,0x00,0xDC,0x14,0xEC,0x00,0x00,0x00,
    0x27,0xAE,0xF5,0xFF,0xF9,0xBD,0x3C,0x00,0x00,0x00,0xDC,0x14,0xEC,0x00,0x00,0x27,
    0xF1,0x95,0x22,0x04,0x19,0x80,0xFA,0x3C,0x00,0x00,0xDC,0x14,0xEC,0x00,0x00,0xA2,
    0xB0,0x00,0x00,0x00,0x00,0x00,0xA7,0xB0,0x00,0x00,0xDC,0x14,0xEC,0x00,0x00,0xC0,
    0x5E,0x00,0x00,0x00,0x00,0x00,0x75,0xCC,0x00,0x00,0xDC,0x14,0xEC,0x00,0x00,0x00,
    0x00,0x00,0x00,0x00,0x00,0x00,0xAA,0xA4,0x00,0x00,0xDC,0x14,0xEC,0x00,0x00,0x00,
    0x00,0x00,0x00,0x00,0x00,0x65,0xEF,0x27,0x00,0x00,0xDC,0x14,0xEC,0x00,0x00,0x00,
    0x00,0x00,0x00,0x00,0x85,0xEA,0x36,0x00,0x00,0x00,0xDC,0x14,0xEC,0x00,0x00,0x00,
    0x00,0x00,0x00,0x6F,0xE3,0x22,0x00,0x00,0x00,0x00,0xDC,0x14,0xEC,0x00,0x00,0x00,
    0x00,0x00,0x02,0xEA,0x58,0x00,0x00,0x00,0x00,0x00,0xDC,0x14,0xEC,0x00,0x00,0x00,
    0x00,0x00,0x12,0xDC,0x1A,0x00,0x00,0x00,0x00,0x00,0xDC,0x14,0xEC,0x00,0x00,0x00,
    0x00,0x00,0x00,0x00,0x00,0x00,0x00,0x00,0x00,0x00,0xDC,0x14,0xEC,0x00,0x00,0x00,
    0x00,0x00,0x00,0x19,0x00,0x00,0x00,0x00,0x00,0x00,0xDC,0x14,0xEC,0x00,0x00,0x00,
    0x00,0x00,0x6A,0xFF,0x79,0x00,0x00,0x00,0x00,0x00,0xDC,0x14,0xEC,0x00,0x00,0x00,
    0x00,0x00,0x60,0xFF,0x6F,0x00,0x00,0x00,0x00,0x00,0xDC,0x14,0xEC,0x00,0x00,0x00,
    0x00,0x00,0x00,0x0A,0x00,0x00,0x00,0x00,0x00,0x00,0xDC,0x14,0xEC,0x00,0x00,0x00,
    0x00,0x00,0x00,0x00,0x00,0x00,0x00,0x00,0x00,0x00,0xDC,0x14,0xEC,0x00,0x00,0x00,
    0x00,0x00,0x00,0x00,0x00,0x00,0x00,0x00,0x00,0x00,0xDC,0x14,0xFE,0xEC,0xEC,0xEC,
    0xEC,0xEC,0xEC,0xEC,0xEC,0xEC,0xEC,0xEC,0xEC,0xEC,0xFD,0x14,0xFF,0xF0,0xF0,0xF0,
    0xF0,0xF0,0xF0,0xF0,0xF0,0xF0,0xF0,0xF0,0xF0,0xF0,0xFE,0x14,0xEC,0x00,0x00,0x00,
    0x00,0x00,0x00,0x00,0x00,0x00,0x00,0x00,0x00,0x00,0xDC,0x14,0xEC,0x00,0x00,0x00,
    0x00,0x00,0x02,0x0E,0x03,0x00,0x00,0x00,0x00,0x00,0xDC,0x14,0xEC,0x00,0x00,0x00,
    0x27,0xAE,0xF5,0xFF,0xF9,0xBD,0x3C,0x00,0x00,0x00,0xDC,0x14,0xEC,0x00,0x00,0x27,
    0xF1,0x95,0x22,0x04,0x19,0x80,0xFA,0x3C,0x00,0x00,0xDC,0x14,0xEC,0x00,0x00,0xA2,
    0xB0,0x00,0x00,0x00,0x00,0x00,0xA7,0xB0,0x00,0x00,0xDC,0x14,0xEC,0x00,0x00,0xC0,
    0x5E,0x00,0x00,0x00,0x00,0x00,0x75,0xCC,0x00,0x00,0xDC,0x14,0xEC,0x00,0x00,0x00,
    0x00,0x00,0x00,0x00,0x00,0x00,0xAA,0xA4,0x00,0x00,0xDC,0x14,0xEC,0x00,0x00,0x00,
    0x00,0x00,0x00,0x00,0x00,0x65,0xEF,0x27,0x00,0x00,0xDC,0x14,0xEC,0x00,0x00,0x00,
    0x00,0x00,0x00,0x00,0x85,0xEA,0x36,0x00,0x00,0x00,0xDC,0x14,0xEC,0x00,0x00,0x00,
    0x00,0x00,0x00,0x6F,0xE3,0x22,0x00,0x00,0x00,0x00,0xDC,0x14,0xEC,0x00,0x00,0x00,
    0x00,0x00,0x02,0xEA,0x58,0x00,0x00,0x00,0x00,0x00,0xDC,0x14,0xEC,0x00,0x00,0x00,
    0x00,0x00,0x12,0xDC,0x1A,0x00,0x00,0x00,0x00,0x00,0xDC,0x14,0xEC,0x00,0x00,0x00,
    0x00,0x00,0x00,0x00,0x00,0x00,0x00,0x00,0x00,0x00,0xDC,0x14,0xEC,0x00,0x00,0x00,
    0x00,0x00,0x00,0x19,0x00,0x00,0x00,0x00,0x00,0x00,0xDC,0x14,0xEC,0x00,0x00,0x00,
    0x00,0x00,0x6A,0xFF,0x79,0x00,0x00,0x00,0x00,0x00,0xDC,0x14,0xEC,0x00,0x00,0x00,
    0x00,0x00,0x60,0xFF,0x6F,0x00,0x00,0x00,0x00,0x00,0xDC,0x14,0xEC,0x00,0x00,0x00,
    0x00,0x00,0x00,0x0A,0x00,0x00,0x00,0x00,0x00,0x00,0xDC,0x14,0xEC,0x00,0x00,0x00,
    0x00,0x00,0x00,0x00,0x00,0x00,0x00,0x00,0x00,0x00,0xDC,0x14,0xEC,0x00,0x00,0x00,
    0x00,0x00,0x00,0x00,0x00,0x00,0x00,0x00,0x00,0x00,0xDC,0x14,0xFE,0xEC,0xEC,0xEC,
    0xEC,0xEC,0xEC,0xEC,0xEC,0xEC,0xEC,0xEC,0xEC,0xEC,0xFD,0x14,0xFF,0xF0,0xF0,0xF0,
    0xF0,0xF0,0xF0,0xF0,0xF0,0xF0,0xF0,0xF0,0xF0,0xF0,0xFE,0x14,0xEC,0x00,0x00,0x00,
    0x00,0x00,0x00,0x00,0x00,0x00,0x00,0x00,0x00,0x00,0xDC,0x14,0xEC,0x00,0x00,0x00,
    0x00,0x00,0x02,0x0E,0x03,0x00,0x00,0x00,0x00,0x00,0xDC,0x14,0xEC,0x00,0x00,0x00,
    0x27,0xAE,0xF5,0xFF,0xF9,0xBD,0x3C,0x00,0x00,0x00,0xDC,0x14,0xEC,0x00,0x00,0x27,
    0xF1,0x95,0x22,0x04,0x19,0x80,0xFA,0x3C,0x00,0x00,0xDC,0x14,0xEC,0x00,0x00,0xA2,
    0xB0,0x00,0x00,0x00,0x00,0x00,0xA7,0xB0,0x00,0x00,0xDC,0x14,0xEC,0x00,0x00,0xC0,
    0x5E,0x00,0x00,0x00,0x00,0x00,0x75,0xCC,0x00,0x00,0xDC,0x14,0xEC,0x00,0x00,0x00,
    0x00,0x00,0x00,0x00,0x00,0x00,0xAA,0xA4,0x00,0x00,0xDC,0x14,0xEC,0x00,0x00,0x00,
    0x00,0x00,0x00,0x00,0x00,0x65,0xEF,0x27,0x00,0x00,0xDC,0x14,0xEC,0x00,0x00,0x00,
    0x00,0x00,0x00,0x00,0x85,0xEA,0x36,0x00,0x00,0x00,0xDC,0x14,0xEC,0x00,0x00,0x00,
    0x00,0x00,0x00,0x6F,0xE3,0x22,0x00,0x00,0x00,0x00,0xDC,0x14,0xEC,0x00,0x00,0x00,
    0x00,0x00,0x02,0xEA,0x58,0x00,0x00,0x00,0x00,0x00,0xDC,0x14,0xEC,0x00,0x00,0x00,
    0x00,0x00,0x12,0xDC,0x1A,0x00,0x00,0x00,0x00,0x00,0xDC,0x14,0xEC,0x00,0x00,0x00,
    0x00,0x00,0x00,0x00,0x00,0x00,0x00,0x00,0x00,0x00,0xDC,0x14,0xEC,0x00,0x00,0x00,
    0x00,0x00,0x00,0x19,0x00,0x00,0x00,0x00,0x00,0x00,0xDC,0x14,0xEC,0x00,0x00,0x00,
    0x00,0x00,0x6A,0xFF,0x79,0x00,0x00,0x00,0x00,0x00,0xDC,0x14,0xEC,0x00,0x00,0x00,
    0x00,0x00,0x60,0xFF,0x6F,0x00,0x00,0x00,0x00,0x00,0xDC,0x14,0xEC,0x00,0x00,0x00,
    0x00,0x00,0x00,0x0A,0x00,0x00,0x00,0x00,0x00,0x00,0xDC,0x14,0xEC,0x00,0x00,0x00,
    0x00,0x00,0x00,0x00,0x00,0x00,0x00,0x00,0x00,0x00,0xDC,0x14,0xEC,0x00,0x00,0x00,
    0x00,0x00,0x00,0x00,0x00,0x00,0x00,0x00,0x00,0x00,0xDC,0x14,0xFE,0xEC,0xEC,0xEC,
    0xEC,0xEC,0xEC,0xEC,0xEC,0xEC,0xEC,0xEC,0xEC,0xEC,0xFD,0x14,0xFF,0xF0,0xF0,0xF0,
    0xF0,0xF0,0xF0,0xF0,0xF0,0xF0,0xF0,0xF0,0xF0,0xF0,0xFE,0x14,0xEC,0x00,0x00,0x00,
    0x00,0x00,0x00,0x00,0x00,0x00,0x00,0x00,0x00,0x00,0xDC,0x14,0xEC,0x00,0x00,0x00,
    0x00,0x00,0x02,0x0E,0x03,0x00,0x00,0x00,0x00,0x00,0xDC,0x14,0xEC,0x00,0x00,0x00,
    0x27,0xAE,0xF5,0xFF,0xF9,0xBD,0x3C,0x00,0x00,0x00,0xDC,0x14,0xEC,0x00,0x00,0x27,
    0xF1,0x95,0x22,0x04,0x19,0x80,0xFA,0x3C,0x00,0x00,0xDC,0x14,0xEC,0x00,0x00,0xA2,
    0xB0,0x00,0x00,0x00,0x00,0x00,0xA7,0xB0,0x00,0x00,0xDC,0x14,0xEC,0x00,0x00,0xC0,
    0x5E,0x00,0x00,0x00,0x00,0x00,0x75,0xCC,0x00,0x00,0xDC,0x14,0xEC,0x00,0x00,0x00,
    0x00,0x00,0x00,0x00,0x00,0x00,0xAA,0xA4,0x00,0x00,0xDC,0x14,0xEC,0x00,0x00,0x00,
    0x00,0x00,0x00,0x00,0x00,0x65,0xEF,0x27,0x00,0x00,0xDC,0x14,0xEC,0x00,0x00,0x00,
    0x00,0x00,0x00,0x00,0x85,0xEA,0x36,0x00,0x00,0x00,0xDC,0x14,0xEC,0x00,0x00,0x00,
    0x00,0x00,0x00,0x6F,0xE3,0x22,0x00,0x00,0x00,0x00,0xDC,0x14,0xEC,0x00,0x00,0x00,
    0x00,0x00,0x02,0xEA,0x58,0x00,0x00,0x00,0x00,0x00,0xDC,0x14,0xEC,0x00,0x00,0x00,
    0x00,0x00,0x12,0xDC,0x1A,0x00,0x00,0x00,0x00,0x00,0xDC,0x14,0xEC,0x00,0x00,0x00,
    0x00,0x00,0x00,0x00,0x00,0x00,0x00,0x00,0x00,0x00,0xDC,0x14,0xEC,0x00,0x00,0x00,
    0x00,0x00,0x00,0x19,0x00,0x00,0x00,0x00,0x00,0x00,0xDC,0x14,0xEC,0x00,0x00,0x00,
    0x00,0x00,0x6A,0xFF,0x79,0x00,0x00,0x00,0x00,0x00,0xDC,0x14,0xEC,0x00,0x00,0x00,
    0x00,0x00,0x60,0xFF,0x6F,0x00,0x00,0x00,0x00,0x00,0xDC,0x14,0xEC,0x00,0x00,0x00,
    0x00,0x00,0x00,0x0A,0x00,0x00,0x00,0x00,0x00,0x00,0xDC,0x14,0xEC,0x00,0x00,0x00,
    0x00,0x00,0x00,0x00,0x00,0x00,0x00,0x00,0x00,0x00,0xDC,0x14,0xEC,0x00,0x00,0x00,
    0x00,0x00,0x00,0x00,0x00,0x00,0x00,0x00,0x00,0x00,0xDC,0x14,0xFE,0xEC,0xEC,0xEC,
    0xEC,0xEC,0xEC,0xEC,0xEC,0xEC,0xEC,0xEC,0xEC,0xEC,0xFD,0x14,0xFF,0xF0,0xF0,0xF0,
    0xF0,0xF0,0xF0,0xF0,0xF0,0xF0,0xF0,0xF0,0xF0,0xF0,0xFE,0x14,0xEC,0x00,0x00,0x00,
    0x00,0x00,0x00,0x00,0x00,0x00,0x00,0x00,0x00,0x00,0xDC,0x14,0xEC,0x00,0x00,0x00,
    0x00,0x00,0x02,0x0E,0x03,0x00,0x00,0x00,0x00,0x00,0xDC,0x14,0xEC,0x00,0x00,0x00,
    0x27,0xAE,0xF5,0xFF,0xF9,0xBD,0x3C,0x00,0x00,0x00,0xDC,0x14,0xEC,0x00,0x00,0x27,
    0xF1,0x95,0x22,0x04,0x19,0x80,0xFA,0x3C,0x00,0x00,0xDC,0x14,0xEC,0x00,0x00,0xA2,
    0xB0,0x00,0x00,0x00,0x00,0x00,0xA7,0xB0,0x00,0x00,0xDC,0x14,0xEC,0x00,0x00,0xC0,
    0x5E,0x00,0x00,0x00,0x00,0x00,0x75,0xCC,0x00,0x00,0xDC,0x14,0xEC,0x00,0x00,0x00,
    0x00,0x00,0x00,0x00,0x00,0x00,0xAA,0xA4,0x00,0x00,0xDC,0x14,0xEC,0x00,0x00,0x00,
    0x00,0x00,0x00,0x00,0x00,0x65,0xEF,0x27,0x00,0x00,0xDC,0x14,0xEC,0x00,0x00,0x00,
    0x00,0x00,0x00,0x00,0x85,0xEA,0x36,0x00,0x00,0x00,0xDC,0x14,0xEC,0x00,0x00,0x00,
    0x00,0x00,0x00,0x6F,0xE3,0x22,0x00,0x00,0x00,0x00,0xDC,0x14,0xEC,0x00,0x00,0x00,
    0x00,0x00,0x02,0xEA,0x58,0x00,0x00,0x00,0x00,0x00,0xDC,0x14,0xEC,0x00,0x00,0x00,
    0x00,0x00,0x12,0xDC,0x1A,0x00,0x00,0x00,0x00,0x00,0xDC,0x14,0xEC,0x00,0x00,0x00,
    0x00,0x00,0x00,0x00,0x00,0x00,0x00,0x00,0x00,0x00,0xDC,0x14,0xEC,0x00,0x00,0x00,
    0x00,0x00,0x00,0x19,0x00,0x00,0x00,0x00,0x00,0x00,0xDC,0x14,0xEC,0x00,0x00,0x00,
    0x00,0x00,0x6A,0xFF,0x79,0x00,0x00,0x00,0x00,0x00,0xDC,0x14,0xEC,0x00,0x00,0x00,
    0x00,0x00,0x60,0xFF,0x6F,0x00,0x00,0x00,0x00,0x00,0xDC,0x14,0xEC,0x00,0x00,0x00,
    0x00,0x00,0x00,0x0A,0x00,0x00,0x00,0x00,0x00,0x00,0xDC,0x14,0xEC,0x00,0x00,0x00,
    0x00,0x00,0x00,0x00,0x00,0x00,0x00,0x00,0x00,0x00,0xDC,0x14,0xEC,0x00,0x00,0x00,
    0x00,0x00,0x00,0x00,0x00,0x00,0x00,0x00,0x00,0x00,0xDC,0x14,0xFE,0xEC,0xEC,0xEC,
    0xEC,0xEC,0xEC,0xEC,0xEC,0xEC,0xEC,0xEC,0xEC,0xEC,0xFD,0x14,0xFF,0xF0,0xF0,0xF0,
    0xF0,0xF0,0xF0,0xF0,0xF0,0xF0,0xF0,0xF0,0xF0,0xF0,0xFE,0x14,0xEC,0x00,0x00,0x00,
    0x00,0x00,0x00,0x00,0x00,0x00,0x00,0x00,0x00,0x00,0xDC,0x14,0xEC,0x00,0x00,0x00,
    0x00,0x00,0x02,0x0E,0x03,0x00,0x00,0x00,0x00,0x00,0xDC,0x14,0xEC,0x00,0x00,0x00,
    0x27,0xAE,0xF5,0xFF,0xF9,0xBD,0x3C,0x00,0x00,0x00,0xDC,0x14,0xEC,0x00,0x00,0x27,
    0xF1,0x95,0x22,0x04,0x19,0x80,0xFA,0x3C,0x00,0x00,0xDC,0x14,0xEC,0x00,0x00,0xA2,
    0xB0,0x00,0x00,0x00,0x00,0x00,0xA7,0xB0,0x00,0x00,0xDC,0x14,0xEC,0x00,0x00,0xC0,
    0x5E,0x00,0x00,0x00,0x00,0x00,0x75,0xCC,0x00,0x00,0xDC,0x14,0xEC,0x00,0x00,0x00,
    0x00,0x00,0x00,0x00,0x00,0x00,0xAA,0xA4,0x00,0x00,0xDC,0x14,0xEC,0x00,0x00,0x00,
    0x00,0x00,0x00,0x00,0x00,0x65,0xEF,0x27,0x00,0x00,0xDC,0x14,0xEC,0x00,0x00,0x00,
    0x00,0x00,0x00,0x00,0x85,0xEA,0x36,0x00,0x00,0x00,0xDC,0x14,0xEC,0x00,0x00,0x00,
    0x00,0x00,0x00,0x6F,0xE3,0x22,0x00,0x00,0x00,0x00,0xDC,0x14,0xEC,0x00,0x00,0x00,
    0x00,0x00,0x02,0xEA,0x58,0x00,0x00,0x00,0x00,0x00,0xDC,0x14,0xEC,0x00,0x00,0x00,
    0x00,0x00,0x12,0xDC,0x1A,0x00,0x00,0x00,0x00,0x00,0xDC,0x14,0xEC,0x00,0x00,0x00,
    0x00,0x00,0x00,0x00,0x00,0x00,0x00,0x00,0x00,0x00,0xDC,0x14,0xEC,0x00,0x00,0x00,
    0x00,0x00,0x00,0x19,0x00,0x00,0x00,0x00,0x00,0x00,0xDC,0x14,0xEC,0x00,0x00,0x00,
    0x00,0x00,0x6A,0xFF,0x79,0x00,0x00,0x00,0x00,0x00,0xDC,0x14,0xEC,0x00,0x00,0x00,
    0x00,0x00,0x60,0xFF,0x6F,0x00,0x00,0x00,0x00,0x00,0xDC,0x14,0xEC,0x00,0x00,0x00,
    0x00,0x00,0x00,0x0A,0x00,0x00,0x00,0x00,0x00,0x00,0xDC,0x14,0xEC,0x00,0x00,0x00,
    0x00,0x00,0x00,0x00,0x00,0x00,0x00,0x00,0x00,0x00,0xDC,0x14,0xEC,0x00,0x00,0x00,
    0x00,0x00,0x00,0x00,0x00,0x00,0x00,0x00,0x00,0x00,0xDC,0x14,0xFE,0xEC,0xEC,0xEC,
    0xEC,0xEC,0xEC,0xEC,0xEC,0xEC,0xEC,0xEC,0xEC,0xEC,0xFD,0x14,0xFF,0xF0,0xF0,0xF0,
    0xF0,0xF0,0xF0,0xF0,0xF0,0xF0,0xF0,0xF0,0xF0,0xF0,0xFE,0x14,0xEC,0x00,0x00,0x00,
    0x00,0x00,0x00,0x00,0x00,0x00,0x00,0x00,0x00,0x00,0xDC,0x14,0xEC,0x00,0x00,0x00,
    0x00,0x00,0x02,0x0E,0x03,0x00,0x00,0x00,0x00,0x00,0xDC,0x14,0xEC,0x00,0x00,0x00,
    0x27,0xAE,0xF5,0xFF,0xF9,0xBD,0x3C,0x00,0x00,0x00,0xDC,0x14,0xEC,0x00,0x00,0x27,
    0xF1,0x95,0x22,0x04,0x19,0x80,0xFA,0x3C,0x00,0x00,0xDC,0x14,0xEC,0x00,0x00,0xA2,
    0xB0,0x00,0x00,0x00,0x00,0x00,0xA7,0xB0,0x00,0x00,0xDC,0x14,0xEC,0x00,0x00,0xC0,
    0x5E,0x00,0x00,0x00,0x00,0x00,0x75,0xCC,0x00,0x00,0xDC,0x14,0xEC,0x00,0x00,0x00,
    0x00,0x00,0x00,0x00,0x00,0x00,0xAA,0xA4,0x00,0x00,0xDC,0x14,0xEC,0x00,0x00,0x00,
    0x00,0x00,0x00,0x00,0x00,0x65,0xEF,0x27,0x00,0x00,0xDC,0x14,0xEC,0x00,0x00,0x00,
    0x00,0x00,0x00,0x00,0x85,0xEA,0x36,0x00,0x00,0x00,0xDC,0x14,0xEC,0x00,0x00,0x00,
    0x00,0x00,0x00,0x6F,0xE3,0x22,0x00,0x00,0x00,0x00,0xDC,0x14,0xEC,0x00,0x00,0x00,
    0x00,0x00,0x02,0xEA,0x58,0x00,0x00,0x00,0x00,0x00,0xDC,0x14,0xEC,0x00,0x00,0x00,
    0x00,0x00,0x12,0xDC,0x1A,0x00,0x00,0x00,0x00,0x00,0xDC,0x14,0xEC,0x00,0x00,0x00,
    0x00,0x00,0x00,0x00,0x00,0x00,0x00,0x00,0x00,0x00,0xDC,0x14,0xEC,0x00,0x00,0x00,
    0x00,0x00,0x00,0x19,0x00,0x00,0x00,0x00,0x00,0x00,0xDC,0x14,0xEC,0x00,0x00,0x00,
    0x00,0x00,0x6A,0xFF,0x79,0x00,0x00,0x00,0x00,0x00,0xDC,0x14,0xEC,0x00,0x00,0x00,
    0x00,0x00,0x60,0xFF,0x6F,0x00,0x00,0x00,0x00,0x00,0xDC,0x14,0xEC,0x00,0x00,0x00,
    0x00,0x00,0x00,0x0A,0x00,0x00,0x00,0x00,0x00,0x00,0xDC,0x14,0xEC,0x00,0x00,0x00,
    0x00,0x00,0x00,0x00,0x00,0x00,0x00,0x00,0x00,0x00,0xDC,0x14,0xEC,0x00,0x00,0x00,
    0x00,0x00,0x00,0x00,0x00,0x00,0x00,0x00,0x00,0x00,0xDC,0x14,0xFE,0xEC,0xEC,0xEC,
    0xEC,0xEC,0xEC,0xEC,0xEC,0xEC,0xEC,0xEC,0xEC,0xEC,0xFD,0x14,0xFF,0xF0,0xF0,0xF0,
    0xF0,0xF0,0xF0,0xF0,0xF0,0xF0,0xF0,0xF0,0xF0,0xF0,0xFE,0x14,0xEC,0x00,0x00,0x00,
    0x00,0x00,0x00,0x00,0x00,0x00,0x00,0x00,0x00,0x00,0xDC,0x14,0xEC,0x00,0x00,0x00,
    0x00,0x00,0x02,0x0E,0x03,0x00,0x00,0x00,0x00,0x00,0xDC,0x14,0xEC,0x00,0x00,0x00,
    0x27,0xAE,0xF5,0xFF,0xF9,0xBD,0x3C,0x00,0x00,0x00,0xDC,0x14,0xEC,0x00,0x00,0x27,
    0xF1,0x95,0x22,0x04,0x19,0x80,0xFA,0x3C,0x00,0x00,0xDC,0x14,0xEC,0x00,0x00,0xA2,
    0xB0,0x00,0x00,0x00,0x00,0x00,0xA7,0xB0,0x00,0x00,0xDC,0x14,0xEC,0x00,0x00,0xC0,
    0x5E,0x00,0x00,0x00,0x00,0x00,0x75,0xCC,0x00,0x00,0xDC,0x14,0xEC,0x00,0x00,0x00,
    0x00,0x00,0x00,0x00,0x00,0x00,0xAA,0xA4,0x00,0x00,0xDC,0x14,0xEC,0x00,0x00,0x00,
    0x00,0x00,0x00,0x00,0x00,0x65,0xEF,0x27,0x00,0x00,0xDC,0x14,0xEC,0x00,0x00,0x00,
    0x00,0x00,0x00,0x00,0x85,0xEA,0x36,0x00,0x00,0x00,0xDC,0x14,0xEC,0x00,0x00,0x00,
    0x00,0x00,0x00,0x6F,0xE3,0x22,0x00,0x00,0x00,0x00,0xDC,0x14,0xEC,0x00,0x00,0x00,
    0x00,0x00,0x02,0xEA,0x58,0x00,0x00,0x00,0x00,0x00,0xDC,0x14,0xEC,0x00,0x00,0x00,
    0x00,0x00,0x12,0xDC,0x1A,0x00,0x00,0x00,0x00,0x00,0xDC,0x14,0xEC,0x00,0x00,0x00,
    0x00,0x00,0x00,0x00,0x00,0x00,0x00,0x00,0x00,0x00,0xDC,0x14,0xEC,0x00,0x00,0x00,
    0x00,0x00,0x00,0x19,0x00,0x00,0x00,0x00,0x00,0x00,0xDC,0x14,0xEC,0x00,0x00,0x00,
    0x00,0x00,0x6A,0xFF,0x79,0x00,0x00,0x00,0x00,0x00,0xDC,0x14,0xEC,0x00,0x00,0x00,
    0x00,0x00,0x60,0xFF,0x6F,0x00,0x00,0x00,0x00,0x00,0xDC,0x14,0xEC,0x00,0x00,0x00,
    0x00,0x00,0x00,0x0A,0x00,0x00,0x00,0x00,0x00,0x00,0xDC,0x14,0xEC,0x00,0x00,0x00,
    0x00,0x00,0x00,0x00,0x00,0x00,0x00,0x00,0x00,0x00,0xDC,0x14,0xEC,0x00,0x00,0x00,
    0x00,0x00,0x00,0x00,0x00,0x00,0x00,0x00,0x00,0x00,0xDC,0x14,0xFE,0xEC,0xEC,0xEC,
    0xEC,0xEC,0xEC,0xEC,0xEC,0xEC,0xEC,0xEC,0xEC,0xEC,0xFD,0x14,0xFF,0xF0,0xF0,0xF0,
    0xF0,0xF0,0xF0,0xF0,0xF0,0xF0,0xF0,0xF0,0xF0,0xF0,0xFE,0x14,0xEC,0x00,0x00,0x00,
    0x00,0x00,0x00,0x00,0x00,0x00,0x00,0x00,0x00,0x00,0xDC,0x14,0xEC,0x00,0x00,0x00,
    0x00,0x00,0x02,0x0E,0x03,0x00,0x00,0x00,0x00,0x00,0xDC,0x14,0xEC,0x00,0x00,0x00,
    0x27,0xAE,0xF5,0xFF,0xF9,0xBD,0x3C,0x00,0x00,0x00,0xDC,0x14,0xEC,0x00,0x00,0x27,
    0xF1,0x95,0x22,0x04,0x19,0x80,0xFA,0x3C,0x00,0x00,0xDC,0x14,0xEC,0x00,0x00,0xA2,
    0xB0,0x00,0x00,0x00,0x00,0x00,0xA7,0xB0,0x00,0x00,0xDC,0x14,0xEC,0x00,0x00,0xC0,
    0x5E,0x00,0x00,0x00,0x00,0x00,0x75,0xCC,0x00,0x00,0xDC,0x14,0xEC,0x00,0x00,0x00,
    0x00,0x00,0x00,0x00,0x00,0x00,0xAA,0xA4,0x00,0x00,0xDC,0x14,0xEC,0x00,0x00,0x00,
    0x00,0x00,0x00,0x00,0x00,0x65,0xEF,0x27,0x00,0x00,0xDC,0x14,0xEC,0x00,0x00,0x00,
    0x00,0x00,0x00,0x00,0x85,0xEA,0x36,0x00,0x00,0x00,0xDC,0x14,0xEC,0x00,0x00,0x00,
    0x00,0x00,0x00,0x6F,0xE3,0x22,0x00,0x00,0x00,0x00,0xDC,0x14,0xEC,0x00,0x00,0x00,
    0x00,0x00,0x02,0xEA,0x58,0x00,0x00,0x00,0x00,0x00,0xDC,0x14,0xEC,0x00,0x00,0x00,
    0x00,0x00,0x12,0xDC,0x1A,0x00,0x00,0x00,0x00,0x00,0xDC,0x14,0xEC,0x00,0x00,0x00,
    0x00,0x00,0x00,0x00,0x00,0x00,0x00,0x00,0x00,0x00,0xDC,0x14,0xEC,0x00,0x00,0x00,
    0x00,0x00,0x00,0x19,0x00,0x00,0x00,0x00,0x00,0x00,0xDC,0x14,0xEC,0x00,0x00,0x00,
    0x00,0x00,0x6A,0xFF,0x79,0x00,0x00,0x00,0x00,0x00,0xDC,0x14,0xEC,0x00,0x00,0x00,
    0x00,0x00,0x60,0xFF,0x6F,0x00,0x00,0x00,0x00,0x00,0xDC,0x14,0xEC,0x00,0x00,0x00,
    0x00,0x00,0x00,0x0A,0x00,0x00,0x00,0x00,0x00,0x00,0xDC,0x14,0xEC,0x00,0x00,0x00,
    0x00,0x00,0x00,0x00,0x00,0x00,0x00,0x00,0x00,0x00,0xDC,0x14,0xEC,0x00,0x00,0x00,
    0x00,0x00,0x00,0x00,0x00,0x00,0x00,0x00,0x00,0x00,0xDC,0x14,0xFE,0xEC,0xEC,0xEC,
    0xEC,0xEC,0xEC,0xEC,0xEC,0xEC,0xEC,0xEC,0xEC,0xEC,0xFD,0x14,0xFF,0xF0,0xF0,0xF0,
    0xF0,0xF0,0xF0,0xF0,0xF0,0xF0,0xF0,0xF0,0xF0,0xF0,0xFE,0x14,0xEC,0x00,0x00,0x00,
    0x00,0x00,0x00,0x00,0x00,0x00,0x00,0x00,0x00,0x00,0xDC,0x14,0xEC,0x00,0x00,0x00,
    0x00,0x00,0x02,0x0E,0x03,0x00,0x00,0x00,0x00,0x00,0xDC,0x14,0xEC,0x00,0x00,0x00,
    0x27,0xAE,0xF5,0xFF,0xF9,0xBD,0x3C,0x00,0x00,0x00,0xDC,0x14,0xEC,0x00,0x00,0x27,
    0xF1,0x95,0x22,0x04,0x19,0x80,0xFA,0x3C,0x00,0x00,0xDC,0x14,0xEC,0x00,0x00,0xA2,
    0xB0,0x00,0x00,0x00,0x00,0x00,0xA7,0xB0,0x00,0x00,0xDC,0x14,0xEC,0x00,0x00,0xC0,
    0x5E,0x00,0x00,0x00,0x00,0x00,0x75,0xCC,0x00,0x00,0xDC,0x14,0xEC,0x00,0x00,0x00,
    0x00,0x00,0x00,0x00,0x00,0x00,0xAA,0xA4,0x00,0x00,0xDC,0x14,0xEC,0x00,0x00,0x00,
    0x00,0x00,0x00,0x00,0x00,0x65,0xEF,0x27,0x00,0x00,0xDC,0x14,0xEC,0x00,0x00,0x00,
    0x00,0x00,0x00,0x00,0x85,0xEA,0x36,0x00,0x00,0x00,0xDC,0x14,0xEC,0x00,0x00,0x00,
    0x00,0x00,0x00,0x6F,0xE3,0x22,0x00,0x00,0x00,0x00,0xDC,0x14,0xEC,0x00,0x00,0x00,
    0x00,0x00,0x02,0xEA,0x58,0x00,0x00,0x00,0x00,0x00,0xDC,0x14,0xEC,0x00,0x00,0x00,
    0x00,0x00,0x12,0xDC,0x1A,0x00,0x00,0x00,0x00,0x00,0xDC,0x14,0xEC,0x00,0x00,0x00,
    0x00,0x00,0x00,0x00,0x00,0x00,0x00,0x00,0x00,0x00,0xDC,0x14,0xEC,0x00,0x00,0x00,
    0x00,0x00,0x00,0x19,0x00,0x00,0x00,0x00,0x00,0x00,0xDC,0x14,0xEC,0x00,0x00,0x00,
    0x00,0x00,0x6A,0xFF,0x79,0x00,0x00,0x00,0x00,0x00,0xDC,0x14,0xEC,0x00,0x00,0x00,
    0x00,0x00,0x60,0xFF,0x6F,0x00,0x00,0x00,0x00,0x00,0xDC,0x14,0xEC,0x00,0x00,0x00,
    0x00,0x00,0x00,0x0A,0x00,0x00,0x00,0x00,0x00,0x00,0xDC,0x14,0xEC,0x00,0x00,0x00,
    0x00,0x00,0x00,0x00,0x00,0x00,0x00,0x00,0x00,0x00,0xDC,0x14,0xEC,0x00,0x00,0x00,
    0x00,0x00,0x00,0x00,0x00,0x00,0x00,0x00,0x00,0x00,0xDC,0x14,0xFE,0xEC,0xEC,0xEC,
    0xEC,0xEC,0xEC,0xEC,0xEC,0xEC,0xEC,0xEC,0xEC,0xEC,0xFD,0x14,0xFF,0xF0,0xF0,0xF0,
    0xF0,0xF0,0xF0,0xF0,0xF0,0xF0,0xF0,0xF0,0xF0,0xF0,0xFE,0x14,0xEC,0x00,0x00,0x00,
    0x00,0x00,0x00,0x00,0x00,0x00,0x00,0x00,0x00,0x00,0xDC,0x14,0xEC,0x00,0x00,0x00,
    0x00,0x00,0x02,0x0E,0x03,0x00,0x00,0x00,0x00,0x00,0xDC,0x14,0xEC,0x00,0x00,0x00,
    0x27,0xAE,0xF5,0xFF,0xF9,0xBD,0x3C,0x00,0x00,0x00,0xDC,0x14,0xEC,0x00,0x00,0x27,
    0xF1,0x95,0x22,0x04,0x19,0x80,0xFA,0x3C,0x00,0x00,0xDC,0x14,0xEC,0x00,0x00,0xA2,
    0xB0,0x00,0x00,0x00,0x00,0x00,0xA7,0xB0,0x00,0x00,0xDC,0x14,0xEC,0x00,0x00,0xC0,
    0x5E,0x00,0x00,0x00,0x00,0x00,0x75,0xCC,0x00,0x00,0xDC,0x14,0xEC,0x00,0x00,0x00,
    0x00,0x00,0x00,0x00,0x00,0x00,0xAA,0xA4,0x00,0x00,0xDC,0x14,0xEC,0x00,0x00,0x00,
    0x00,0x00,0x00,0x00,0x00,0x65,0xEF,0x27,0x00,0x00,0xDC,0x14,0xEC,0x00,0x00,0x00,
    0x00,0x00,0x00,0x00,0x85,0xEA,0x36,0x00,0x00,0x00,0xDC,0x14,0xEC,0x00,0x00,0x00,
    0x00,0x00,0x00,0x6F,0xE3,0x22,0x00,0x00,0x00,0x00,0xDC,0x14,0xEC,0x00,0x00,0x00,
    0x00,0x00,0x02,0xEA,0x58,0x00,0x00,0x00,0x00,0x00,0xDC,0x14,0xEC,0x00,0x00,0x00,
    0x00,0x00,0x12,0xDC,0x1A,0x00,0x00,0x00,0x00,0x00,0xDC,0x14,0xEC,0x00,0x00,0x00,
    0x00,0x00,0x00,0x00,0x00,0x00,0x00,0x00,0x00,0x00,0xDC,0x14,0xEC,0x00,0x00,0x00,
    0x00,0x00,0x00,0x19,0x00,0x00,0x00,0x00,0x00,0x00,0xDC,0x14,0xEC,0x00,0x00,0x00,
    0x00,0x00,0x6A,0xFF,0x79,0x00,0x00,0x00,0x00,0x00,0xDC,0x14,0xEC,0x00,0x00,0x00,
    0x00,0x00,0x60,0xFF,0x6F,0x00,0x00,0x00,0x00,0x00,0xDC,0x14,0xEC,0x00,0x00,0x00,
    0x00,0x00,0x00,0x0A,0x00,0x00,0x00,0x00,0x00,0x00,0xDC,0x14,0xEC,0x00,0x00,0x00,
    0x00,0x00,0x00,0x00,0x00,0x00,0x00,0x00,0x00,0x00,0xDC,0x14,0xEC,0x00,0x00,0x00,
    0x00,0x00,0x00,0x00,0x00,0x00,0x00,0x00,0x00,0x00,0xDC,0x14,0xFE,0xEC,0xEC,0xEC,
    0xEC,0xEC,0xEC,0xEC,0xEC,0xEC,0xEC,0xEC,0xEC,0xEC,0xFD,0x14,0xFF,0xF0,0xF0,0xF0,
    0xF0,0xF0,0xF0,0xF0,0xF0,0xF0,0xF0,0xF0,0xF0,0xF0,0xFE,0x14,0xEC,0x00,0x00,0x00,
    0x00,0x00,0x00,0x00,0x00,0x00,0x00,0x00,0x00,0x00,0xDC,0x14,0xEC,0x00,0x00,0x00,
    0x00,0x00,0x02,0x0E,0x03,0x00,0x00,0x00,0x00,0x00,0xDC,0x14,0xEC,0x00,0x00,0x00,
    0x27,0xAE,0xF5,0xFF,0xF9,0xBD,0x3C,0x00,0x00,0x00,0xDC,0x14,0xEC,0x00,0x00,0x27,
    0xF1,0x95,0x22,0x04,0x19,0x80,0xFA,0x3C,0x00,0x00,0xDC,0x14,0xEC,0x00,0x00,0xA2,
    0xB0,0x00,0x00,0x00,0x00,0x00,0xA7,0xB0,0x00,0x00,0xDC,0x14,0xEC,0x00,0x00,0xC0,
    0x5E,0x00,0x00,0x00,0x00,0x00,0x75,0xCC,0x00,0x00,0xDC,0x14,0xEC,0x00,0x00,0x00,
    0x00,0x00,0x00,0x00,0x00,0x00,0xAA,0xA4,0x00,0x00,0xDC,0x14,0xEC,0x00,0x00,0x00,
    0x00,0x00,0x00,0x00,0x00,0x65,0xEF,0x27,0x00,0x00,0xDC,0x14,0xEC,0x00,0x00,0x00,
    0x00,0x00,0x00,0x00,0x85,0xEA,0x36,0x00,0x00,0x00,0xDC,0x14,0xEC,0x00,0x00,0x00,
    0x00,0x00,0x00,0x6F,0xE3,0x22,0x00,0x00,0x00,0x00,0xDC,0x14,0xEC,0x00,0x00,0x00,
    0x00,0x00,0x02,0xEA,0x58,0x00,0x00,0x00,0x00,0x00,0xDC,0x14,0xEC,0x00,0x00,0x00,
    0x00,0x00,0x12,0xDC,0x1A,0x00,0x00,0x00,0x00,0x00,0xDC,0x14,0xEC,0x00,0x00,0x00,
    0x00,0x00,0x00,0x00,0x00,0x00,0x00,0x00,0x00,0x00,0xDC,0x14,0xEC,0x00,0x00,0x00,
    0x00,0x00,0x00,0x19,0x00,0x00,0x00,0x00,0x00,0x00,0xDC,0x14,0xEC,0x00,0x00,0x00,
    0x00,0x00,0x6A,0xFF,0x79,0x00,0x00,0x00,0x00,0x00,0xDC,0x14,0xEC,0x00,0x00,0x00,
    0x00,0x00,0x60,0xFF,0x6F,0x00,0x00,0x00,0x00,0x00,0xDC,0x14,0xEC,0x00,0x00,0x00,
    0x00,0x00,0x00,0x0A,0x00,0x00,0x00,0x00,0x00,0x00,0xDC,0x14,0xEC,0x00,0x00,0x00,
    0x00,0x00,0x00,0x00,0x00,0x00,0x00,0x00,0x00,0x00,0xDC,0x14,0xEC,0x00,0x00,0x00,
    0x00,0x00,0x00,0x00,0x00,0x00,0x00,0x00,0x00,0x00,0xDC,0x14,0xFE,0xEC,0xEC,0xEC,
    0xEC,0xEC,0xEC,0xEC,0xEC,0xEC,0xEC,0xEC,0xEC,0xEC,0xFD,0x14,0xFF,0xF0,0xF0,0xF0,
    0xF0,0xF0,0xF0,0xF0,0xF0,0xF0,0xF0,0xF0,0xF0,0xF0,0xFE,0x14,0xEC,0x00,0x00,0x00,
    0x00,0x00,0x00,0x00,0x00,0x00,0x00,0x00,0x00,0x00,0xDC,0x14,0xEC,0x00,0x00,0x00,
    0x00,0x00,0x02,0x0E,0x03,0x00,0x00,0x00,0x00,0x00,0xDC,0x14,0xEC,0x00,0x00,0x00,
    0x27,0xAE,0xF5,0xFF,0xF9,0xBD,0x3C,0x00,0x00,0x00,0xDC,0x14,0xEC,0x00,0x00,0x27,
    0xF1,0x95,0x22,0x04,0x19,0x80,0xFA,0x3C,0x00,0x00,0xDC,0x14,0xEC,0x00,0x00,0xA2,
    0xB0,0x00,0x00,0x00,0x00,0x00,0xA7,0xB0,0x00,0x00,0xDC,0x14,0xEC,0x00,0x00,0xC0,
    0x5E,0x00,0x00,0x00,0x00,0x00,0x75,0xCC,0x00,0x00,0xDC,0x14,0xEC,0x00,0x00,0x00,
    0x00,0x00,0x00,0x00,0x00,0x00,0xAA,0xA4,0x00,0x00,0xDC,0x14,0xEC,0x00,0x00,0x00,
    0x00,0x00,0x00,0x00,0x00,0x65,0xEF,0x27,0x00,0x00,0xDC,0x14,0xEC,0x00,0x00,0x00,
    0x00,0x00,0x00,0x00,0x85,0xEA,0x36,0x00,0x00,0x00,0xDC,0x14,0xEC,0x00,0x00,0x00,
    0x00,0x00,0x00,0x6F,0xE3,0x22,0x00,0x00,0x00,0x00,0xDC,0x14,0xEC,0x00,0x00,0x00,
    0x00,0x00,0x02,0xEA,0x58,0x00,0x00,0x00,0x00,0x00,0xDC,0x14,0xEC,0x00,0x00,0x00,
    0x00,0x00,0x12,0xDC,0x1A,0x00,0x00,0x00,0x00,0x00,0xDC,0x14,0xEC,0x00,0x00,0x00,
    0x00,0x00,0x00,0x00,0x00,0x00,0x00,0x00,0x00,0x00,0xDC,0x14,0xEC,0x00,0x00,0x00,
    0x00,0x00,0x00,0x19,0x00,0x00,0x00,0x00,0x00,0x00,0xDC,0x14,0xEC,0x00,0x00,0x00,
    0x00,0x00,0x6A,0xFF,0x79,0x00,0x00,0x00,0x00,0x00,0xDC,0x14,0xEC,0x00,0x00,0x00,
    0x00,0x00,0x60,0xFF,0x6F,0x00,0x00,0x00,0x00,0x00,0xDC,0x14,0xEC,0x00,0x00,0x00,
    0x00,0x00,0x00,0x0A,0x00,0x00,0x00,0x00,0x00,0x00,0xDC,0x14,0xEC,0x00,0x00,0x00,
    0x00,0x00,0x00,0x00,0x00,0x00,0x00,0x00,0x00,0x00,0xDC,0x14,0xEC,0x00,0x00,0x00,
    0x00,0x00,0x00,0x00,0x00,0x00,0x00,0x00,0x00,0x00,0xDC,0x14,0xFE,0xEC,0xEC,0xEC,
    0xEC,0xEC,0xEC,0xEC,0xEC,0xEC,0xEC,0xEC,0xEC,0xEC,0xFD,0x14,0xFF,0xF0,0xF0,0xF0,
    0xF0,0xF0,0xF0,0xF0,0xF0,0xF0,0xF0,0xF0,0xF0,0xF0,0xFE,0x14,0xEC,0x00,0x00,0x00,
    0x00,0x00,0x00,0x00,0x00,0x00,0x00,0x00,0x00,0x00,0xDC,0x14,0xEC,0x00,0x00,0x00,
    0x00,0x00,0x02,0x0E,0x03,0x00,0x00,0x00,0x00,0x00,0xDC,0x14,0xEC,0x00,0x00,0x00,
    0x27,0xAE,0xF5,0xFF,0xF9,0xBD,0x3C,0x00,0x00,0x00,0xDC,0x14,0xEC,0x00,0x00,0x27,
    0xF1,0x95,0x22,0x04,0x19,0x80,0xFA,0x3C,0x00,0x00,0xDC,0x14,0xEC,0x00,0x00,0xA2,
    0xB0,0x00,0x00,0x00,0x00,0x00,0xA7,0xB0,0x00,0x00,0xDC,0x14,0xEC,0x00,0x00,0xC0,
    0x5E,0x00,0x00,0x00,0x00,0x00,0x75,0xCC,0x00,0x00,0xDC,0x14,0xEC,0x00,0x00,0x00,
    0x00,0x00,0x00,0x00,0x00,0x00,0xAA,0xA4,0x00,0x00,0xDC,0x14,0xEC,0x00,0x00,0x00,
    0x00,0x00,0x00,0x00,0x00,0x65,0xEF,0x27,0x00,0x00,0xDC,0x14,0xEC,0x00,0x00,0x00,
    0x00,0x00,0x00,0x00,0x85,0xEA,0x36,0x00,0x00,0x00,0xDC,0x14,0xEC,0x00,0x00,0x00,
    0x00,0x00,0x00,0x6F,0xE3,0x22,0x00,0x00,0x00,0x00,0xDC,0x14,0xEC,0x00,0x00,0x00,
    0x00,0x00,0x02,0xEA,0x58,0x00,0x00,0x00,0x00,0x00,0xDC,0x14,0xEC,0x00,0x00,0x00,
    0x00,0x00,0x12,0xDC,0x1A,0x00,0x00,0x00,0x00,0x00,0xDC,0x14,0xEC,0x00,0x00,0x00,
    0x00,0x00,0x00,0x00,0x00,0x00,0x00,0x00,0x00,0x00,0xDC,0x14,0xEC,0x00,0x00,0x00,
    0x00,0x00,0x00,0x19,0x00,0x00,0x00,0x00,0x00,0x00,0xDC,0x14,0xEC,0x00,0x00,0x00,
    0x00,0x00,0x6A,0xFF,0x79,0x00,0x00,0x00,0x00,0x00,0xDC,0x14,0xEC,0x00,0x00,0x00,
    0x00,0x00,0x60,0xFF,0x6F,0x00,0x00,0x00,0x00,0x00,0xDC,0x14,0xEC,0x00,0x00,0x00,
    0x00,0x00,0x00,0x0A,0x00,0x00,0x00,0x00,0x00,0x00,0xDC,0x14,0xEC,0x00,0x00,0x00,
    0x00,0x00,0x00,0x00,0x00,0x00,0x00,0x00,0x00,0x00,0xDC,0x14,0xEC,0x00,0x00,0x00,
    0x00,0x00,0x00,0x00,0x00,0x00,0x00,0x00,0x00,0x00,0xDC,0x14,0xFE,0xEC,0xEC,0xEC,
    0xEC,0xEC,0xEC,0xEC,0xEC,0xEC,0xEC,0xEC,0xEC,0xEC,0xFD,0x14,0xFF,0xF0,0xF0,0xF0,
    0xF0,0xF0,0xF0,0xF0,0xF0,0xF0,0xF0,0xF0,0xF0,0xF0,0xFE,0x14,0xEC,0x00,0x00,0x00,
    0x00,0x00,0x00,0x00,0x00,0x00,0x00,0x00,0x00,0x00,0xDC,0x14,0xEC,0x00,0x00,0x00,
    0x00,0x00,0x02,0x0E,0x03,0x00,0x00,0x00,0x00,0x00,0xDC,0x14,0xEC,0x00,0x00,0x00,
    0x27,0xAE,0xF5,0xFF,0xF9,0xBD,0x3C,0x00,0x00,0x00,0xDC,0x14,0xEC,0x00,0x00,0x27,
    0xF1,0x95,0x22,0x04,0x19,0x80,0xFA,0x3C,0x00,0x00,0xDC,0x14,0xEC,0x00,0x00,0xA2,
    0xB0,0x00,0x00,0x00,0x00,0x00,0xA7,0xB0,0x00,0x00,0xDC,0x14,0xEC,0x00,0x00,0xC0,
    0x5E,0x00,0x00,0x00,0x00,0x00,0x75,0xCC,0x00,0x00,0xDC,0x14,0xEC,0x00,0x00,0x00,
    0x00,0x00,0x00,0x00,0x00,0x00,0xAA,0xA4,0x00,0x00,0xDC,0x14,0xEC,0x00,0x00,0x00,
    0x00,0x00,0x00,0x00,0x00,0x65,0xEF,0x27,0x00,0x00,0xDC,0x14,0xEC,0x00,0x00,0x00,
    0x00,0x00,0x00,0x00,0x85,0xEA,0x36,0x00,0x00,0x00,0xDC,0x14,0xEC,0x00,0x00,0x00,
    0x00,0x00,0x00,0x6F,0xE3,0x22,0x00,0x00,0x00,0x00,0xDC,0x14,0xEC,0x00,0x00,0x00,
    0x00,0x00,0x02,0xEA,0x58,0x00,0x00,0x00,0x00,0x00,0xDC,0x14,0xEC,0x00,0x00,0x00,
    0x00,0x00,0x12,0xDC,0x1A,0x00,0x00,0x00,0x00,0x00,0xDC,0x14,0xEC,0x00,0x00,0x00,
    0x00,0x00,0x00,0x00,0x00,0x00,0x00,0x00,0x00,0x00,0xDC,0x14,0xEC,0x00,0x00,0x00,
    0x00,0x00,0x00,0x19,0x00,0x00,0x00,0x00,0x00,0x00,0xDC,0x14,0xEC,0x00,0x00,0x00,
    0x00,0x00,0x6A,0xFF,0x79,0x00,0x00,0x00,0x00,0x00,0xDC,0x14,0xEC,0x00,0x00,0x00,
    0x00,0x00,0x60,0xFF,0x6F,0x00,0x00,0x00,0x00,0x00,0xDC,0x14,0xEC,0x00,0x00,0x00,
    0x00,0x00,0x00,0x0A,0x00,0x00,0x00,0x00,0x00,0x00,0xDC,0x14,0xEC,0x00,0x00,0x00,
    0x00,0x00,0x00,0x00,0x00,0x00,0x00,0x00,0x00,0x00,0xDC,0x14,0xEC,0x00,0x00,0x00,
    0x00,0x00,0x00,0x00,0x00,0x00,0x00,0x00,0x00,0x00,0xDC,0x14,0xFE,0xEC,0xEC,0xEC,
    0xEC,0xEC,0xEC,0xEC,0xEC,0xEC,0xEC,0xEC,0xEC,0xEC,0xFD,0x14,0xFF,0xF0,0xF0,0xF0,
    0xF0,0xF0,0xF0,0xF0,0xF0,0xF0,0xF0,0xF0,0xF0,0xF0,0xFE,0x14,0xEC,0x00,0x00,0x00,
    0x00,0x00,0x00,0x00,0x00,0x00,0x00,0x00,0x00,0x00,0xDC,0x14,0xEC,0x00,0x00,0x00,
    0x00,0x00,0x02,0x0E,0x03,0x00,0x00,0x00,0x00,0x00,0xDC,0x14,0xEC,0x00,0x00,0x00,
    0x27,0xAE,0xF5,0xFF,0xF9,0xBD,0x3C,0x00,0x00,0x00,0xDC,0x14,0xEC,0x00,0x00,0x27,
    0xF1,0x95,0x22,0x04,0x19,0x80,0xFA,0x3C,0x00,0x00,0xDC,0x14,0xEC,0x00,0x00,0xA2,
    0xB0,0x00,0x00,0x00,0x00,0x00,0xA7,0xB0,0x00,0x00,0xDC,0x14,0xEC,0x00,0x00,0xC0,
    0x5E,0x00,0x00,0x00,0x00,0x00,0x75,0xCC,0x00,0x00,0xDC,0x14,0xEC,0x00,0x00,0x00,
    0x00,0x00,0x00,0x00,0x00,0x00,0xAA,0xA4,0x00,0x00,0xDC,0x14,0xEC,0x00,0x00,0x00,
    0x00,0x00,0x00,0x00,0x00,0x65,0xEF,0x27,0x00,0x00,0xDC,0x14,0xEC,0x00,0x00,0x00,
    0x00,0x00,0x00,0x00,0x85,0xEA,0x36,0x00,0x00,0x00,0xDC,0x14,0xEC,0x00,0x00,0x00,
    0x00,0x00,0x00,0x6F,0xE3,0x22,0x00,0x00,0x00,0x00,0xDC,0x14,0xEC,0x00,0x00,0x00,
    0x00,0x00,0x02,0xEA,0x58,0x00,0x00,0x00,0x00,0x00,0xDC,0x14,0xEC,0x00,0x00,0x00,
    0x00,0x00,0x12,0xDC,0x1A,0x00,0x00,0x00,0x00,0x00,0xDC,0x14,0xEC,0x00,0x00,0x00,
    0x00,0x00,0x00,0x00,0x00,0x00,0x00,0x00,0x00,0x00,0xDC,0x14,0xEC,0x00,0x00,0x00,
    0x00,0x00,0x00,0x19,0x00,0x00,0x00,0x00,0x00,0x00,0xDC,0x14,0xEC,0x00,0x00,0x00,
    0x00,0x00,0x6A,0xFF,0x79,0x00,0x00,0x00,0x00,0x00,0xDC,0x14,0xEC,0x00,0x00,0x00,
    0x00,0x00,0x60,0xFF,0x6F,0x00,0x00,0x00,0x00,0x00,0xDC,0x14,0xEC,0x00,0x00,0x00,
    0x00,0x00,0x00,0x0A,0x00,0x00,0x00,0x00,0x00,0x00,0xDC,0x14,0xEC,0x00,0x00,0x00,
    0x00,0x00,0x00,0x00,0x00,0x00,0x00,0x00,0x00,0x00,0xDC,0x14,0xEC,0x00,0x00,0x00,
    0x00,0x00,0x00,0x00,0x00,0x00,0x00,0x00,0x00,0x00,0xDC,0x14,0xFE,0xEC,0xEC,0xEC,
    0xEC,0xEC,0xEC,0xEC,0xEC,0xEC,0xEC,0xEC,0xEC,0xEC,0xFD,0x14,0xFF,0xF0,0xF0,0xF0,
    0xF0,0xF0,0xF0,0xF0,0xF0,0xF0,0xF0,0xF0,0xF0,0xF0,0xFE,0x14,0xEC,0x00,0x00,0x00,
    0x00,0x00,0x00,0x00,0x00,0x00,0x00,0x00,0x00,0x00,0xDC,0x14,0xEC,0x00,0x00,0x00,
    0x00,0x00,0x02,0x0E,0x03,0x00,0x00,0x00,0x00,0x00,0xDC,0x14,0xEC,0x00,0x00,0x00,
    0x27,0xAE,0xF5,0xFF,0xF9,0xBD,0x3C,0x00,0x00,0x00,0xDC,0x14,0xEC,0x00,0x00,0x27,
    0xF1,0x95,0x22,0x04,0x19,0x80,0xFA,0x3C,0x00,0x00,0xDC,0x14,0xEC,0x00,0x00,0xA2,
    0xB0,0x00,0x00,0x00,0x00,0x00,0xA7,0xB0,0x00,0x00,0xDC,0x14,0xEC,0x00,0x00,0xC0,
    0x5E,0x00,0x00,0x00,0x00,0x00,0x75,0xCC,0x00,0x00,0xDC,0x14,0xEC,0x00,0x00,0x00,
    0x00,0x00,0x00,0x00,0x00,0x00,0xAA,0xA4,0x00,0x00,0xDC,0x14,0xEC,0x00,0x00,0x00,
    0x00,0x00,0x00,0x00,0x00,0x65,0xEF,0x27,0x00,0x00,0xDC,0x14,0xEC,0x00,0x00,0x00,
    0x00,0x00,0x00,0x00,0x85,0xEA,0x36,0x00,0x00,0x00,0xDC,0x14,0xEC,0x00,0x00,0x00,
    0x00,0x00,0x00,0x6F,0xE3,0x22,0x00,0x00,0x00,0x00,0xDC,0x14,0xEC,0x00,0x00,0x00,
    0x00,0x00,0x02,0xEA,0x58,0x00,0x00,0x00,0x00,0x00,0xDC,0x14,0xEC,0x00,0x00,0x00,
    0x00,0x00,0x12,0xDC,0x1A,0x00,0x00,0x00,0x00,0x00,0xDC,0x14,0xEC,0x00,0x00,0x00,
    0x00,0x00,0x00,0x00,0x00,0x00,0x00,0x00,0x00,0x00,0xDC,0x14,0xEC,0x00,0x00,0x00,
    0x00,0x00,0x00,0x19,0x00,0x00,0x00,0x00,0x00,0x00,0xDC,0x14,0xEC,0x00,0x00,0x00,
    0x00,0x00,0x6A,0xFF,0x79,0x00,0x00,0x00,0x00,0x00,0xDC,0x14,0xEC,0x00,0x00,0x00,
    0x00,0x00,0x60,0xFF,0x6F,0x00,0x00,0x00,0x00,0x00,0xDC,0x14,0xEC,0x00,0x00,0x00,
    0x00,0x00,0x00,0x0A,0x00,0x00,0x00,0x00,0x00,0x00,0xDC,0x14,0xEC,0x00,0x00,0x00,
    0x00,0x00,0x00,0x00,0x00,0x00,0x00,0x00,0x00,0x00,0xDC,0x14,0xEC,0x00,0x00,0x00,
    0x00,0x00,0x00,0x00,0x00,0x00,0x00,0x00,0x00,0x00,0xDC,0x14,0xFE,0xEC,0xEC,0xEC,
    0xEC,0xEC,0xEC,0xEC,0xEC,0xEC,0xEC,0xEC,0xEC,0xEC,0xFD,0x14,0xFF,0xF0,0xF0,0xF0,
    0xF0,0xF0,0xF0,0xF0,0xF0,0xF0,0xF0,0xF0,0xF0,0xF0,0xFE,0x14,0xEC,0x00,0x00,0x00,
    0x00,0x00,0x00,0x00,0x00,0x00,0x00,0x00,0x00,0x00,0xDC,0x14,0xEC,0x00,0x00,0x00,
    0x00,0x00,0x02,0x0E,0x03,0x00,0x00,0x00,0x00,0x00,0xDC,0x14,0xEC,0x00,0x00,0x00,
    0x27,0xAE,0xF5,0xFF,0xF9,0xBD,0x3C,0x00,0x00,0x00,0xDC,0x14,0xEC,0x00,0x00,0x27,
    0xF1,0x95,0x22,0x04,0x19,0x80,0xFA,0x3C,0x00,0x00,0xDC,0x14,0xEC,0x00,0x00,0xA2,
    0xB0,0x00,0x00,0x00,0x00,0x00,0xA7,0xB0,0x00,0x00,0xDC,0x14,0xEC,0x00,0x00,0xC0,
    0x5E,0x00,0x00,0x00,0x00,0x00,0x75,0xCC,0x00,0x00,0xDC,0x14,0xEC,0x00,0x00,0x00,
    0x00,0x00,0x00,0x00,0x00,0x00,0xAA,0xA4,0x00,0x00,0xDC,0x14,0xEC,0x00,0x00,0x00,
    0x00,0x00,0x00,0x00,0x00,0x65,0xEF,0x27,0x00,0x00,0xDC,0x14,0xEC,0x00,0x00,0x00,
    0x00,0x00,0x00,0x00,0x85,0xEA,0x36,0x00,0x00,0x00,0xDC,0x14,0xEC,0x00,0x00,0x00,
    0x00,0x00,0x00,0x6F,0xE3,0x22,0x00,0x00,0x00,0x00,0xDC,0x14,0xEC,0x00,0x00,0x00,
    0x00,0x00,0x02,0xEA,0x58,0x00,0x00,0x00,0x00,0x00,0xDC,0x14,0xEC,0x00,0x00,0x00,
    0x00,0x00,0x12,0xDC,0x1A,0x00,0x00,0x00,0x00,0x00,0xDC,0x14,0xEC,0x00,0x00,0x00,
    0x00,0x00,0x00,0x00,0x00,0x00,0x00,0x00,0x00,0x00,0xDC,0x14,0xEC,0x00,0x00,0x00,
    0x00,0x00,0x00,0x19,0x00,0x00,0x00,0x00,0x00,0x00,0xDC,0x14,0xEC,0x00,0x00,0x00,
    0x00,0x00,0x6A,0xFF,0x79,0x00,0x00,0x00,0x00,0x00,0xDC,0x14,0xEC,0x00,0x00,0x00,
    0x00,0x00,0x60,0xFF,0x6F,0x00,0x00,0x00,0x00,0x00,0xDC,0x14,0xEC,0x00,0x00,0x00,
    0x00,0x00,0x00,0x0A,0x00,0x00,0x00,0x00,0x00,0x00,0xDC,0x14,0xEC,0x00,0x00,0x00,
    0x00,0x00,0x00,0x00,0x00,0x00,0x00,0x00,0x00,0x00,0xDC,0x14,0xEC,0x00,0x00,0x00,
    0x00,0x00,0x00,0x00,0x00,0x00,0x00,0x00,0x00,0x00,0xDC,0x14,0xFE,0xEC,0xEC,0xEC,
    0xEC,0xEC,0xEC,0xEC,0xEC,0xEC,0xEC,0xEC,0xEC,0xEC,0xFD,0x14,0xFF,0xF0,0xF0,0xF0,
    0xF0,0xF0,0xF0,0xF0,0xF0,0xF0,0xF0,0xF0,0xF0,0xF0,0xFE,0x14,0xEC,0x00,0x00,0x00,
    0x00,0x00,0x00,0x00,0x00,0x00,0x00,0x00,0x00,0x00,0xDC,0x14,0xEC,0x00,0x00,0x00,
    0x00,0x00,0x02,0x0E,0x03,0x00,0x00,0x00,0x00,0x00,0xDC,0x14,0xEC,0x00,0x00,0x00,
    0x27,0xAE,0xF5,0xFF,0xF9,0xBD,0x3C,0x00,0x00,0x00,0xDC,0x14,0xEC,0x00,0x00,0x27,
    0xF1,0x95,0x22,0x04,0x19,0x80,0xFA,0x3C,0x00,0x00,0xDC,0x14,0xEC,0x00,0x00,0xA2,
    0xB0,0x00,0x00,0x00,0x00,0x00,0xA7,0xB0,0x00,0x00,0xDC,0x14,0xEC,0x00,0x00,0xC0,
    0x5E,0x00,0x00,0x00,0x00,0x00,0x75,0xCC,0x00,0x00,0xDC,0x14,0xEC,0x00,0x00,0x00,
    0x00,0x00,0x00,0x00,0x00,0x00,0xAA,0xA4,0x00,0x00,0xDC,0x14,0xEC,0x00,0x00,0x00,
    0x00,0x00,0x00,0x00,0x00,0x65,0xEF,0x27,0x00,0x00,0xDC,0x14,0xEC,0x00,0x00,0x00,
    0x00,0x00,0x00,0x00,0x85,0xEA,0x36,0x00,0x00,0x00,0xDC,0x14,0xEC,0x00,0x00,0x00,
    0x00,0x00,0x00,0x6F,0xE3,0x22,0x00,0x00,0x00,0x00,0xDC,0x14,0xEC,0x00,0x00,0x00,
    0x00,0x00,0x02,0xEA,0x58,0x00,0x00,0x00,0x00,0x00,0xDC,0x14,0xEC,0x00,0x00,0x00,
    0x00,0x00,0x12,0xDC,0x1A,0x00,0x00,0x00,0x00,0x00,0xDC,0x14,0xEC,0x00,0x00,0x00,
    0x00,0x00,0x00,0x00,0x00,0x00,0x00,0x00,0x00,0x00,0xDC,0x14,0xEC,0x00,0x00,0x00,
    0x00,0x00,0x00,0x19,0x00,0x00,0x00,0x00,0x00,0x00,0xDC,0x14,0xEC,0x00,0x00,0x00,
    0x00,0x00,0x6A,0xFF,0x79,0x00,0x00,0x00,0x00,0x00,0xDC,0x14,0xEC,0x00,0x00,0x00,
    0x00,0x00,0x60,0xFF,0x6F,0x00,0x00,0x00,0x00,0x00,0xDC,0x14,0xEC,0x00,0x00,0x00,
    0x00,0x00,0x00,0x0A,0x00,0x00,0x00,0x00,0x00,0x00,0xDC,0x14,0xEC,0x00,0x00,0x00,
    0x00,0x00,0x00,0x00,0x00,0x00,0x00,0x00,0x00,0x00,0xDC,0x14,0xEC,0x00,0x00,0x00,
    0x00,0x00,0x00,0x00,0x00,0x00,0x00,0x00,0x00,0x00,0xDC,0x14,0xFE,0xEC,0xEC,0xEC,
    0xEC,0xEC,0xEC,0xEC,0xEC,0xEC,0xEC,0xEC,0xEC,0xEC,0xFD,0x14,0xFF,0xF0,0xF0,0xF0,
    0xF0,0xF0,0xF0,0xF0,0xF0,0xF0,0xF0,0xF0,0xF0,0xF0,0xFE,0x14,0xEC,0x00,0x00,0x00,
    0x00,0x00,0x00,0x00,0x00,0x00,0x00,0x00,0x00,0x00,0xDC,0x14,0xEC,0x00,0x00,0x00,
    0x00,0x00,0x02,0x0E,0x03,0x00,0x00,0x00,0x00,0x00,0xDC,0x14,0xEC,0x00,0x00,0x00,
    0x27,0xAE,0xF5,0xFF,0xF9,0xBD,0x3C,0x00,0x00,0x00,0xDC,0x14,0xEC,0x00,0x00,0x27,
    0xF1,0x95,0x22,0x04,0x19,0x80,0xFA,0x3C,0x00,0x00,0xDC,0x14,0xEC,0x00,0x00,0xA2,
    0xB0,0x00,0x00,0x00,0x00,0x00,0xA7,0xB0,0x00,0x00,0xDC,0x14,0xEC,0x00,0x00,0xC0,
    0x5E,0x00,0x00,0x00,0x00,0x00,0x75,0xCC,0x00,0x00,0xDC,0x14,0xEC,0x00,0x00,0x00,
    0x00,0x00,0x00,0x00,0x00,0x00,0xAA,0xA4,0x00,0x00,0xDC,0x14,0xEC,0x00,0x00,0x00,
    0x00,0x00,0x00,0x00,0x00,0x65,0xEF,0x27,0x00,0x00,0xDC,0x14,0xEC,0x00,0x00,0x00,
    0x00,0x00,0x00,0x00,0x85,0xEA,0x36,0x00,0x00,0x00,0xDC,0x14,0xEC,0x00,0x00,0x00,
    0x00,0x00,0x00,0x6F,0xE3,0x22,0x00,0x00,0x00,0x00,0xDC,0x14,0xEC,0x00,0x00,0x00,
    0x00,0x00,0x02,0xEA,0x58,0x00,0x00,0x00,0x00,0x00,0xDC,0x14,0xEC,0x00,0x00,0x00,
    0x00,0x00,0x12,0xDC,0x1A,0x00,0x00,0x00,0x00,0x00,0xDC,0x14,0xEC,0x00,0x00,0x00,
    0x00,0x00,0x00,0x00,0x00,0x00,0x00,0x00,0x00,0x00,0xDC,0x14,0xEC,0x00,0x00,0x00,
    0x00,0x00,0x00,0x19,0x00,0x00,0x00,0x00,0x00,0x00,0xDC,0x14,0xEC,0x00,0x00,0x00,
    0x00,0x00,0x6A,0xFF,0x79,0x00,0x00,0x00,0x00,0x00,0xDC,0x14,0xEC,0x00,0x00,0x00,
    0x00,0x00,0x60,0xFF,0x6F,0x00,0x00,0x00,0x00,0x00,0xDC,0x14,0xEC,0x00,0x00,0x00,
    0x00,0x00,0x00,0x0A,0x00,0x00,0x00,0x00,0x00,0x00,0xDC,0x14,0xEC,0x00,0x00,0x00,
    0x00,0x00,0x00,0x00,0x00,0x00,0x00,0x00,0x00,0x00,0xDC,0x14,0xEC,0x00,0x00,0x00,
    0x00,0x00,0x00,0x00,0x00,0x00,0x00,0x00,0x00,0x00,0xDC,0x14,0xFE,0xEC,0xEC,0xEC,
    0xEC,0xEC,0xEC,0xEC,0xEC,0xEC,0xEC,0xEC,0xEC,0xEC,0xFD,0x14,0xFF,0xF0,0xF0,0xF0,
    0xF0,0xF0,0xF0,0xF0,0xF0,0xF0,0xF0,0xF0,0xF0,0xF0,0xFE,0x14,0xEC,0x00,0x00,0x00,
    0x00,0x00,0x00,0x00,0x00,0x00,0x00,0x00,0x00,0x00,0xDC,0x14,0xEC,0x00,0x00,0x00,
    0x00,0x00,0x02,0x0E,0x03,0x00,0x00,0x00,0x00,0x00,0xDC,0x14,0xEC,0x00,0x00,0x00,
    0x27,0xAE,0xF5,0xFF,0xF9,0xBD,0x3C,0x00,0x00,0x00,0xDC,0x14,0xEC,0x00,0x00,0x27,
    0xF1,0x95,0x22,0x04,0x19,0x80,0xFA,0x3C,0x00,0x00,0xDC,0x14,0xEC,0x00,0x00,0xA2,
    0xB0,0x00,0x00,0x00,0x00,0x00,0xA7,0xB0,0x00,0x00,0xDC,0x14,0xEC,0x00,0x00,0xC0,
    0x5E,0x00,0x00,0x00,0x00,0x00,0x75,0xCC,0x00,0x00,0xDC,0x14,0xEC,0x00,0x00,0x00,
    0x00,0x00,0x00,0x00,0x00,0x00,0xAA,0xA4,0x00,0x00,0xDC,0x14,0xEC,0x00,0x00,0x00,
    0x00,0x00,0x00,0x00,0x00,0x65,0xEF,0x27,0x00,0x00,0xDC,0x14,0xEC,0x00,0x00,0x00,
    0x00,0x00,0x00,0x00,0x85,0xEA,0x36,0x00,0x00,0x00,0xDC,0x14,0xEC,0x00,0x00,0x00,
    0x00,0x00,0x00,0x6F,0xE3,0x22,0x00,0x00,0x00,0x00,0xDC,0x14,0xEC,0x00,0x00,0x00,
    0x00,0x00,0x02,0xEA,0x58,0x00,0x00,0x00,0x00,0x00,0xDC,0x14,0xEC,0x00,0x00,0x00,
    0x00,0x00,0x12,0xDC,0x1A,0x00,0x00,0x00,0x00,0x00,0xDC,0x14,0xEC,0x00,0x00,0x00,
    0x00,0x00,0x00,0x00,0x00,0x00,0x00,0x00,0x00,0x00,0xDC,0x14,0xEC,0x00,0x00,0x00,
    0x00,0x00,0x00,0x19,0x00,0x00,0x00,0x00,0x00,0x00,0xDC,0x14,0xEC,0x00,0x00,0x00,
    0x00,0x00,0x6A,0xFF,0x79,0x00,0x00,0x00,0x00,0x00,0xDC,0x14,0xEC,0x00,0x00,0x00,
    0x00,0x00,0x60,0xFF,0x6F,0x00,0x00,0x00,0x00,0x00,0xDC,0x14,0xEC,0x00,0x00,0x00,
    0x00,0x00,0x00,0x0A,0x00,0x00,0x00,0x00,0x00,0x00,0xDC,0x14,0xEC,0x00,0x00,0x00,
    0x00,0x00,0x00,0x00,0x00,0x00,0x00,0x00,0x00,0x00,0xDC,0x14,0xEC,0x00,0x00,0x00,
    0x00,0x00,0x00,0x00,0x00,0x00,0x00,0x00,0x00,0x00,0xDC,0x14,0xFE,0xEC,0xEC,0xEC,
    0xEC,0xEC,0xEC,0xEC,0xEC,0xEC,0xEC,0xEC,0xEC,0xEC,0xFD,0x14,0xFF,0xF0,0xF0,0xF0,
    0xF0,0xF0,0xF0,0xF0,0xF0,0xF0,0xF0,0xF0,0xF0,0xF0,0xFE,0x14,0xEC,0x00,0x00,0x00,
    0x00,0x00,0x00,0x00,0x00,0x00,0x00,0x00,0x00,0x00,0xDC,0x14,0xEC,0x00,0x00,0x00,
    0x00,0x00,0x02,0x0E,0x03,0x00,0x00,0x00,0x00,0x00,0xDC,0x14,0xEC,0x00,0x00,0x00,
    0x27,0xAE,0xF5,0xFF,0xF9,0xBD,0x3C,0x00,0x00,0x00,0xDC,0x14,0xEC,0x00,0x00,0x27,
    0xF1,0x95,0x22,0x04,0x19,0x80,0xFA,0x3C,0x00,0x00,0xDC,0x14,0xEC,0x00,0x00,0xA2,
    0xB0,0x00,0x00,0x00,0x00,0x00,0xA7,0xB0,0x00,0x00,0xDC,0x14,0xEC,0x00,0x00,0xC0,
    0x5E,0x00,0x00,0x00,0x00,0x00,0x75,0xCC,0x00,0x00,0xDC,0x14,0xEC,0x00,0x00,0x00,
    0x00,0x00,0x00,0x00,0x00,0x00,0xAA,0xA4,0x00,0x00,0xDC,0x14,0xEC,0x00,0x00,0x00,
    0x00,0x00,0x00,0x00,0x00,0x65,0xEF,0x27,0x00,0x00,0xDC,0x14,0xEC,0x00,0x00,0x00,
    0x00,0x00,0x00,0x00,0x85,0xEA,0x36,0x00,0x00,0x00,0xDC,0x14,0xEC,0x00,0x00,0x00,
    0x00,0x00,0x00,0x6F,0xE3,0x22,0x00,0x00,0x00,0x00,0xDC,0x14,0xEC,0x00,0x00,0x00,
    0x00,0x00,0x02,0xEA,0x58,0x00,0x00,0x00,0x00,0x00,0xDC,0x14,0xEC,0x00,0x00,0x00,
    0x00,0x00,0x12,0xDC,0x1A,0x00,0x00,0x00,0x00,0x00,0xDC,0x14,0xEC,0x00,0x00,0x00,
    0x00,0x00,0x00,0x00,0x00,0x00,0x00,0x00,0x00,0x00,0xDC,0x14,0xEC,0x00,0x00,0x00,
    0x00,0x00,0x00,0x19,0x00,0x00,0x00,0x00,0x00,0x00,0xDC,0x14,0xEC,0x00,0x00,0x00,
    0x00,0x00,0x6A,0xFF,0x79,0x00,0x00,0x00,0x00,0x00,0xDC,0x14,0xEC,0x00,0x00,0x00,
    0x00,0x00,0x60,0xFF,0x6F,0x00,0x00,0x00,0x00,0x00,0xDC,0x14,0xEC,0x00,0x00,0x00,
    0x00,0x00,0x00,0x0A,0x00,0x00,0x00,0x00,0x00,0x00,0xDC,0x14,0xEC,0x00,0x00,0x00,
    0x00,0x00,0x00,0x00,0x00,0x00,0x00,0x00,0x00,0x00,0xDC,0x14,0xEC,0x00,0x00,0x00,
    0x00,0x00,0x00,0x00,0x00,0x00,0x00,0x00,0x00,0x00,0xDC,0x14,0xFE,0xEC,0xEC,0xEC,
    0xEC,0xEC,0xEC,0xEC,0xEC,0xEC,0xEC,0xEC,0xEC,0xEC,0xFD,0x14,0xFF,0xF0,0xF0,0xF0,
    0xF0,0xF0,0xF0,0xF0,0xF0,0xF0,0xF0,0xF0,0xF0,0xF0,0xFE,0x14,0xEC,0x00,0x00,0x00,
    0x00,0x00,0x00,0x00,0x00,0x00,0x00,0x00,0x00,0x00,0xDC,0x14,0xEC,0x00,0x00,0x00,
    0x00,0x00,0x02,0x0E,0x03,0x00,0x00,0x00,0x00,0x00,0xDC,0x14,0xEC,0x00,0x00,0x00,
    0x27,0xAE,0xF5,0xFF,0xF9,0xBD,0x3C,0x00,0x00,0x00,0xDC,0x14,0xEC,0x00,0x00,0x27,
    0xF1,0x95,0x22,0x04,0x19,0x80,0xFA,0x3C,0x00,0x00,0xDC,0x14,0xEC,0x00,0x00,0xA2,
    0xB0,0x00,0x00,0x00,0x00,0x00,0xA7,0xB0,0x00,0x00,0xDC,0x14,0xEC,0x00,0x00,0xC0,
    0x5E,0x00,0x00,0x00,0x00,0x00,0x75,0xCC,0x00,0x00,0xDC,0x14,0xEC,0x00,0x00,0x00,
    0x00,0x00,0x00,0x00,0x00,0x00,0xAA,0xA4,0x00,0x00,0xDC,0x14,0xEC,0x00,0x00,0x00,
    0x00,0x00,0x00,0x00,0x00,0x65,0xEF,0x27,0x00,0x00,0xDC,0x14,0xEC,0x00,0x00,0x00,
    0x00,0x00,0x00,0x00,0x85,0xEA,0x36,0x00,0x00,0x00,0xDC,0x14,0xEC,0x00,0x00,0x00,
    0x00,0x00,0x00,0x6F,0xE3,0x22,0x00,0x00,0x00,0x00,0xDC,0x14,0xEC,0x00,0x00,0x00,
    0x00,0x00,0x02,0xEA,0x58,0x00,0x00,0x00,0x00,0x00,0xDC,0x14,0xEC,0x00,0x00,0x00,
    0x00,0x00,0x12,0xDC,0x1A,0x00,0x00,0x00,0x00,0x00,0xDC,0x14,0xEC,0x00,0x00,0x00,
    0x00,0x00,0x00,0x00,0x00,0x00,0x00,0x00,0x00,0x00,0xDC,0x14,0xEC,0x00,0x00,0x00,
    0x00,0x00,0x00,0x19,0x00,0x00,0x00,0x00,0x00,0x00,0xDC,0x14,0xEC,0x00,0x00,0x00,
    0x00,0x00,0x6A,0xFF,0x79,0x00,0x00,0x00,0x00,0x00,0xDC,0x14,0xEC,0x00,0x00,0x00,
    0x00,0x00,0x60,0xFF,0x6F,0x00,0x00,0x00,0x00,0x00,0xDC,0x14,0xEC,0x00,0x00,0x00,
    0x00,0x00,0x00,0x0A,0x00,0x00,0x00,0x00,0x00,0x00,0xDC,0x14,0xEC,0x00,0x00,0x00,
    0x00,0x00,0x00,0x00,0x00,0x00,0x00,0x00,0x00,0x00,0xDC,0x14,0xEC,0x00,0x00,0x00,
    0x00,0x00,0x00,0x00,0x00,0x00,0x00,0x00,0x00,0x00,0xDC,0x14,0xFE,0xEC,0xEC,0xEC,
    0xEC,0xEC,0xEC,0xEC,0xEC,0xEC,0xEC,0xEC,0xEC,0xEC,0xFD,0x14,0xFF,0xF0,0xF0,0xF0,
    0xF0,0xF0,0xF0,0xF0,0xF0,0xF0,0xF0,0xF0,0xF0,0xF0,0xFE,0x14,0xEC,0x00,0x00,0x00,
    0x00,0x00,0x00,0x00,0x00,0x00,0x00,0x00,0x00,0x00,0xDC,0x14,0xEC,0x00,0x00,0x00,
    0x00,0x00,0x02,0x0E,0x03,0x00,0x00,0x00,0x00,0x00,0xDC,0x14,0xEC,0x00,0x00,0x00,
    0x27,0xAE,0xF5,0xFF,0xF9,0xBD,0x3C,0x00,0x00,0x00,0xDC,0x14,0xEC,0x00,0x00,0x27,
    0xF1,0x95,0x22,0x04,0x19,0x80,0xFA,0x3C,0x00,0x00,0xDC,0x14,0xEC,0x00,0x00,0xA2,
    0xB0,0x00,0x00,0x00,0x00,0x00,0xA7,0xB0,0x00,0x00,0xDC,0x14,0xEC,0x00,0x00,0xC0,
    0x5E,0x00,0x00,0x00,0x00,0x00,0x75,0xCC,0x00,0x00,0xDC,0x14,0xEC,0x00,0x00,0x00,
    0x00,0x00,0x00,0x00,0x00,0x00,0xAA,0xA4,0x00,0x00,0xDC,0x14,0xEC,0x00,0x00,0x00,
    0x00,0x00,0x00,0x00,0x00,0x65,0xEF,0x27,0x00,0x00,0xDC,0x14,0xEC,0x00,0x00,0x00,
    0x00,0x00,0x00,0x00,0x85,0xEA,0x36,0x00,0x00,0x00,0xDC,0x14,0xEC,0x00,0x00,0x00,
    0x00,0x00,0x00,0x6F,0xE3,0x22,0x00,0x00,0x00,0x00,0xDC,0x14,0xEC,0x00,0x00,0x00,
    0x00,0x00,0x02,0xEA,0x58,0x00,0x00,0x00,0x00,0x00,0xDC,0x14,0xEC,0x00,0x00,0x00,
    0x00,0x00,0x12,0xDC,0x1A,0x00,0x00,0x00,0x00,0x00,0xDC,0x14,0xEC,0x00,0x00,0x00,
    0x00,0x00,0x00,0x00,0x00,0x00,0x00,0x00,0x00,0x00,0xDC,0x14,0xEC,0x00,0x00,0x00,
    0x00,0x00,0x00,0x19,0x00,0x00,0x00,0x00,0x00,0x00,0xDC,0x14,0xEC,0x00,0x00,0x00,
    0x00,0x00,0x6A,0xFF,0x79,0x00,0x00,0x00,0x00,0x00,0xDC,0x14,0xEC,0x00,0x00,0x00,
    0x00,0x00,0x60,0xFF,0x6F,0x00,0x00,0x00,0x00,0x00,0xDC,0x14,0xEC,0x00,0x00,0x00,
    0x00,0x00,0x00,0x0A,0x00,0x00,0x00,0x00,0x00,0x00,0xDC,0x14,0xEC,0x00,0x00,0x00,
    0x00,0x00,0x00,0x00,0x00,0x00,0x00,0x00,0x00,0x00,0xDC,0x14,0xEC,0x00,0x00,0x00,
    0x00,0x00,0x00,0x00,0x00,0x00,0x00,0x00,0x00,0x00,0xDC,0x14,0xFE,0xEC,0xEC,0xEC,
    0xEC,0xEC,0xEC,0xEC,0xEC,0xEC,0xEC,0xEC,0xEC,0xEC,0xFD,0x14,0x02,0xAC,0xF9,0x9C,
    0x00,0x27,0xFF,0xFF,0xFF,0x13,0x03,0xAC,0xF9,0x9C,0x00,0x00,0x00,0x00,0x00,0x00,
    0x00,0x00,0x00,0x00,0x00,0x00,0x02,0x18,0x01,0x00,0x00,0x27,0xFF,0x19,0x00,0x00,
    0x3F,0xFF,0x31,0x00,0x00,0x52,0xFF,0x46,0x00,0x00,0x61,0xFF,0x55,0x00,0x00,0x6C,
    0xFF,0x60,0x00,0x00,0x74,0xFF,0x68,0x00,0x00,0x7D,0xFF,0x70,0x00,0x00,0x80,0xFF,
    0x74,0x00,0x00,0x84,0xFF,0x77,0x00,0x00,0x84,0xFF,0x78,0x00,0x00,0x84,0xFF,0x78,
    0x00,0x00,0x84,0xFF,0x78,0x00,0x00,0x84,0xFF,0x78,0x00,0x00,0x84,0xFF,0x78,0x00,
    0x00,0x84,0xFF,0x78,0x00,0x00,0x21,0x40,0x1E,0x00,0x00,0x00,0x00,0x00,0x00,0x00,
    0x00,0x00,0xE8,0xA8,0x00,0x00,0x00,0x00,0x00,0x00,0x00,0x00,0x00,0x00,0x00,0x00,
    0xE8,0xA8,0x00,0x00,0x00,0x00,0x00,0x00,0x00,0x00,0x00,0x00,0x00,0x00,0xE8,0xA8,
    0x00,0x00,0x00,0x00,0x00,0x00,0x00,0x00,0x00,0x2F,0x9D,0xDE,0xFF,0xFC,0xD8,0x95,
    0x27,0x00,0x00,0x00,0x00,0x00,0x75,0xFD,0xFD,0xC1,0xFA,0xE3,0xCA,0xFF,0xFA,0x63,
    0x00,0x00,0x00,0x5F,0xFF,0xDB,0x2D,0x00,0xE8,0xA8,0x00,0x43,0xF1,0xFD,0x36,0x00,
    0x0C,0xEC,0xF6,0x23,0x00,0x00,0xE8,0xA8,0x00,0x00,0x62,0xFF,0xA3,0x00,0x61,0xFF,
    0x90,0x00,0x00,0x00,0xE8,0xA8,0x00,0x00,0x0A,0xFD,0xDA,0x00,0xA5,0xFF,0x3F,0x00,
    0x00,0x00,0xE8,0xA8,0x00,0x00,0x00,0x00,0x00,0x00,0xCC,0xFF,0x10,0x00,0x00,0x00,
    0xE8,0xA8,0x00,0x00,0x00,0x00,0x00,0x00,0xDF,0xFC,0x00,0x00,0x00,0x00,0xE8,0xA8,
    0x00,0x00,0x00,0x00,0x00,0x00,0xDF,0xFC,0x00,0x00,0x00,0x00,0xE8,0xA8,0x00,0x00,
    0x00,0x00,0x00,0x00,0xCE,0xFF,0x10,0x00,0x00,0x00,0xE8,0xA8,0x00,0x00,0x00,0x00,
    0x00,0x00,0xA6,0xFF,0x3D,0x00,0x00,0x00,0xE8,0xA8,0x00,0x00,0x00,0x00,0x00,0x00,
    0x64,0xFF,0x8D,0x00,0x00,0x00,0xE8,0xA8,0x00,0x00,0x00,0xE7,0xF7,0x00,0x0E,0xEE,
    0xF4,0x21,0x00,0x00,0xE8,0xA8,0x00,0x00,0x34,0xFF,0xC5,0x00,0x00,0x62,0xFF,0xD8,
    0x2A,0x00,0xE8,0xA8,0x00,0x2F,0xDC,0xFF,0x52,0x00,0x00,0x00,0x78,0xFD,0xFD,0xBF,
    0xFA,0xE2,0xC7,0xFF,0xFD,0x79,0x00,0x00,0x00,0x00,0x00,0x30,0x9F,0xDF,0xFF,0xFC,
    0xD9,0x99,0x2F,0x00,0x00,0x00,0x00,0x00,0x00,0x00,0x00,0x00,0xE8,0xA8,0x00,0x00,
    0x00,0x00,0x00,0x00,0x00,0x00,0x00,0x00,0x00,0x00,0xE8,0xA8,0x00,0x00,0x00,0x00,
    0x00,0x00,0x00,0x00,0x00,0x00,0x00,0x00,0xE8,0xA8,0x00,0x00,0x00,0x00,0x00,0x00,
    0x00,0x00,0x00,0x00,0x42,0xA7,0xE0,0xFB,0xFB,0xE2,0xA9,0x41,0x00,0x00,0x00,0x00,
    0x00,0x02,0x9A,0xFF,0xFF,0xE5,0xBB,0xBB,0xE2,0xFF,0xFF,0x93,0x01,0x00,0x00,0x00,
    0x80,0xFF,0xE3,0x47,0x01,0x00,0x00,0x00,0x44,0xE3,0xFF,0x6E,0x00,0x00,0x0F,0xF5,
    0xF7,0x25,0x00,0x00,0x00,0x00,0x00,0x00,0x2E,0xFC,0xE9,0x03,0x00,0x4C,0xFF,0xA5,
    0x00,0x00,0x00,0x00,0x00,0x00,0x00,0x00,0xBD,0xFF,0x2F,0x00,0x64,0xFF,0x80,0x00,
    0x00,0x00,0x00,0x00,0x00,0x00,0x00,0x96,0xFF,0x4E,0x00,0x58,0xFF,0x93,0x00,0x00,
    0x00,0x00,0x00,0x00,0x00,0x00,0x00,0x00,0x00,0x00,0x24,0xFF,0xD5,0x00,0x00,0x00,
    0x00,0x00,0x00,0x00,0x00,0x00,0x00,0x00,0x00,0x00,0xCE,0xFF,0x3A,0x00,0x00,0x00,
    0x00,0x00,0x00,0x00,0x00,0x00,0x00,0x00,0x00,0x5E,0xFF,0xB0,0x00,0x00,0x00,0x00,
    0x00,0x00,0x00,0x00,0x00,0x00,0x00,0x00,0x05,0xDE,0xFF,0x32,0x00,0x00,0x00,0x00,
    0x00,0x00,0x00,0x00,0x00,0x57,0xA4,0xA4,0xD6,0xFF,0xD9,0xA4,0xA4,0xA4,0xA4,0xA4,
    0xA4,0x0F,0x00,0x00,0x88,0xFF,0xFF,0xFF,0xFF,0xFF,0xFF,0xFF,0xFF,0xFF,0xFF,0xFF,
    0x18,0x00,0x00,0x00,0x00,0x00,0x00,0x87,0xFF,0x67,0x00,0x00,0x00,0x00,0x00,0x00,
    0x00,0x00,0x00,0x00,0x00,0x00,0x55,0xFF,0x8D,0x00,0x00,0x00,0x00,0x00,0x00,0x00,
    0x00,0x00,0x00,0x00,0x00,0x5D,0xFF,0x86,0x00,0x00,0x00,0x00,0x00,0x00,0x00,0x00,
    0x00,0x00,0x00,0x00,0xAE,0xFF,0x4F,0x00,0x00,0x00,0x00,0x00,0x00,0x00,0x00,0x00,
    0x00,0x00,0x50,0xFF,0xD6,0x05,0x00,0x00,0x00,0x00,0x00,0x00,0x00,0x00,0x00,0x03,
    0x74,0xFA,0xE3,0x25,0x00,0x00,0x00,0x00,0x00,0x00,0x00,0x00,0x00,0x00,0xD3,0xFF,
    0xFF,0xC6,0xB4,0xB4,0xB4,0xB4,0xB4,0xB4,0xB4,0xB4,0xB4,0x3B,0x00,0xFC,0xFF,0xFF,
    0xFF,0xFF,0xFF,0xFF,0xFF,0xFF,0xFF,0xFF,0xFF,0xFF,0x54,0x00,0x00,0x30,0x5E,0x00,
    0x00,0x00,0x00,0x00,0x00,0x00,0x00,0x00,0x56,0x3B,0x00,0x01,0xD2,0xFE,0x62,0x1D,
    0x96,0xE4,0xFD,0xE8,0x9D,0x24,0x58,0xFC,0xE4,0x08,0x00,0x26,0xE6,0xFE,0xF3,0xFF,
    0xE9,0xC8,0xE4,0xFF,0xF6,0xFC,0xEF,0x35,0x00,0x00,0x00,0x4F,0xFF,0xF0,0x55,0x01,
    0x00,0x00,0x47,0xE6,0xFF,0x63,0x00,0x00,0x00,0x00,0xB7,0xFF,0x3F,0x00,0x00,0x00,
    0x00,0x00,0x2C,0xFA,0xC6,0x00,0x00,0x00,0x14,0xFE,0xBB,0x00,0x00,0x00,0x00,0x00,
    0x00,0x00,0xA4,0xFF,0x21,0x00,0x00,0x3B,0xFF,0x8A,0x00,0x00,0x00,0x00,0x00,0x00,
    0x00,0x72,0xFF,0x47,0x00,0x00,0x34,0xFF,0x98,0x00,0x00,0x00,0x00,0x00,0x00,0x00,
    0x81,0xFF,0x40,0x00,0x00,0x0A,0xF6,0xE4,0x07,0x00,0x00,0x00,0x00,0x00,0x02,0xD1,
    0xFB,0x12,0x00,0x00,0x00,0x92,0xFF,0x9B,0x02,0x00,0x00,0x00,0x00,0x86,0xFF,0xA5,
    0x00,0x00,0x00,0x00,0x64,0xFF,0xFF,0xC7,0x5E,0x3C,0x58,0xBC,0xFF,0xFF,0x7A,0x00,
    0x00,0x00,0x58,0xFC,0xEF,0xBC,0xFF,0xFF,0xFF,0xFF,0xFF,0xC2,0xE9,0xFF,0x6D,0x00,
    0x02,0xC4,0xEF,0x35,0x00,0x28,0x69,0x7E,0x6C,0x2E,0x00,0x2B,0xE9,0xD4,0x08,0x00,
    0x0F,0x30,0x00,0x00,0x00,0x00,0x00,0x00,0x00,0x00,0x00,0x29,0x17,0x00,0x00,0x00,
    0x0C,0xE6,0xF7,0x1F,0x00,0x00,0x00,0x00,0x00,0x00,0x00,0x00,0x00,0x0A,0xE4,0xF1,
    0x16,0x00,0x62,0xFF,0xA5,0x00,0x00,0x00,0x00,0x00,0x00,0x00,0x00,0x00,0x7E,0xFF,
    0x73,0x00,0x00,0x02,0xCC,0xFF,0x34,0x00,0x00,0x00,0x00,0x00,0x00,0x00,0x17,0xF4,
    0xD9,0x06,0x00,0x00,0x00,0x3E,0xFF,0xC2,0x00,0x00,0x00,0x00,0x00,0x00,0x00,0x9A,
    0xFF,0x4C,0x00,0x00,0x00,0x00,0x00,0xAA,0xFF,0x50,0x00,0x00,0x00,0x00,0x00,0x2B,
    0xFD,0xB9,0x00,0x00,0x00,0x00,0x00,0x00,0x21,0xF8,0xD9,0x05,0x00,0x00,0x00,0x00,
    0xB6,0xFB,0x2A,0x00,0x00,0x00,0x00,0x00,0x00,0x00,0x86,0xFF,0x6E,0x00,0x00,0x00,
    0x45,0xFF,0x93,0x00,0x00,0x00,0x00,0x00,0x00,0x00,0x00,0x0D,0xE9,0xEB,0x0F,0x00,
    0x02,0xD0,0xED,0x11,0x00,0x00,0x00,0x00,0x00,0x00,0x00,0x00,0x00,0x62,0xFF,0x8A,
    0x00,0x62,0xFF,0x6B,0x00,0x00,0x00,0x00,0x00,0x00,0x00,0x00,0x00,0x00,0x02,0xCF,
    0xF8,0x29,0xE5,0xD3,0x04,0x00,0x00,0x00,0x00,0x00,0x00,0x00,0x5F,0xA0,0xA0,0xA0,
    0xC9,0xFF,0xEE,0xFF,0xCD,0xA0,0xA0,0xA0,0x6E,0x00,0x00,0x00,0x00,0x98,0xFF,0xFF,
    0xFF,0xFF,0xFF,0xFF,0xFF,0xFF,0xFF,0xFF,0xFF,0xB0,0x00,0x00,0x00,0x00,0x00,0x00,
    0x00,0x00,0x00,0x6C,0xFF,0x70,0x00,0x00,0x00,0x00,0x00,0x00,0x00,0x00,0x00,0x0C,
    0x14,0x14,0x14,0x14,0x7B,0xFF,0x7E,0x14,0x14,0x14,0x14,0x0E,0x00,0x00,0x00,0x00,
    0x98,0xFF,0xFF,0xFF,0xFF,0xFF,0xFF,0xFF,0xFF,0xFF,0xFF,0xFF,0xB0,0x00,0x00,0x00,
    0x00,0x56,0x90,0x90,0x90,0x90,0xC2,0xFF,0xC4,0x90,0x90,0x90,0x90,0x63,0x00,0x00,
    0x00,0x00,0x00,0x00,0x00,0x00,0x00,0x6C,0xFF,0x70,0x00,0x00,0x00,0x00,0x00,0x00,
    0x00,0x00,0x00,0x00,0x00,0x00,0x00,0x00,0x6C,0xFF,0x70,0x00,0x00,0x00,0x00,0x00,
    0x00,0x00,0x00,0x00,0x00,0x00,0x00,0x00,0x00,0x6C,0xFF,0x70,0x00,0x00,0x00,0x00,
    0x00,0x00,0x00,0x00,0x00,0x00,0x00,0x00,0x00,0x00,0x6C,0xFF,0x70,0x00,0x00,0x00,
    0x00,0x00,0x00,0x00,0x00,0x00,0x00,0x00,0x00,0x00,0x00,0x6C,0xFF,0x70,0x00,0x00,
    0x00,0x00,0x00,0x00,0x00,0x00,0x00,0x00,0x8C,0xFF,0x34,0x8C,0xFF,0x34,0x8C,0xFF,
    0x34,0x8C,0xFF,0x34,0x8C,0xFF,0x34,0x8C,0xFF,0x34,0x8C,0xFF,0x34,0x8C,0xFF,0x34,
    0x8C,0xFF,0x34,0x8C,0xFF,0x34,0x00,0x00,0x00,0x00,0x00,0x00,0x00,0x00,0x00,0x00,
    0x00,0x00,0x00,0x00,0x00,0x00,0x00,0x00,0x8C,0xFF,0x34,0x8C,0xFF,0x34,0x8C,0xFF,
    0x34,0x8C,0xFF,0x34,0x8C,0xFF,0x34,0x8C,0xFF,0x34,0x8C,0xFF,0x34,0x8C,0xFF,0x34,
    0x8C,0xFF,0x34,0x8C,0xFF,0x34,0x69,0xC0,0x27,0x00,0x00,0x00,0x00,0x00,0x00,0x12,
    0x51,0x76,0x7D,0x67,0x2D,0x00,0x00,0x00,0x00,0x01,0x80,0xF7,0xFF,0xFF,0xFF,0xFF,
    0xFF,0xC4,0x23,0x00,0x00,0x70,0xFF,0xC3,0x43,0x0D,0x03,0x26,0x85,0xFB,0xE2,0x0F,
    0x00,0xD1,0xF7,0x0E,0x00,0x00,0x00,0x00,0x00,0x79,0xFF,0x70,0x00,0xDD,0xED,0x02,
    0x00,0x00,0x00,0x00,0x00,0x2A,0xFF,0xA4,0x00,0xA1,0xFF,0x93,0x0F,0x00,0x00,0x00,
    0x00,0x00,0x00,0x00,0x00,0x1B,0xD9,0xFF,0xF5,0xAA,0x61,0x1C,0x00,0x00,0x00,0x00,
    0x00,0x00,0x19,0xDB,0xFF,0xFF,0xFF,0xFF,0xCB,0x65,0x05,0x00,0x00,0x1B,0xDF,0xF3,
    0x8A,0x4B,0x69,0xB1,0xF8,0xFF,0xCC,0x12,0x00,0xA1,0xFE,0x31,0x00,0x00,0x00,0x00,
    0x13,0x9C,0xFF,0x9B,0x00,0xDF,0xDE,0x00,0x00,0x00,0x00,0x00,0x00,0x02,0xE4,0xE4,
    0x00,0xD0,0xF9,0x1A,0x00,0x00,0x00,0x00,0x00,0x00,0xCD,0xF0,0x00,0x6D,0xFF,0xE0,
    0x67,0x0F,0x00,0x00,0x00,0x22,0xF9,0xB9,0x00,0x01,0x76,0xF5,0xFF,0xF9,0xBD,0x77,
    0x71,0xE6,0xE9,0x29,0x00,0x00,0x00,0x14,0x6E,0xBD,0xF8,0xFF,0xFF,0xFB,0x4C,0x00,
    0x00,0x00,0x00,0x00,0x00,0x00,0x09,0x49,0xA3,0xFB,0xFA,0x40,0x00,0x00,0x00,0x00,
    0x00,0x00,0x00,0x00,0x00,0x3D,0xFE,0xC0,0x59,0xFF,0x6C,0x00,0x00,0x00,0x00,0x00,
    0x00,0x00,0xD0,0xED,0x30,0xFF,0xA4,0x00,0x00,0x00,0x00,0x00,0x00,0x00,0xD9,0xE6,
    0x00,0xCC,0xFC,0x58,0x00,0x00,0x00,0x00,0x00,0x67,0xFF,0xA2,0x00,0x27,0xE3,0xFF,
    0xD3,0x95,0x82,0x95,0xD4,0xFF,0xDB,0x19,0x00,0x00,0x11,0x7D,0xCB,0xF3,0xFD,0xF0,
    0xC8,0x7A,0x0D,0x00,0x00,0x41,0x6D,0x07,0x00,0x00,0x24,0x76,0x1B,0x04,0xF8,0xFF,
    0x64,0x00,0x00,0xBC,0xFF,0xA4,0x00,0xBA,0xEF,0x34,0x00,0x00,0x7D,0xF8,0x68,0x00,
    0x00,0x00,0x00,0x00,0x00,0x00,0x16,0x71,0xB9,0xE5,0xFB,0xFA,0xE3,0xB5,0x6E,0x13,
    0x00,0x00,0x00,0x00,0x00,0x00,0x00,0x00,0x00,0x00,0x0C,0x8B,0xF7,0xFF,0xF8,0xCB,
    0xB2,0xB3,0xCD,0xFA,0xFF,0xF5,0x86,0x09,0x00,0x00,0x00,0x00,0x00,0x00,0x00,0x26,
    0xD9,0xFF,0xD1,0x59,0x09,0x00,0x00,0x00,0x00,0x0B,0x5E,0xD5,0xFF,0xD4,0x22,0x00,
    0x00,0x00,0x00,0x00,0x24,0xE9,0xFD,0x75,0x03,0x00,0x00,0x00,0x00,0x00,0x00,0x00,
    0x00,0x04,0x7E,0xFE,0xE5,0x20,0x00,0x00,0x00,0x09,0xD6,0xFD,0x55,0x00,0x00,0x00,
    0x26,0x7D,0xA7,0xB1,0x98,0x52,0x03,0x00,0x00,0x5E,0xFE,0xD0,0x06,0x00,0x00,0x81,
    0xFF,0x7E,0x00,0x00,0x01,0x86,0xFD,0xFF,0xFE,0xF8,0xFF,0xFF,0xCA,0x19,0x00,0x00,
    0x87,0xFF,0x78,0x00,0x0C,0xF2,0xDC,0x05,0x00,0x00,0x7B,0xFF,0xDB,0x4A,0x07,0x00,
    0x22,0x9E,0xFF,0xC5,0x01,0x00,0x07,0xE2,0xEE,0x09,0x5D,0xFF,0x6C,0x00,0x00,0x15,
    0xF7,0xEF,0x1B,0x00,0x00,0x00,0x00,0x00,0xBE,0xFF,0x37,0x00,0x00,0x74,0xFF,0x54,
    0x9C,0xFF,0x1E,0x00,0x00,0x63,0xFF,0x8B,0x00,0x00,0x00,0x00,0x00,0x00,0x4F,0xA0,
    0x3D,0x00,0x00,0x25,0xFF,0x95,0xC1,0xF1,0x00,0x00,0x00,0x90,0xFF,0x52,0x00,0x00,
    0x00,0x00,0x00,0x00,0x00,0x00,0x00,0x00,0x00,0x02,0xF8,0xB9,0xCE,0xE2,0x00,0x00,
    0x00,0x9E,0xFF,0x42,0x00,0x00,0x00,0x00,0x00,0x00,0x00,0x00,0x00,0x00,0x00,0x00,
    0xEA,0xC6,0xC1,0xF1,0x00,0x00,0x00,0x92,0xFF,0x51,0x00,0x00,0x00,0x00,0x00,0x00,
    0x00,0x00,0x00,0x00,0x00,0x01,0xF8,0xB9,0x9C,0xFF,0x1D,0x00,0x00,0x65,0xFF,0x8A,
    0x00,0x00,0x00,0x00,0x00,0x00,0x61,0xD8,0x5C,0x00,0x00,0x25,0xFF,0x95,0x5E,0xFF,
    0x6C,0x00,0x00,0x16,0xF8,0xEF,0x1A,0x00,0x00,0x00,0x00,0x00,0xB9,0xFF,0x3C,0x00,
    0x00,0x73,0xFF,0x56,0x0E,0xF2,0xD9,0x04,0x00,0x00,0x7B,0xFF,0xDB,0x49,0x07,0x00,
    0x1C,0x93,0xFF,0xC6,0x01,0x00,0x06,0xDF,0xEE,0x0A,0x00,0x81,0xFF,0x7D,0x00,0x00,
    0x01,0x87,0xFD,0xFF,0xFE,0xF7,0xFF,0xFF,0xD0,0x1B,0x00,0x00,0x82,0xFF,0x78,0x00,
    0x00,0x0A,0xD6,0xFC,0x50,0x00,0x00,0x00,0x29,0x81,0xAD,0xB5,0x9D,0x56,0x04,0x00,
    0x00,0x59,0xFE,0xD1,0x06,0x00,0x00,0x00,0x24,0xE9,0xFC,0x71,0x02,0x00,0x00,0x00,
    0x00,0x00,0x00,0x00,0x00,0x03,0x7A,0xFE,0xE5,0x20,0x00,0x00,0x00,0x00,0x00,0x26,
    0xD9,0xFF,0xCC,0x56,0x07,0x00,0x00,0x00,0x00,0x09,0x59,0xD1,0xFF,0xD5,0x22,0x00,
    0x00,0x00,0x00,0x00,0x00,0x00,0x0C,0x8B,0xF7,0xFF,0xF6,0xC7,0xAD,0xAE,0xC9,0xF8,
    0xFF,0xF5,0x86,0x09,0x00,0x00,0x00,0x00,0x00,0x00,0x00,0x00,0x00,0x00,0x16,0x71,
    0xB9,0xE6,0xFB,0xFA,0xE4,0xB6,0x6E,0x13,0x00,0x00,0x00,0x00,0x00,0x00,0x00,0x00,
    0x00,0x00,0x22,0x98,0xDE,0xFA,0xF6,0xCF,0x7B,0x08,0x00,0x00,0x39,0xF4,0xFB,0xA3,
    0x6F,0x78,0xC8,0xFF,0xBB,0x02,0x00,0xC5,0xFE,0x42,0x00,0x00,0x00,0x01,0xAE,0xFF,
    0x4A,0x03,0xFC,0xCE,0x00,0x00,0x00,0x00,0x00,0x51,0xFF,0x7E,0x02,0x30,0x23,0x00,
    0x00,0x00,0x00,0x00,0x3D,0xFF,0x8B,0x00,0x00,0x02,0x38,0x6D,0x8F,0xA6,0xB5,0xCD,
    0xFF,0x8C,0x00,0x49,0xDD,0xFF,0xE4,0xAE,0x8D,0x7A,0x91,0xFF,0x8C,0x30,0xFC,0xE8,
    0x47,0x01,0x00,0x00,0x00,0x3C,0xFF,0x8C,0x8A,0xFF,0x55,0x00,0x00,0x00,0x00,0x00,
    0x3C,0xFF,0x8C,0x9D,0xFF,0x33,0x00,0x00,0x00,0x00,0x00,0x6E,0xFF,0x8C,0x76,0xFF,
    0x7D,0x00,0x00,0x00,0x00,0x65,0xF8,0xFF,0x8C,0x14,0xE7,0xFD,0x9C,0x6C,0x80,0xCD,
    0xE8,0x61,0xFF,0x8C,0x00,0x23,0xAA,0xF0,0xFC,0xDB,0x8A,0x14,0x16,0xA8,0x5C,0x00,
    0x00,0x00,0x00,0x00,0x6E,0x1B,0x00,0x00,0x00,0x37,0x52,0x00,0x00,0x00,0x7E,0xFF,
    0x1C,0x00,0x00,0x42,0xF3,0x64,0x00,0x01,0x8C,0xFF,0xA7,0x04,0x00,0x4D,0xF8,0xD9,
    0x1B,0x03,0x9B,0xFF,0x9F,0x03,0x00,0x5B,0xFB,0xD3,0x17,0x00,0x7B,0xFF,0x9A,0x02,
    0x00,0x35,0xFE,0xD1,0x13,0x00,0x00,0x5A,0xFE,0xC9,0x12,0x00,0x23,0xED,0xEE,0x35,
    0x00,0x00,0x00,0x5E,0xFC,0xCF,0x15,0x00,0x2C,0xE5,0xF1,0x3B,0x00,0x00,0x00,0x50,
    0xF9,0xD5,0x0B,0x00,0x23,0xDF,0xF5,0x34,0x00,0x00,0x00,0x45,0xF5,0x1C,0x00,0x00,
    0x1B,0xD6,0x64,0x00,0x00,0x00,0x00,0x39,0x14,0x00,0x00,0x00,0x14,0x39,0x00,0x00,
    0xF4,0xFF,0xFF,0xFF,0xFF,0xFF,0xFF,0xFF,0xFF,0xFF,0xFF,0xFF,0xFF,0x08,0xBB,0xC4,
    0xC4,0xC4,0xC4,0xC4,0xC4,0xC4,0xC4,0xC4,0xC4,0xF1,0xFF,0x07,0x00,0x00,0x00,0x00,
    0x00,0x00,0x00,0x00,0x00,0x00,0x00,0xC0,0xFF,0x04,0x00,0x00,0x00,0x00,0x00,0x00,
    0x00,0x00,0x00,0x00,0x00,0xC0,0xFF,0x04,0x00,0x00,0x00,0x00,0x00,0x00,0x00,0x00,
    0x00,0x00,0x00,0xC0,0xFF,0x04,0x00,0x00,0x00,0x00,0x00,0x00,0x00,0x00,0x00,0x00,
    0x00,0xC0,0xFF,0x04,0x00,0x00,0x00,0x00,0x00,0x00,0x00,0x00,0x00,0x00,0x00,0xC0,
    0xFF,0x04,0x00,0x00,0x00,0x00,0x00,0x00,0x00,0x00,0x00,0x00,0x00,0xC0,0xFF,0x04,
    0x00,0x00,0x00,0x00,0x00,0x00,0x00,0x00,0x00,0x00,0x00,0xC0,0xFF,0x04,0x00,0x00,
    0x3C,0xFF,0xFF,0xFF,0xFF,0xFF,0xFF,0xFF,0x20,0x2A,0xB4,0xB4,0xB4,0xB4,0xB4,0xB4,
    0xB4,0x17,0x00,0x00,0x00,0x00,0x00,0x22,0x99,0xE3,0xFC,0xEC,0xAC,0x38,0x00,0x00,
    0x00,0x00,0x00,0x4E,0xF5,0xC9,0x66,0x44,0x5B,0xB1,0xFD,0x79,0x00,0x00,0x00,0x30,
    0xF8,0x86,0x10,0x1C,0x1C,0x0B,0x00,0x56,0xFC,0x5C,0x00,0x00,0xBA,0xB7,0x00,0x80,
    0xF9,0xEC,0xF9,0x81,0x00,0x82,0xE7,0x07,0x12,0xFE,0x44,0x00,0x80,0xA8,0x00,0x54,
    0xEC,0x00,0x12,0xFD,0x44,0x36,0xFF,0x13,0x00,0x80,0xDB,0x94,0xCE,0x88,0x00,0x00,
    0xDF,0x6A,0x30,0xFF,0x1A,0x00,0x80,0xCA,0x65,0xC6,0x7F,0x00,0x00,0xE6,0x64,0x09,
    0xF6,0x5A,0x00,0x80,0xA8,0x00,0x46,0xED,0x03,0x26,0xFF,0x32,0x00,0x9A,0xD9,0x0A,
    0x58,0x74,0x00,0x06,0xAC,0x23,0xAC,0xCE,0x00,0x00,0x13,0xE1,0xBF,0x18,0x00,0x00,
    0x00,0x09,0x98,0xF6,0x32,0x00,0x00,0x00,0x22,0xD1,0xF4,0xA6,0x84,0x9B,0xE9,0xE7,
    0x3F,0x00,0x00,0x00,0x00,0x00,0x04,0x59,0xA3,0xBC,0xAC,0x6B,0x0C,0x00,0x00,0x00,
    0x3A,0xA0,0xA0,0xA0,0xA0,0xA0,0xA0,0xA0,0xA0,0x05,0x5C,0xFF,0xFF,0xFF,0xFF,0xFF,
    0xFF,0xFF,0xFF,0x08,0x00,0x00,0x03,0x6F,0xD5,0xFB,0xEC,0xA9,0x28,0x00,0x00,0x00,
    0x05,0xB5,0xFF,0xF7,0xCC,0xE0,0xFF,0xF6,0x41,0x00,0x00,0x7C,0xFF,0xBB,0x15,0x00,
    0x00,0x59,0xFA,0xE9,0x0E,0x00,0xE8,0xF0,0x0F,0x00,0x00,0x00,0x00,0x84,0xFF,0x64,
    0x15,0xFF,0xB2,0x00,0x00,0x00,0x00,0x00,0x37,0xFF,0x91,0x0E,0xFF,0xBD,0x00,0x00,
    0x00,0x00,0x00,0x42,0xFF,0x8A,0x00,0xD3,0xFB,0x29,0x00,0x00,0x00,0x00,0xA9,0xFF,
    0x4F,0x00,0x54,0xFF,0xE4,0x52,0x14,0x29,0x9E,0xFF,0xCD,0x03,0x00,0x00,0x79,0xFE,
    0xFF,0xFF,0xFF,0xFF,0xD6,0x1D,0x00,0x00,0x00,0x00,0x31,0x95,0xBC,0xAD,0x69,0x08,
    0x00,0x00,0x00,0x00,
};

leRasterFont aptos_light_l =
{
    {
        {
            LE_STREAM_LOCATION_ID_INTERNAL, // data location id
            (void*)aptos_light_l_glyphs, // glyph table variable pointer
            48580, // data size
        },
        LE_RASTER_FONT,
        0,
    },
    31,
    24,
    LE_FONT_BPP_8, // bits per pixel
    aptos_light_l_data, // kerning table
};

/*********************************
 * Legato Font Asset
 * Name:         aptos_light_s
 * Height:       18
 * Baseline:     14
 * Style:        Antialias
 * Glyph Count:  127
 * Range Count:  1
 * Glyph Ranges: 0x0-0x7E
 *********************************/
/*********************************
 * font glyph kerning table description
 *
 * unsigned int - number of glyphs
 * for each glyph:
 *     unsigned short - codepoint         * the glyph's codepoint
 *     short          - width             * the glyph's width in pixels
 *     short          - height            * the glyph's height in pixels
 *     short          - advance           * the glyph's advance value in pixels
 *     short          - bearingX          * the glyph's bearing value in pixels on the X axis
 *     short          - bearingY          * the glyph's bearing value in pixels on the Y axis
 *     unsigned short - flags             * status flags for this glyph
 *     unsigned short - data row width    * the size of a row of glyph data in bytes
 *     unsigned int   - data table offset * the offset into the corresponding font data table
 ********************************/
const uint8_t aptos_light_s_data[2544] =
{
    0x7F,0x00,0x00,0x00,0x00,0x00,0x09,0x00,0x0C,0x00,0x08,0x00,0x00,0x00,0x0C,0x00,
    0x00,0x00,0x09,0x00,0x00,0x00,0x00,0x00,0x01,0x00,0x09,0x00,0x0C,0x00,0x08,0x00,
    0x00,0x00,0x0C,0x00,0x00,0x00,0x09,0x00,0x6C,0x00,0x00,0x00,0x02,0x00,0x09,0x00,
    0x0C,0x00,0x08,0x00,0x00,0x00,0x0C,0x00,0x00,0x00,0x09,0x00,0xD8,0x00,0x00,0x00,
    0x03,0x00,0x09,0x00,0x0C,0x00,0x08,0x00,0x00,0x00,0x0C,0x00,0x00,0x00,0x09,0x00,
    0x44,0x01,0x00,0x00,0x04,0x00,0x09,0x00,0x0C,0x00,0x08,0x00,0x00,0x00,0x0C,0x00,
    0x00,0x00,0x09,0x00,0xB0,0x01,0x00,0x00,0x05,0x00,0x09,0x00,0x0C,0x00,0x08,0x00,
    0x00,0x00,0x0C,0x00,0x00,0x00,0x09,0x00,0x1C,0x02,0x00,0x00,0x06,0x00,0x09,0x00,
    0x0C,0x00,0x08,0x00,0x00,0x00,0x0C,0x00,0x00,0x00,0x09,0x00,0x88,0x02,0x00,0x00,
    0x07,0x00,0x09,0x00,0x0C,0x00,0x08,0x00,0x00,0x00,0x0C,0x00,0x00,0x00,0x09,0x00,
    0xF4,0x02,0x00,0x00,0x08,0x00,0x09,0x00,0x0C,0x00,0x08,0x00,0x00,0x00,0x0C,0x00,
    0x00,0x00,0x09,0x00,0x60,0x03,0x00,0x00,0x09,0x00,0x09,0x00,0x0C,0x00,0x08,0x00,
    0x00,0x00,0x0C,0x00,0x00,0x00,0x09,0x00,0xCC,0x03,0x00,0x00,0x0A,0x00,0x09,0x00,
    0x0C,0x00,0x08,0x00,0x00,0x00,0x0C,0x00,0x00,0x00,0x09,0x00,0x38,0x04,0x00,0x00,
    0x0B,0x00,0x09,0x00,0x0C,0x00,0x08,0x00,0x00,0x00,0x0C,0x00,0x00,0x00,0x09,0x00,
    0xA4,0x04,0x00,0x00,0x0C,0x00,0x09,0x00,0x0C,0x00,0x08,0x00,0x00,0x00,0x0C,0x00,
    0x00,0x00,0x09,0x00,0x10,0x05,0x00,0x00,0x0D,0x00,0x00,0x00,0x00,0x00,0x00,0x00,
    0x00,0x00,0x00,0x00,0x00,0x00,0x00,0x00,0x7C,0x05,0x00,0x00,0x0E,0x00,0x09,0x00,
    0x0C,0x00,0x08,0x00,0x00,0x00,0x0C,0x00,0x00,0x00,0x09,0x00,0x7C,0x05,0x00,0x00,
    0x0F,0x00,0x09,0x00,0x0C,0x00,0x08,0x00,0x00,0x00,0x0C,0x00,0x00,0x00,0x09,0x00,
    0xE8,0x05,0x00,0x00,0x10,0x00,0x09,0x00,0x0C,0x00,0x08,0x00,0x00,0x00,0x0C,0x00,
    0x00,0x00,0x09,0x00,0x54,0x06,0x00,0x00,0x11,0x00,0x09,0x00,0x0C,0x00,0x08,0x00,
    0x00,0x00,0x0C,0x00,0x00,0x00,0x09,0x00,0xC0,0x06,0x00,0x00,0x12,0x00,0x09,0x00,
    0x0C,0x00,0x08,0x00,0x00,0x00,0x0C,0x00,0x00,0x00,0x09,0x00,0x2C,0x07,0x00,0x00,
    0x13,0x00,0x09,0x00,0x0C,0x00,0x08,0x00,0x00,0x00,0x0C,0x00,0x00,0x00,0x09,0x00,
    0x98,0x07,0x00,0x00,0x14,0x00,0x09,0x00,0x0C,0x00,0x08,0x00,0x00,0x00,0x0C,0x00,
    0x00,0x00,0x09,0x00,0x04,0x08,0x00,0x00,0x15,0x00,0x09,0x00,0x0C,0x00,0x08,0x00,
    0x00,0x00,0x0C,0x00,0x00,0x00,0x09,0x00,0x70,0x08,0x00,0x00,0x16,0x00,0x09,0x00,
    0x0C,0x00,0x08,0x00,0x00,0x00,0x0C,0x00,0x00,0x00,0x09,0x00,0xDC,0x08,0x00,0x00,
    0x17,0x00,0x09,0x00,0x0C,0x00,0x08,0x00,0x00,0x00,0x0C,0x00,0x00,0x00,0x09,0x00,
    0x48,0x09,0x00,0x00,0x18,0x00,0x09,0x00,0x0C,0x00,0x08,0x00,0x00,0x00,0x0C,0x00,
    0x00,0x00,0x09,0x00,0xB4,0x09,0x00,0x00,0x19,0x00,0x09,0x00,0x0C,0x00,0x08,0x00,
    0x00,0x00,0x0C,0x00,0x00,0x00,0x09,0x00,0x20,0x0A,0x00,0x00,0x1A,0x00,0x09,0x00,
    0x0C,0x00,0x08,0x00,0x00,0x00,0x0C,0x00,0x00,0x00,0x09,0x00,0x8C,0x0A,0x00,0x00,
    0x1B,0x00,0x09,0x00,0x0C,0x00,0x08,0x00,0x00,0x00,0x0C,0x00,0x00,0x00,0x09,0x00,
    0xF8,0x0A,0x00,0x00,0x1C,0x00,0x09,0x00,0x0C,0x00,0x08,0x00,0x00,0x00,0x0C,0x00,
    0x00,0x00,0x09,0x00,0x64,0x0B,0x00,0x00,0x1D,0x00,0x09,0x00,0x0C,0x00,0x08,0x00,
    0x00,0x00,0x0C,0x00,0x00,0x00,0x09,0x00,0xD0,0x0B,0x00,0x00,0x1E,0x00,0x09,0x00,
    0x0C,0x00,0x08,0x00,0x00,0x00,0x0C,0x00,0x00,0x00,0x09,0x00,0x3C,0x0C,0x00,0x00,
    0x1F,0x00,0x09,0x00,0x0C,0x00,0x08,0x00,0x00,0x00,0x0C,0x00,0x00,0x00,0x09,0x00,
    0xA8,0x0C,0x00,0x00,0x20,0x00,0x00,0x00,0x00,0x00,0x04,0x00,0x00,0x00,0x00,0x00,
    0x00,0x00,0x00,0x00,0x14,0x0D,0x00,0x00,0x21,0x00,0x03,0x00,0x0C,0x00,0x05,0x00,
    0x01,0x00,0x0C,0x00,0x00,0x00,0x03,0x00,0x14,0x0D,0x00,0x00,0x22,0x00,0x04,0x00,
    0x04,0x00,0x06,0x00,0x01,0x00,0x0C,0x00,0x00,0x00,0x04,0x00,0x38,0x0D,0x00,0x00,
    0x23,0x00,0x0A,0x00,0x0C,0x00,0x0A,0x00,0x00,0x00,0x0C,0x00,0x00,0x00,0x0A,0x00,
    0x48,0x0D,0x00,0x00,0x24,0x00,0x09,0x00,0x10,0x00,0x0A,0x00,0x00,0x00,0x0E,0x00,
    0x00,0x00,0x09,0x00,0xC0,0x0D,0x00,0x00,0x25,0x00,0x0E,0x00,0x0B,0x00,0x0F,0x00,
    0x00,0x00,0x0B,0x00,0x00,0x00,0x0E,0x00,0x50,0x0E,0x00,0x00,0x26,0x00,0x0B,0x00,
    0x0C,0x00,0x0B,0x00,0x01,0x00,0x0C,0x00,0x00,0x00,0x0B,0x00,0xEC,0x0E,0x00,0x00,
    0x27,0x00,0x02,0x00,0x04,0x00,0x04,0x00,0x01,0x00,0x0C,0x00,0x00,0x00,0x02,0x00,
    0x70,0x0F,0x00,0x00,0x28,0x00,0x04,0x00,0x0F,0x00,0x05,0x00,0x01,0x00,0x0C,0x00,
    0x00,0x00,0x04,0x00,0x78,0x0F,0x00,0x00,0x29,0x00,0x04,0x00,0x0F,0x00,0x05,0x00,
    0x00,0x00,0x0C,0x00,0x00,0x00,0x04,0x00,0xB4,0x0F,0x00,0x00,0x2A,0x00,0x08,0x00,
    0x06,0x00,0x08,0x00,0x00,0x00,0x0C,0x00,0x00,0x00,0x08,0x00,0xF0,0x0F,0x00,0x00,
    0x2B,0x00,0x08,0x00,0x08,0x00,0x0A,0x00,0x01,0x00,0x0A,0x00,0x00,0x00,0x08,0x00,
    0x20,0x10,0x00,0x00,0x2C,0x00,0x03,0x00,0x05,0x00,0x05,0x00,0x01,0x00,0x02,0x00,
    0x00,0x00,0x03,0x00,0x60,0x10,0x00,0x00,0x2D,0x00,0x05,0x00,0x01,0x00,0x06,0x00,
    0x01,0x00,0x05,0x00,0x00,0x00,0x05,0x00,0x70,0x10,0x00,0x00,0x2E,0x00,0x03,0x00,
    0x02,0x00,0x05,0x00,0x01,0x00,0x02,0x00,0x00,0x00,0x03,0x00,0x78,0x10,0x00,0x00,
    0x2F,0x00,0x06,0x00,0x0C,0x00,0x06,0x00,0x00,0x00,0x0C,0x00,0x00,0x00,0x06,0x00,
    0x80,0x10,0x00,0x00,0x30,0x00,0x09,0x00,0x0C,0x00,0x0A,0x00,0x00,0x00,0x0C,0x00,
    0x00,0x00,0x09,0x00,0xC8,0x10,0x00,0x00,0x31,0x00,0x05,0x00,0x0C,0x00,0x0A,0x00,
    0x01,0x00,0x0C,0x00,0x00,0x00,0x05,0x00,0x34,0x11,0x00,0x00,0x32,0x00,0x09,0x00,
    0x0C,0x00,0x0A,0x00,0x00,0x00,0x0C,0x00,0x00,0x00,0x09,0x00,0x70,0x11,0x00,0x00,
    0x33,0x00,0x08,0x00,0x0C,0x00,0x0A,0x00,0x01,0x00,0x0C,0x00,0x00,0x00,0x08,0x00,
    0xDC,0x11,0x00,0x00,0x34,0x00,0x09,0x00,0x0C,0x00,0x0A,0x00,0x00,0x00,0x0C,0x00,
    0x00,0x00,0x09,0x00,0x3C,0x12,0x00,0x00,0x35,0x00,0x09,0x00,0x0C,0x00,0x0A,0x00,
    0x00,0x00,0x0C,0x00,0x00,0x00,0x09,0x00,0xA8,0x12,0x00,0x00,0x36,0x00,0x09,0x00,
    0x0C,0x00,0x0A,0x00,0x00,0x00,0x0C,0x00,0x00,0x00,0x09,0x00,0x14,0x13,0x00,0x00,
    0x37,0x00,0x09,0x00,0x0C,0x00,0x0A,0x00,0x00,0x00,0x0C,0x00,0x00,0x00,0x09,0x00,
    0x80,0x13,0x00,0x00,0x38,0x00,0x09,0x00,0x0C,0x00,0x0A,0x00,0x00,0x00,0x0C,0x00,
    0x00,0x00,0x09,0x00,0xEC,0x13,0x00,0x00,0x39,0x00,0x09,0x00,0x0C,0x00,0x0A,0x00,
    0x00,0x00,0x0C,0x00,0x00,0x00,0x09,0x00,0x58,0x14,0x00,0x00,0x3A,0x00,0x03,0x00,
    0x09,0x00,0x05,0x00,0x01,0x00,0x09,0x00,0x00,0x00,0x03,0x00,0xC4,0x14,0x00,0x00,
    0x3B,0x00,0x03,0x00,0x0C,0x00,0x05,0x00,0x01,0x00,0x09,0x00,0x00,0x00,0x03,0x00,
    0xE0,0x14,0x00,0x00,0x3C,0x00,0x08,0x00,0x09,0x00,0x0A,0x00,0x01,0x00,0x0A,0x00,
    0x00,0x00,0x08,0x00,0x04,0x15,0x00,0x00,0x3D,0x00,0x08,0x00,0x05,0x00,0x0A,0x00,
    0x01,0x00,0x08,0x00,0x00,0x00,0x08,0x00,0x4C,0x15,0x00,0x00,0x3E,0x00,0x08,0x00,
    0x09,0x00,0x0A,0x00,0x01,0x00,0x0A,0x00,0x00,0x00,0x08,0x00,0x74,0x15,0x00,0x00,
    0x3F,0x00,0x09,0x00,0x0C,0x00,0x09,0x00,0x00,0x00,0x0C,0x00,0x00,0x00,0x09,0x00,
    0xBC,0x15,0x00,0x00,0x40,0x00,0x0F,0x00,0x0E,0x00,0x10,0x00,0x01,0x00,0x0C,0x00,
    0x00,0x00,0x0F,0x00,0x28,0x16,0x00,0x00,0x41,0x00,0x0B,0x00,0x0C,0x00,0x0A,0x00,
    0x00,0x00,0x0C,0x00,0x00,0x00,0x0B,0x00,0xFC,0x16,0x00,0x00,0x42,0x00,0x09,0x00,
    0x0C,0x00,0x0B,0x00,0x01,0x00,0x0C,0x00,0x00,0x00,0x09,0x00,0x80,0x17,0x00,0x00,
    0x43,0x00,0x0B,0x00,0x0C,0x00,0x0C,0x00,0x01,0x00,0x0C,0x00,0x00,0x00,0x0B,0x00,
    0xEC,0x17,0x00,0x00,0x44,0x00,0x0B,0x00,0x0C,0x00,0x0C,0x00,0x01,0x00,0x0C,0x00,
    0x00,0x00,0x0B,0x00,0x70,0x18,0x00,0x00,0x45,0x00,0x08,0x00,0x0C,0x00,0x0A,0x00,
    0x01,0x00,0x0C,0x00,0x00,0x00,0x08,0x00,0xF4,0x18,0x00,0x00,0x46,0x00,0x08,0x00,
    0x0C,0x00,0x09,0x00,0x01,0x00,0x0C,0x00,0x00,0x00,0x08,0x00,0x54,0x19,0x00,0x00,
    0x47,0x00,0x0B,0x00,0x0C,0x00,0x0D,0x00,0x01,0x00,0x0C,0x00,0x00,0x00,0x0B,0x00,
    0xB4,0x19,0x00,0x00,0x48,0x00,0x0A,0x00,0x0C,0x00,0x0D,0x00,0x01,0x00,0x0C,0x00,
    0x00,0x00,0x0A,0x00,0x38,0x1A,0x00,0x00,0x49,0x00,0x02,0x00,0x0C,0x00,0x04,0x00,
    0x01,0x00,0x0C,0x00,0x00,0x00,0x02,0x00,0xB0,0x1A,0x00,0x00,0x4A,0x00,0x05,0x00,
    0x0C,0x00,0x06,0x00,0x00,0x00,0x0C,0x00,0x00,0x00,0x05,0x00,0xC8,0x1A,0x00,0x00,
    0x4B,0x00,0x09,0x00,0x0C,0x00,0x0A,0x00,0x01,0x00,0x0C,0x00,0x00,0x00,0x09,0x00,
    0x04,0x1B,0x00,0x00,0x4C,0x00,0x08,0x00,0x0C,0x00,0x09,0x00,0x01,0x00,0x0C,0x00,
    0x00,0x00,0x08,0x00,0x70,0x1B,0x00,0x00,0x4D,0x00,0x0C,0x00,0x0C,0x00,0x0E,0x00,
    0x01,0x00,0x0C,0x00,0x00,0x00,0x0C,0x00,0xD0,0x1B,0x00,0x00,0x4E,0x00,0x0A,0x00,
    0x0C,0x00,0x0D,0x00,0x01,0x00,0x0C,0x00,0x00,0x00,0x0A,0x00,0x60,0x1C,0x00,0x00,
    0x4F,0x00,0x0C,0x00,0x0C,0x00,0x0D,0x00,0x01,0x00,0x0C,0x00,0x00,0x00,0x0C,0x00,
    0xD8,0x1C,0x00,0x00,0x50,0x00,0x09,0x00,0x0C,0x00,0x0A,0x00,0x01,0x00,0x0C,0x00,
    0x00,0x00,0x09,0x00,0x68,0x1D,0x00,0x00,0x51,0x00,0x0C,0x00,0x0F,0x00,0x0D,0x00,
    0x01,0x00,0x0C,0x00,0x00,0x00,0x0C,0x00,0xD4,0x1D,0x00,0x00,0x52,0x00,0x09,0x00,
    0x0C,0x00,0x0B,0x00,0x01,0x00,0x0C,0x00,0x00,0x00,0x09,0x00,0x88,0x1E,0x00,0x00,
    0x53,0x00,0x0A,0x00,0x0C,0x00,0x0A,0x00,0x00,0x00,0x0C,0x00,0x00,0x00,0x0A,0x00,
    0xF4,0x1E,0x00,0x00,0x54,0x00,0x09,0x00,0x0C,0x00,0x08,0x00,0x00,0x00,0x0C,0x00,
    0x00,0x00,0x09,0x00,0x6C,0x1F,0x00,0x00,0x55,0x00,0x0A,0x00,0x0C,0x00,0x0C,0x00,
    0x01,0x00,0x0C,0x00,0x00,0x00,0x0A,0x00,0xD8,0x1F,0x00,0x00,0x56,0x00,0x0B,0x00,
    0x0C,0x00,0x0A,0x00,0x00,0x00,0x0C,0x00,0x00,0x00,0x0B,0x00,0x50,0x20,0x00,0x00,
    0x57,0x00,0x10,0x00,0x0C,0x00,0x10,0x00,0x00,0x00,0x0C,0x00,0x00,0x00,0x10,0x00,
    0xD4,0x20,0x00,0x00,0x58,0x00,0x0A,0x00,0x0C,0x00,0x0A,0x00,0x00,0x00,0x0C,0x00,
    0x00,0x00,0x0A,0x00,0x94,0x21,0x00,0x00,0x59,0x00,0x0A,0x00,0x0C,0x00,0x09,0x00,
    0x00,0x00,0x0C,0x00,0x00,0x00,0x0A,0x00,0x0C,0x22,0x00,0x00,0x5A,0x00,0x09,0x00,
    0x0C,0x00,0x09,0x00,0x00,0x00,0x0C,0x00,0x00,0x00,0x09,0x00,0x84,0x22,0x00,0x00,
    0x5B,0x00,0x04,0x00,0x0F,0x00,0x05,0x00,0x01,0x00,0x0C,0x00,0x00,0x00,0x04,0x00,
    0xF0,0x22,0x00,0x00,0x5C,0x00,0x06,0x00,0x0C,0x00,0x06,0x00,0x00,0x00,0x0C,0x00,
    0x00,0x00,0x06,0x00,0x2C,0x23,0x00,0x00,0x5D,0x00,0x04,0x00,0x0F,0x00,0x05,0x00,
    0x00,0x00,0x0C,0x00,0x00,0x00,0x04,0x00,0x74,0x23,0x00,0x00,0x5E,0x00,0x08,0x00,
    0x05,0x00,0x0A,0x00,0x01,0x00,0x0C,0x00,0x00,0x00,0x08,0x00,0xB0,0x23,0x00,0x00,
    0x5F,0x00,0x09,0x00,0x01,0x00,0x08,0x00,0x00,0x00,0xFF,0xFF,0x00,0x00,0x09,0x00,
    0xD8,0x23,0x00,0x00,0x60,0x00,0x04,0x00,0x03,0x00,0x0A,0x00,0x02,0x00,0x0D,0x00,
    0x00,0x00,0x04,0x00,0xE4,0x23,0x00,0x00,0x61,0x00,0x07,0x00,0x09,0x00,0x09,0x00,
    0x01,0x00,0x09,0x00,0x00,0x00,0x07,0x00,0xF0,0x23,0x00,0x00,0x62,0x00,0x08,0x00,
    0x0C,0x00,0x0A,0x00,0x01,0x00,0x0C,0x00,0x00,0x00,0x08,0x00,0x30,0x24,0x00,0x00,
    0x63,0x00,0x08,0x00,0x09,0x00,0x09,0x00,0x01,0x00,0x09,0x00,0x00,0x00,0x08,0x00,
    0x90,0x24,0x00,0x00,0x64,0x00,0x08,0x00,0x0C,0x00,0x0A,0x00,0x01,0x00,0x0C,0x00,
    0x00,0x00,0x08,0x00,0xD8,0x24,0x00,0x00,0x65,0x00,0x08,0x00,0x09,0x00,0x09,0x00,
    0x01,0x00,0x09,0x00,0x00,0x00,0x08,0x00,0x38,0x25,0x00,0x00,0x66,0x00,0x05,0x00,
    0x0C,0x00,0x05,0x00,0x00,0x00,0x0C,0x00,0x00,0x00,0x05,0x00,0x80,0x25,0x00,0x00,
    0x67,0x00,0x09,0x00,0x0D,0x00,0x08,0x00,0x00,0x00,0x0A,0x00,0x00,0x00,0x09,0x00,
    0xBC,0x25,0x00,0x00,0x68,0x00,0x08,0x00,0x0C,0x00,0x0A,0x00,0x01,0x00,0x0C,0x00,
    0x00,0x00,0x08,0x00,0x34,0x26,0x00,0x00,0x69,0x00,0x02,0x00,0x0D,0x00,0x04,0x00,
    0x01,0x00,0x0D,0x00,0x00,0x00,0x02,0x00,0x94,0x26,0x00,0x00,0x6A,0x00,0x04,0x00,
    0x10,0x00,0x04,0x00,0xFF,0xFF,0x0D,0x00,0x00,0x00,0x04,0x00,0xB0,0x26,0x00,0x00,
    0x6B,0x00,0x08,0x00,0x0C,0x00,0x08,0x00,0x01,0x00,0x0C,0x00,0x00,0x00,0x08,0x00,
    0xF0,0x26,0x00,0x00,0x6C,0x00,0x04,0x00,0x0C,0x00,0x04,0x00,0x01,0x00,0x0C,0x00,
    0x00,0x00,0x04,0x00,0x50,0x27,0x00,0x00,0x6D,0x00,0x0D,0x00,0x09,0x00,0x0F,0x00,
    0x01,0x00,0x09,0x00,0x00,0x00,0x0D,0x00,0x80,0x27,0x00,0x00,0x6E,0x00,0x08,0x00,
    0x09,0x00,0x0A,0x00,0x01,0x00,0x09,0x00,0x00,0x00,0x08,0x00,0xF8,0x27,0x00,0x00,
    0x6F,0x00,0x08,0x00,0x09,0x00,0x0A,0x00,0x01,0x00,0x09,0x00,0x00,0x00,0x08,0x00,
    0x40,0x28,0x00,0x00,0x70,0x00,0x08,0x00,0x0C,0x00,0x0A,0x00,0x01,0x00,0x09,0x00,
    0x00,0x00,0x08,0x00,0x88,0x28,0x00,0x00,0x71,0x00,0x08,0x00,0x0C,0x00,0x0A,0x00,
    0x01,0x00,0x09,0x00,0x00,0x00,0x08,0x00,0xE8,0x28,0x00,0x00,0x72,0x00,0x05,0x00,
    0x09,0x00,0x06,0x00,0x01,0x00,0x09,0x00,0x00,0x00,0x05,0x00,0x48,0x29,0x00,0x00,
    0x73,0x00,0x08,0x00,0x09,0x00,0x08,0x00,0x00,0x00,0x09,0x00,0x00,0x00,0x08,0x00,
    0x78,0x29,0x00,0x00,0x74,0x00,0x06,0x00,0x0B,0x00,0x06,0x00,0x00,0x00,0x0B,0x00,
    0x00,0x00,0x06,0x00,0xC0,0x29,0x00,0x00,0x75,0x00,0x08,0x00,0x09,0x00,0x0A,0x00,
    0x01,0x00,0x09,0x00,0x00,0x00,0x08,0x00,0x04,0x2A,0x00,0x00,0x76,0x00,0x08,0x00,
    0x09,0x00,0x08,0x00,0x00,0x00,0x09,0x00,0x00,0x00,0x08,0x00,0x4C,0x2A,0x00,0x00,
    0x77,0x00,0x0D,0x00,0x09,0x00,0x0D,0x00,0x00,0x00,0x09,0x00,0x00,0x00,0x0D,0x00,
    0x94,0x2A,0x00,0x00,0x78,0x00,0x08,0x00,0x09,0x00,0x07,0x00,0x00,0x00,0x09,0x00,
    0x00,0x00,0x08,0x00,0x0C,0x2B,0x00,0x00,0x79,0x00,0x08,0x00,0x0C,0x00,0x08,0x00,
    0x00,0x00,0x09,0x00,0x00,0x00,0x08,0x00,0x54,0x2B,0x00,0x00,0x7A,0x00,0x08,0x00,
    0x09,0x00,0x08,0x00,0x00,0x00,0x09,0x00,0x00,0x00,0x08,0x00,0xB4,0x2B,0x00,0x00,
    0x7B,0x00,0x05,0x00,0x0F,0x00,0x05,0x00,0x00,0x00,0x0C,0x00,0x00,0x00,0x05,0x00,
    0xFC,0x2B,0x00,0x00,0x7C,0x00,0x02,0x00,0x0F,0x00,0x05,0x00,0x01,0x00,0x0C,0x00,
    0x00,0x00,0x02,0x00,0x48,0x2C,0x00,0x00,0x7D,0x00,0x05,0x00,0x0F,0x00,0x05,0x00,
    0x00,0x00,0x0C,0x00,0x00,0x00,0x05,0x00,0x68,0x2C,0x00,0x00,0x7E,0x00,0x0A,0x00,
    0x03,0x00,0x0A,0x00,0x00,0x00,0x07,0x00,0x00,0x00,0x0A,0x00,0xB4,0x2C,0x00,0x00,
};

/*********************************
 * raw font glyph data
 ********************************/
const uint8_t aptos_light_s_glyphs[11476] =
{
    0xC6,0x88,0x88,0x88,0x88,0x88,0x88,0x8E,0x7C,0x84,0x00,0x07,0x5B,0x70,0x2F,0x00,
    0x0C,0x7C,0x84,0x01,0xAC,0x4A,0x29,0x9C,0x46,0x0C,0x7C,0x84,0x2B,0x88,0x00,0x00,
    0x1B,0x9B,0x0C,0x7C,0x84,0x03,0x05,0x00,0x00,0x40,0x81,0x0C,0x7C,0x84,0x00,0x00,
    0x00,0x1F,0xB0,0x0D,0x0C,0x7C,0x84,0x00,0x00,0x00,0xAC,0x16,0x00,0x0C,0x7C,0x84,
    0x00,0x00,0x12,0xA0,0x00,0x00,0x0C,0x7C,0x84,0x00,0x00,0x07,0x21,0x00,0x00,0x0C,
    0x7C,0x84,0x00,0x00,0x35,0x8E,0x00,0x00,0x0C,0x7C,0x84,0x00,0x00,0x1B,0x53,0x00,
    0x00,0x0C,0x7C,0xC4,0x84,0x84,0x84,0x84,0x84,0x84,0x8A,0x7C,0xC6,0x88,0x88,0x88,
    0x88,0x88,0x88,0x8E,0x7C,0x84,0x00,0x07,0x5B,0x70,0x2F,0x00,0x0C,0x7C,0x84,0x01,
    0xAC,0x4A,0x29,0x9C,0x46,0x0C,0x7C,0x84,0x2B,0x88,0x00,0x00,0x1B,0x9B,0x0C,0x7C,
    0x84,0x03,0x05,0x00,0x00,0x40,0x81,0x0C,0x7C,0x84,0x00,0x00,0x00,0x1F,0xB0,0x0D,
    0x0C,0x7C,0x84,0x00,0x00,0x00,0xAC,0x16,0x00,0x0C,0x7C,0x84,0x00,0x00,0x12,0xA0,
    0x00,0x00,0x0C,0x7C,0x84,0x00,0x00,0x07,0x21,0x00,0x00,0x0C,0x7C,0x84,0x00,0x00,
    0x35,0x8E,0x00,0x00,0x0C,0x7C,0x84,0x00,0x00,0x1B,0x53,0x00,0x00,0x0C,0x7C,0xC4,
    0x84,0x84,0x84,0x84,0x84,0x84,0x8A,0x7C,0xC6,0x88,0x88,0x88,0x88,0x88,0x88,0x8E,
    0x7C,0x84,0x00,0x07,0x5B,0x70,0x2F,0x00,0x0C,0x7C,0x84,0x01,0xAC,0x4A,0x29,0x9C,
    0x46,0x0C,0x7C,0x84,0x2B,0x88,0x00,0x00,0x1B,0x9B,0x0C,0x7C,0x84,0x03,0x05,0x00,
    0x00,0x40,0x81,0x0C,0x7C,0x84,0x00,0x00,0x00,0x1F,0xB0,0x0D,0x0C,0x7C,0x84,0x00,
    0x00,0x00,0xAC,0x16,0x00,0x0C,0x7C,0x84,0x00,0x00,0x12,0xA0,0x00,0x00,0x0C,0x7C,
    0x84,0x00,0x00,0x07,0x21,0x00,0x00,0x0C,0x7C,0x84,0x00,0x00,0x35,0x8E,0x00,0x00,
    0x0C,0x7C,0x84,0x00,0x00,0x1B,0x53,0x00,0x00,0x0C,0x7C,0xC4,0x84,0x84,0x84,0x84,
    0x84,0x84,0x8A,0x7C,0xC6,0x88,0x88,0x88,0x88,0x88,0x88,0x8E,0x7C,0x84,0x00,0x07,
    0x5B,0x70,0x2F,0x00,0x0C,0x7C,0x84,0x01,0xAC,0x4A,0x29,0x9C,0x46,0x0C,0x7C,0x84,
    0x2B,0x88,0x00,0x00,0x1B,0x9B,0x0C,0x7C,0x84,0x03,0x05,0x00,0x00,0x40,0x81,0x0C,
    0x7C,0x84,0x00,0x00,0x00,0x1F,0xB0,0x0D,0x0C,0x7C,0x84,0x00,0x00,0x00,0xAC,0x16,
    0x00,0x0C,0x7C,0x84,0x00,0x00,0x12,0xA0,0x00,0x00,0x0C,0x7C,0x84,0x00,0x00,0x07,
    0x21,0x00,0x00,0x0C,0x7C,0x84,0x00,0x00,0x35,0x8E,0x00,0x00,0x0C,0x7C,0x84,0x00,
    0x00,0x1B,0x53,0x00,0x00,0x0C,0x7C,0xC4,0x84,0x84,0x84,0x84,0x84,0x84,0x8A,0x7C,
    0xC6,0x88,0x88,0x88,0x88,0x88,0x88,0x8E,0x7C,0x84,0x00,0x07,0x5B,0x70,0x2F,0x00,
    0x0C,0x7C,0x84,0x01,0xAC,0x4A,0x29,0x9C,0x46,0x0C,0x7C,0x84,0x2B,0x88,0x00,0x00,
    0x1B,0x9B,0x0C,0x7C,0x84,0x03,0x05,0x00,0x00,0x40,0x81,0x0C,0x7C,0x84,0x00,0x00,
    0x00,0x1F,0xB0,0x0D,0x0C,0x7C,0x84,0x00,0x00,0x00,0xAC,0x16,0x00,0x0C,0x7C,0x84,
    0x00,0x00,0x12,0xA0,0x00,0x00,0x0C,0x7C,0x84,0x00,0x00,0x07,0x21,0x00,0x00,0x0C,
    0x7C,0x84,0x00,0x00,0x35,0x8E,0x00,0x00,0x0C,0x7C,0x84,0x00,0x00,0x1B,0x53,0x00,
    0x00,0x0C,0x7C,0xC4,0x84,0x84,0x84,0x84,0x84,0x84,0x8A,0x7C,0xC6,0x88,0x88,0x88,
    0x88,0x88,0x88,0x8E,0x7C,0x84,0x00,0x07,0x5B,0x70,0x2F,0x00,0x0C,0x7C,0x84,0x01,
    0xAC,0x4A,0x29,0x9C,0x46,0x0C,0x7C,0x84,0x2B,0x88,0x00,0x00,0x1B,0x9B,0x0C,0x7C,
    0x84,0x03,0x05,0x00,0x00,0x40,0x81,0x0C,0x7C,0x84,0x00,0x00,0x00,0x1F,0xB0,0x0D,
    0x0C,0x7C,0x84,0x00,0x00,0x00,0xAC,0x16,0x00,0x0C,0x7C,0x84,0x00,0x00,0x12,0xA0,
    0x00,0x00,0x0C,0x7C,0x84,0x00,0x00,0x07,0x21,0x00,0x00,0x0C,0x7C,0x84,0x00,0x00,
    0x35,0x8E,0x00,0x00,0x0C,0x7C,0x84,0x00,0x00,0x1B,0x53,0x00,0x00,0x0C,0x7C,0xC4,
    0x84,0x84,0x84,0x84,0x84,0x84,0x8A,0x7C,0xC6,0x88,0x88,0x88,0x88,0x88,0x88,0x8E,
    0x7C,0x84,0x00,0x07,0x5B,0x70,0x2F,0x00,0x0C,0x7C,0x84,0x01,0xAC,0x4A,0x29,0x9C,
    0x46,0x0C,0x7C,0x84,0x2B,0x88,0x00,0x00,0x1B,0x9B,0x0C,0x7C,0x84,0x03,0x05,0x00,
    0x00,0x40,0x81,0x0C,0x7C,0x84,0x00,0x00,0x00,0x1F,0xB0,0x0D,0x0C,0x7C,0x84,0x00,
    0x00,0x00,0xAC,0x16,0x00,0x0C,0x7C,0x84,0x00,0x00,0x12,0xA0,0x00,0x00,0x0C,0x7C,
    0x84,0x00,0x00,0x07,0x21,0x00,0x00,0x0C,0x7C,0x84,0x00,0x00,0x35,0x8E,0x00,0x00,
    0x0C,0x7C,0x84,0x00,0x00,0x1B,0x53,0x00,0x00,0x0C,0x7C,0xC4,0x84,0x84,0x84,0x84,
    0x84,0x84,0x8A,0x7C,0xC6,0x88,0x88,0x88,0x88,0x88,0x88,0x8E,0x7C,0x84,0x00,0x07,
    0x5B,0x70,0x2F,0x00,0x0C,0x7C,0x84,0x01,0xAC,0x4A,0x29,0x9C,0x46,0x0C,0x7C,0x84,
    0x2B,0x88,0x00,0x00,0x1B,0x9B,0x0C,0x7C,0x84,0x03,0x05,0x00,0x00,0x40,0x81,0x0C,
    0x7C,0x84,0x00,0x00,0x00,0x1F,0xB0,0x0D,0x0C,0x7C,0x84,0x00,0x00,0x00,0xAC,0x16,
    0x00,0x0C,0x7C,0x84,0x00,0x00,0x12,0xA0,0x00,0x00,0x0C,0x7C,0x84,0x00,0x00,0x07,
    0x21,0x00,0x00,0x0C,0x7C,0x84,0x00,0x00,0x35,0x8E,0x00,0x00,0x0C,0x7C,0x84,0x00,
    0x00,0x1B,0x53,0x00,0x00,0x0C,0x7C,0xC4,0x84,0x84,0x84,0x84,0x84,0x84,0x8A,0x7C,
    0xC6,0x88,0x88,0x88,0x88,0x88,0x88,0x8E,0x7C,0x84,0x00,0x07,0x5B,0x70,0x2F,0x00,
    0x0C,0x7C,0x84,0x01,0xAC,0x4A,0x29,0x9C,0x46,0x0C,0x7C,0x84,0x2B,0x88,0x00,0x00,
    0x1B,0x9B,0x0C,0x7C,0x84,0x03,0x05,0x00,0x00,0x40,0x81,0x0C,0x7C,0x84,0x00,0x00,
    0x00,0x1F,0xB0,0x0D,0x0C,0x7C,0x84,0x00,0x00,0x00,0xAC,0x16,0x00,0x0C,0x7C,0x84,
    0x00,0x00,0x12,0xA0,0x00,0x00,0x0C,0x7C,0x84,0x00,0x00,0x07,0x21,0x00,0x00,0x0C,
    0x7C,0x84,0x00,0x00,0x35,0x8E,0x00,0x00,0x0C,0x7C,0x84,0x00,0x00,0x1B,0x53,0x00,
    0x00,0x0C,0x7C,0xC4,0x84,0x84,0x84,0x84,0x84,0x84,0x8A,0x7C,0xC6,0x88,0x88,0x88,
    0x88,0x88,0x88,0x8E,0x7C,0x84,0x00,0x07,0x5B,0x70,0x2F,0x00,0x0C,0x7C,0x84,0x01,
    0xAC,0x4A,0x29,0x9C,0x46,0x0C,0x7C,0x84,0x2B,0x88,0x00,0x00,0x1B,0x9B,0x0C,0x7C,
    0x84,0x03,0x05,0x00,0x00,0x40,0x81,0x0C,0x7C,0x84,0x00,0x00,0x00,0x1F,0xB0,0x0D,
    0x0C,0x7C,0x84,0x00,0x00,0x00,0xAC,0x16,0x00,0x0C,0x7C,0x84,0x00,0x00,0x12,0xA0,
    0x00,0x00,0x0C,0x7C,0x84,0x00,0x00,0x07,0x21,0x00,0x00,0x0C,0x7C,0x84,0x00,0x00,
    0x35,0x8E,0x00,0x00,0x0C,0x7C,0x84,0x00,0x00,0x1B,0x53,0x00,0x00,0x0C,0x7C,0xC4,
    0x84,0x84,0x84,0x84,0x84,0x84,0x8A,0x7C,0xC6,0x88,0x88,0x88,0x88,0x88,0x88,0x8E,
    0x7C,0x84,0x00,0x07,0x5B,0x70,0x2F,0x00,0x0C,0x7C,0x84,0x01,0xAC,0x4A,0x29,0x9C,
    0x46,0x0C,0x7C,0x84,0x2B,0x88,0x00,0x00,0x1B,0x9B,0x0C,0x7C,0x84,0x03,0x05,0x00,
    0x00,0x40,0x81,0x0C,0x7C,0x84,0x00,0x00,0x00,0x1F,0xB0,0x0D,0x0C,0x7C,0x84,0x00,
    0x00,0x00,0xAC,0x16,0x00,0x0C,0x7C,0x84,0x00,0x00,0x12,0xA0,0x00,0x00,0x0C,0x7C,
    0x84,0x00,0x00,0x07,0x21,0x00,0x00,0x0C,0x7C,0x84,0x00,0x00,0x35,0x8E,0x00,0x00,
    0x0C,0x7C,0x84,0x00,0x00,0x1B,0x53,0x00,0x00,0x0C,0x7C,0xC4,0x84,0x84,0x84,0x84,
    0x84,0x84,0x8A,0x7C,0xC6,0x88,0x88,0x88,0x88,0x88,0x88,0x8E,0x7C,0x84,0x00,0x07,
    0x5B,0x70,0x2F,0x00,0x0C,0x7C,0x84,0x01,0xAC,0x4A,0x29,0x9C,0x46,0x0C,0x7C,0x84,
    0x2B,0x88,0x00,0x00,0x1B,0x9B,0x0C,0x7C,0x84,0x03,0x05,0x00,0x00,0x40,0x81,0x0C,
    0x7C,0x84,0x00,0x00,0x00,0x1F,0xB0,0x0D,0x0C,0x7C,0x84,0x00,0x00,0x00,0xAC,0x16,
    0x00,0x0C,0x7C,0x84,0x00,0x00,0x12,0xA0,0x00,0x00,0x0C,0x7C,0x84,0x00,0x00,0x07,
    0x21,0x00,0x00,0x0C,0x7C,0x84,0x00,0x00,0x35,0x8E,0x00,0x00,0x0C,0x7C,0x84,0x00,
    0x00,0x1B,0x53,0x00,0x00,0x0C,0x7C,0xC4,0x84,0x84,0x84,0x84,0x84,0x84,0x8A,0x7C,
    0xC6,0x88,0x88,0x88,0x88,0x88,0x88,0x8E,0x7C,0x84,0x00,0x07,0x5B,0x70,0x2F,0x00,
    0x0C,0x7C,0x84,0x01,0xAC,0x4A,0x29,0x9C,0x46,0x0C,0x7C,0x84,0x2B,0x88,0x00,0x00,
    0x1B,0x9B,0x0C,0x7C,0x84,0x03,0x05,0x00,0x00,0x40,0x81,0x0C,0x7C,0x84,0x00,0x00,
    0x00,0x1F,0xB0,0x0D,0x0C,0x7C,0x84,0x00,0x00,0x00,0xAC,0x16,0x00,0x0C,0x7C,0x84,
    0x00,0x00,0x12,0xA0,0x00,0x00,0x0C,0x7C,0x84,0x00,0x00,0x07,0x21,0x00,0x00,0x0C,
    0x7C,0x84,0x00,0x00,0x35,0x8E,0x00,0x00,0x0C,0x7C,0x84,0x00,0x00,0x1B,0x53,0x00,
    0x00,0x0C,0x7C,0xC4,0x84,0x84,0x84,0x84,0x84,0x84,0x8A,0x7C,0xC6,0x88,0x88,0x88,
    0x88,0x88,0x88,0x8E,0x7C,0x84,0x00,0x07,0x5B,0x70,0x2F,0x00,0x0C,0x7C,0x84,0x01,
    0xAC,0x4A,0x29,0x9C,0x46,0x0C,0x7C,0x84,0x2B,0x88,0x00,0x00,0x1B,0x9B,0x0C,0x7C,
    0x84,0x03,0x05,0x00,0x00,0x40,0x81,0x0C,0x7C,0x84,0x00,0x00,0x00,0x1F,0xB0,0x0D,
    0x0C,0x7C,0x84,0x00,0x00,0x00,0xAC,0x16,0x00,0x0C,0x7C,0x84,0x00,0x00,0x12,0xA0,
    0x00,0x00,0x0C,0x7C,0x84,0x00,0x00,0x07,0x21,0x00,0x00,0x0C,0x7C,0x84,0x00,0x00,
    0x35,0x8E,0x00,0x00,0x0C,0x7C,0x84,0x00,0x00,0x1B,0x53,0x00,0x00,0x0C,0x7C,0xC4,
    0x84,0x84,0x84,0x84,0x84,0x84,0x8A,0x7C,0xC6,0x88,0x88,0x88,0x88,0x88,0x88,0x8E,
    0x7C,0x84,0x00,0x07,0x5B,0x70,0x2F,0x00,0x0C,0x7C,0x84,0x01,0xAC,0x4A,0x29,0x9C,
    0x46,0x0C,0x7C,0x84,0x2B,0x88,0x00,0x00,0x1B,0x9B,0x0C,0x7C,0x84,0x03,0x05,0x00,
    0x00,0x40,0x81,0x0C,0x7C,0x84,0x00,0x00,0x00,0x1F,0xB0,0x0D,0x0C,0x7C,0x84,0x00,
    0x00,0x00,0xAC,0x16,0x00,0x0C,0x7C,0x84,0x00,0x00,0x12,0xA0,0x00,0x00,0x0C,0x7C,
    0x84,0x00,0x00,0x07,0x21,0x00,0x00,0x0C,0x7C,0x84,0x00,0x00,0x35,0x8E,0x00,0x00,
    0x0C,0x7C,0x84,0x00,0x00,0x1B,0x53,0x00,0x00,0x0C,0x7C,0xC4,0x84,0x84,0x84,0x84,
    0x84,0x84,0x8A,0x7C,0xC6,0x88,0x88,0x88,0x88,0x88,0x88,0x8E,0x7C,0x84,0x00,0x07,
    0x5B,0x70,0x2F,0x00,0x0C,0x7C,0x84,0x01,0xAC,0x4A,0x29,0x9C,0x46,0x0C,0x7C,0x84,
    0x2B,0x88,0x00,0x00,0x1B,0x9B,0x0C,0x7C,0x84,0x03,0x05,0x00,0x00,0x40,0x81,0x0C,
    0x7C,0x84,0x00,0x00,0x00,0x1F,0xB0,0x0D,0x0C,0x7C,0x84,0x00,0x00,0x00,0xAC,0x16,
    0x00,0x0C,0x7C,0x84,0x00,0x00,0x12,0xA0,0x00,0x00,0x0C,0x7C,0x84,0x00,0x00,0x07,
    0x21,0x00,0x00,0x0C,0x7C,0x84,0x00,0x00,0x35,0x8E,0x00,0x00,0x0C,0x7C,0x84,0x00,
    0x00,0x1B,0x53,0x00,0x00,0x0C,0x7C,0xC4,0x84,0x84,0x84,0x84,0x84,0x84,0x8A,0x7C,
    0xC6,0x88,0x88,0x88,0x88,0x88,0x88,0x8E,0x7C,0x84,0x00,0x07,0x5B,0x70,0x2F,0x00,
    0x0C,0x7C,0x84,0x01,0xAC,0x4A,0x29,0x9C,0x46,0x0C,0x7C,0x84,0x2B,0x88,0x00,0x00,
    0x1B,0x9B,0x0C,0x7C,0x84,0x03,0x05,0x00,0x00,0x40,0x81,0x0C,0x7C,0x84,0x00,0x00,
    0x00,0x1F,0xB0,0x0D,0x0C,0x7C,0x84,0x00,0x00,0x00,0xAC,0x16,0x00,0x0C,0x7C,0x84,
    0x00,0x00,0x12,0xA0,0x00,0x00,0x0C,0x7C,0x84,0x00,0x00,0x07,0x21,0x00,0x00,0x0C,
    0x7C,0x84,0x00,0x00,0x35,0x8E,0x00,0x00,0x0C,0x7C,0x84,0x00,0x00,0x1B,0x53,0x00,
    0x00,0x0C,0x7C,0xC4,0x84,0x84,0x84,0x84,0x84,0x84,0x8A,0x7C,0xC6,0x88,0x88,0x88,
    0x88,0x88,0x88,0x8E,0x7C,0x84,0x00,0x07,0x5B,0x70,0x2F,0x00,0x0C,0x7C,0x84,0x01,
    0xAC,0x4A,0x29,0x9C,0x46,0x0C,0x7C,0x84,0x2B,0x88,0x00,0x00,0x1B,0x9B,0x0C,0x7C,
    0x84,0x03,0x05,0x00,0x00,0x40,0x81,0x0C,0x7C,0x84,0x00,0x00,0x00,0x1F,0xB0,0x0D,
    0x0C,0x7C,0x84,0x00,0x00,0x00,0xAC,0x16,0x00,0x0C,0x7C,0x84,0x00,0x00,0x12,0xA0,
    0x00,0x00,0x0C,0x7C,0x84,0x00,0x00,0x07,0x21,0x00,0x00,0x0C,0x7C,0x84,0x00,0x00,
    0x35,0x8E,0x00,0x00,0x0C,0x7C,0x84,0x00,0x00,0x1B,0x53,0x00,0x00,0x0C,0x7C,0xC4,
    0x84,0x84,0x84,0x84,0x84,0x84,0x8A,0x7C,0xC6,0x88,0x88,0x88,0x88,0x88,0x88,0x8E,
    0x7C,0x84,0x00,0x07,0x5B,0x70,0x2F,0x00,0x0C,0x7C,0x84,0x01,0xAC,0x4A,0x29,0x9C,
    0x46,0x0C,0x7C,0x84,0x2B,0x88,0x00,0x00,0x1B,0x9B,0x0C,0x7C,0x84,0x03,0x05,0x00,
    0x00,0x40,0x81,0x0C,0x7C,0x84,0x00,0x00,0x00,0x1F,0xB0,0x0D,0x0C,0x7C,0x84,0x00,
    0x00,0x00,0xAC,0x16,0x00,0x0C,0x7C,0x84,0x00,0x00,0x12,0xA0,0x00,0x00,0x0C,0x7C,
    0x84,0x00,0x00,0x07,0x21,0x00,0x00,0x0C,0x7C,0x84,0x00,0x00,0x35,0x8E,0x00,0x00,
    0x0C,0x7C,0x84,0x00,0x00,0x1B,0x53,0x00,0x00,0x0C,0x7C,0xC4,0x84,0x84,0x84,0x84,
    0x84,0x84,0x8A,0x7C,0xC6,0x88,0x88,0x88,0x88,0x88,0x88,0x8E,0x7C,0x84,0x00,0x07,
    0x5B,0x70,0x2F,0x00,0x0C,0x7C,0x84,0x01,0xAC,0x4A,0x29,0x9C,0x46,0x0C,0x7C,0x84,
    0x2B,0x88,0x00,0x00,0x1B,0x9B,0x0C,0x7C,0x84,0x03,0x05,0x00,0x00,0x40,0x81,0x0C,
    0x7C,0x84,0x00,0x00,0x00,0x1F,0xB0,0x0D,0x0C,0x7C,0x84,0x00,0x00,0x00,0xAC,0x16,
    0x00,0x0C,0x7C,0x84,0x00,0x00,0x12,0xA0,0x00,0x00,0x0C,0x7C,0x84,0x00,0x00,0x07,
    0x21,0x00,0x00,0x0C,0x7C,0x84,0x00,0x00,0x35,0x8E,0x00,0x00,0x0C,0x7C,0x84,0x00,
    0x00,0x1B,0x53,0x00,0x00,0x0C,0x7C,0xC4,0x84,0x84,0x84,0x84,0x84,0x84,0x8A,0x7C,
    0xC6,0x88,0x88,0x88,0x88,0x88,0x88,0x8E,0x7C,0x84,0x00,0x07,0x5B,0x70,0x2F,0x00,
    0x0C,0x7C,0x84,0x01,0xAC,0x4A,0x29,0x9C,0x46,0x0C,0x7C,0x84,0x2B,0x88,0x00,0x00,
    0x1B,0x9B,0x0C,0x7C,0x84,0x03,0x05,0x00,0x00,0x40,0x81,0x0C,0x7C,0x84,0x00,0x00,
    0x00,0x1F,0xB0,0x0D,0x0C,0x7C,0x84,0x00,0x00,0x00,0xAC,0x16,0x00,0x0C,0x7C,0x84,
    0x00,0x00,0x12,0xA0,0x00,0x00,0x0C,0x7C,0x84,0x00,0x00,0x07,0x21,0x00,0x00,0x0C,
    0x7C,0x84,0x00,0x00,0x35,0x8E,0x00,0x00,0x0C,0x7C,0x84,0x00,0x00,0x1B,0x53,0x00,
    0x00,0x0C,0x7C,0xC4,0x84,0x84,0x84,0x84,0x84,0x84,0x8A,0x7C,0xC6,0x88,0x88,0x88,
    0x88,0x88,0x88,0x8E,0x7C,0x84,0x00,0x07,0x5B,0x70,0x2F,0x00,0x0C,0x7C,0x84,0x01,
    0xAC,0x4A,0x29,0x9C,0x46,0x0C,0x7C,0x84,0x2B,0x88,0x00,0x00,0x1B,0x9B,0x0C,0x7C,
    0x84,0x03,0x05,0x00,0x00,0x40,0x81,0x0C,0x7C,0x84,0x00,0x00,0x00,0x1F,0xB0,0x0D,
    0x0C,0x7C,0x84,0x00,0x00,0x00,0xAC,0x16,0x00,0x0C,0x7C,0x84,0x00,0x00,0x12,0xA0,
    0x00,0x00,0x0C,0x7C,0x84,0x00,0x00,0x07,0x21,0x00,0x00,0x0C,0x7C,0x84,0x00,0x00,
    0x35,0x8E,0x00,0x00,0x0C,0x7C,0x84,0x00,0x00,0x1B,0x53,0x00,0x00,0x0C,0x7C,0xC4,
    0x84,0x84,0x84,0x84,0x84,0x84,0x8A,0x7C,0xC6,0x88,0x88,0x88,0x88,0x88,0x88,0x8E,
    0x7C,0x84,0x00,0x07,0x5B,0x70,0x2F,0x00,0x0C,0x7C,0x84,0x01,0xAC,0x4A,0x29,0x9C,
    0x46,0x0C,0x7C,0x84,0x2B,0x88,0x00,0x00,0x1B,0x9B,0x0C,0x7C,0x84,0x03,0x05,0x00,
    0x00,0x40,0x81,0x0C,0x7C,0x84,0x00,0x00,0x00,0x1F,0xB0,0x0D,0x0C,0x7C,0x84,0x00,
    0x00,0x00,0xAC,0x16,0x00,0x0C,0x7C,0x84,0x00,0x00,0x12,0xA0,0x00,0x00,0x0C,0x7C,
    0x84,0x00,0x00,0x07,0x21,0x00,0x00,0x0C,0x7C,0x84,0x00,0x00,0x35,0x8E,0x00,0x00,
    0x0C,0x7C,0x84,0x00,0x00,0x1B,0x53,0x00,0x00,0x0C,0x7C,0xC4,0x84,0x84,0x84,0x84,
    0x84,0x84,0x8A,0x7C,0xC6,0x88,0x88,0x88,0x88,0x88,0x88,0x8E,0x7C,0x84,0x00,0x07,
    0x5B,0x70,0x2F,0x00,0x0C,0x7C,0x84,0x01,0xAC,0x4A,0x29,0x9C,0x46,0x0C,0x7C,0x84,
    0x2B,0x88,0x00,0x00,0x1B,0x9B,0x0C,0x7C,0x84,0x03,0x05,0x00,0x00,0x40,0x81,0x0C,
    0x7C,0x84,0x00,0x00,0x00,0x1F,0xB0,0x0D,0x0C,0x7C,0x84,0x00,0x00,0x00,0xAC,0x16,
    0x00,0x0C,0x7C,0x84,0x00,0x00,0x12,0xA0,0x00,0x00,0x0C,0x7C,0x84,0x00,0x00,0x07,
    0x21,0x00,0x00,0x0C,0x7C,0x84,0x00,0x00,0x35,0x8E,0x00,0x00,0x0C,0x7C,0x84,0x00,
    0x00,0x1B,0x53,0x00,0x00,0x0C,0x7C,0xC4,0x84,0x84,0x84,0x84,0x84,0x84,0x8A,0x7C,
    0xC6,0x88,0x88,0x88,0x88,0x88,0x88,0x8E,0x7C,0x84,0x00,0x07,0x5B,0x70,0x2F,0x00,
    0x0C,0x7C,0x84,0x01,0xAC,0x4A,0x29,0x9C,0x46,0x0C,0x7C,0x84,0x2B,0x88,0x00,0x00,
    0x1B,0x9B,0x0C,0x7C,0x84,0x03,0x05,0x00,0x00,0x40,0x81,0x0C,0x7C,0x84,0x00,0x00,
    0x00,0x1F,0xB0,0x0D,0x0C,0x7C,0x84,0x00,0x00,0x00,0xAC,0x16,0x00,0x0C,0x7C,0x84,
    0x00,0x00,0x12,0xA0,0x00,0x00,0x0C,0x7C,0x84,0x00,0x00,0x07,0x21,0x00,0x00,0x0C,
    0x7C,0x84,0x00,0x00,0x35,0x8E,0x00,0x00,0x0C,0x7C,0x84,0x00,0x00,0x1B,0x53,0x00,
    0x00,0x0C,0x7C,0xC4,0x84,0x84,0x84,0x84,0x84,0x84,0x8A,0x7C,0xC6,0x88,0x88,0x88,
    0x88,0x88,0x88,0x8E,0x7C,0x84,0x00,0x07,0x5B,0x70,0x2F,0x00,0x0C,0x7C,0x84,0x01,
    0xAC,0x4A,0x29,0x9C,0x46,0x0C,0x7C,0x84,0x2B,0x88,0x00,0x00,0x1B,0x9B,0x0C,0x7C,
    0x84,0x03,0x05,0x00,0x00,0x40,0x81,0x0C,0x7C,0x84,0x00,0x00,0x00,0x1F,0xB0,0x0D,
    0x0C,0x7C,0x84,0x00,0x00,0x00,0xAC,0x16,0x00,0x0C,0x7C,0x84,0x00,0x00,0x12,0xA0,
    0x00,0x00,0x0C,0x7C,0x84,0x00,0x00,0x07,0x21,0x00,0x00,0x0C,0x7C,0x84,0x00,0x00,
    0x35,0x8E,0x00,0x00,0x0C,0x7C,0x84,0x00,0x00,0x1B,0x53,0x00,0x00,0x0C,0x7C,0xC4,
    0x84,0x84,0x84,0x84,0x84,0x84,0x8A,0x7C,0xC6,0x88,0x88,0x88,0x88,0x88,0x88,0x8E,
    0x7C,0x84,0x00,0x07,0x5B,0x70,0x2F,0x00,0x0C,0x7C,0x84,0x01,0xAC,0x4A,0x29,0x9C,
    0x46,0x0C,0x7C,0x84,0x2B,0x88,0x00,0x00,0x1B,0x9B,0x0C,0x7C,0x84,0x03,0x05,0x00,
    0x00,0x40,0x81,0x0C,0x7C,0x84,0x00,0x00,0x00,0x1F,0xB0,0x0D,0x0C,0x7C,0x84,0x00,
    0x00,0x00,0xAC,0x16,0x00,0x0C,0x7C,0x84,0x00,0x00,0x12,0xA0,0x00,0x00,0x0C,0x7C,
    0x84,0x00,0x00,0x07,0x21,0x00,0x00,0x0C,0x7C,0x84,0x00,0x00,0x35,0x8E,0x00,0x00,
    0x0C,0x7C,0x84,0x00,0x00,0x1B,0x53,0x00,0x00,0x0C,0x7C,0xC4,0x84,0x84,0x84,0x84,
    0x84,0x84,0x8A,0x7C,0xC6,0x88,0x88,0x88,0x88,0x88,0x88,0x8E,0x7C,0x84,0x00,0x07,
    0x5B,0x70,0x2F,0x00,0x0C,0x7C,0x84,0x01,0xAC,0x4A,0x29,0x9C,0x46,0x0C,0x7C,0x84,
    0x2B,0x88,0x00,0x00,0x1B,0x9B,0x0C,0x7C,0x84,0x03,0x05,0x00,0x00,0x40,0x81,0x0C,
    0x7C,0x84,0x00,0x00,0x00,0x1F,0xB0,0x0D,0x0C,0x7C,0x84,0x00,0x00,0x00,0xAC,0x16,
    0x00,0x0C,0x7C,0x84,0x00,0x00,0x12,0xA0,0x00,0x00,0x0C,0x7C,0x84,0x00,0x00,0x07,
    0x21,0x00,0x00,0x0C,0x7C,0x84,0x00,0x00,0x35,0x8E,0x00,0x00,0x0C,0x7C,0x84,0x00,
    0x00,0x1B,0x53,0x00,0x00,0x0C,0x7C,0xC4,0x84,0x84,0x84,0x84,0x84,0x84,0x8A,0x7C,
    0xC6,0x88,0x88,0x88,0x88,0x88,0x88,0x8E,0x7C,0x84,0x00,0x07,0x5B,0x70,0x2F,0x00,
    0x0C,0x7C,0x84,0x01,0xAC,0x4A,0x29,0x9C,0x46,0x0C,0x7C,0x84,0x2B,0x88,0x00,0x00,
    0x1B,0x9B,0x0C,0x7C,0x84,0x03,0x05,0x00,0x00,0x40,0x81,0x0C,0x7C,0x84,0x00,0x00,
    0x00,0x1F,0xB0,0x0D,0x0C,0x7C,0x84,0x00,0x00,0x00,0xAC,0x16,0x00,0x0C,0x7C,0x84,
    0x00,0x00,0x12,0xA0,0x00,0x00,0x0C,0x7C,0x84,0x00,0x00,0x07,0x21,0x00,0x00,0x0C,
    0x7C,0x84,0x00,0x00,0x35,0x8E,0x00,0x00,0x0C,0x7C,0x84,0x00,0x00,0x1B,0x53,0x00,
    0x00,0x0C,0x7C,0xC4,0x84,0x84,0x84,0x84,0x84,0x84,0x8A,0x7C,0xC6,0x88,0x88,0x88,
    0x88,0x88,0x88,0x8E,0x7C,0x84,0x00,0x07,0x5B,0x70,0x2F,0x00,0x0C,0x7C,0x84,0x01,
    0xAC,0x4A,0x29,0x9C,0x46,0x0C,0x7C,0x84,0x2B,0x88,0x00,0x00,0x1B,0x9B,0x0C,0x7C,
    0x84,0x03,0x05,0x00,0x00,0x40,0x81,0x0C,0x7C,0x84,0x00,0x00,0x00,0x1F,0xB0,0x0D,
    0x0C,0x7C,0x84,0x00,0x00,0x00,0xAC,0x16,0x00,0x0C,0x7C,0x84,0x00,0x00,0x12,0xA0,
    0x00,0x00,0x0C,0x7C,0x84,0x00,0x00,0x07,0x21,0x00,0x00,0x0C,0x7C,0x84,0x00,0x00,
    0x35,0x8E,0x00,0x00,0x0C,0x7C,0x84,0x00,0x00,0x1B,0x53,0x00,0x00,0x0C,0x7C,0xC4,
    0x84,0x84,0x84,0x84,0x84,0x84,0x8A,0x7C,0xC6,0x88,0x88,0x88,0x88,0x88,0x88,0x8E,
    0x7C,0x84,0x00,0x07,0x5B,0x70,0x2F,0x00,0x0C,0x7C,0x84,0x01,0xAC,0x4A,0x29,0x9C,
    0x46,0x0C,0x7C,0x84,0x2B,0x88,0x00,0x00,0x1B,0x9B,0x0C,0x7C,0x84,0x03,0x05,0x00,
    0x00,0x40,0x81,0x0C,0x7C,0x84,0x00,0x00,0x00,0x1F,0xB0,0x0D,0x0C,0x7C,0x84,0x00,
    0x00,0x00,0xAC,0x16,0x00,0x0C,0x7C,0x84,0x00,0x00,0x12,0xA0,0x00,0x00,0x0C,0x7C,
    0x84,0x00,0x00,0x07,0x21,0x00,0x00,0x0C,0x7C,0x84,0x00,0x00,0x35,0x8E,0x00,0x00,
    0x0C,0x7C,0x84,0x00,0x00,0x1B,0x53,0x00,0x00,0x0C,0x7C,0xC4,0x84,0x84,0x84,0x84,
    0x84,0x84,0x8A,0x7C,0x00,0xE8,0x34,0x00,0xE8,0x34,0x00,0xE8,0x34,0x00,0xE8,0x34,
    0x00,0xE5,0x31,0x00,0xE0,0x2A,0x00,0xD5,0x20,0x00,0xC4,0x10,0x00,0x55,0x00,0x00,
    0x00,0x00,0x1E,0xD0,0x52,0x26,0xF0,0x63,0xC4,0x5C,0x20,0xF8,0xC0,0x57,0x1C,0xF4,
    0xB1,0x49,0x0E,0xE9,0x9C,0x33,0x01,0xCC,0x00,0x00,0x00,0x4E,0x1C,0x00,0x00,0x6A,
    0x00,0x00,0x00,0x00,0x00,0xB8,0x1C,0x00,0x10,0xC4,0x00,0x00,0x00,0x00,0x00,0xD2,
    0x02,0x00,0x33,0xA1,0x00,0x00,0x00,0x00,0x04,0xD0,0x00,0x00,0x56,0x7E,0x00,0x00,
    0x06,0xC0,0xC5,0xF0,0xC0,0xC0,0xDB,0xDA,0xC0,0x18,0x00,0x00,0x40,0x94,0x00,0x00,
    0x98,0x3C,0x00,0x00,0x00,0x00,0x60,0x74,0x00,0x00,0xB7,0x1E,0x00,0x00,0x00,0x00,
    0x80,0x54,0x00,0x00,0xD0,0x04,0x00,0x00,0x5C,0xC4,0xED,0xCD,0xC4,0xC5,0xF5,0xC4,
    0x84,0x00,0x00,0x00,0xC7,0x0E,0x00,0x1E,0xB6,0x00,0x00,0x00,0x00,0x00,0xD4,0x00,
    0x00,0x44,0x8D,0x00,0x00,0x00,0x00,0x1B,0xB8,0x00,0x00,0x6C,0x64,0x00,0x00,0x00,
    0x00,0x00,0x00,0x00,0xA4,0x3C,0x00,0x00,0x00,0x00,0x00,0x00,0x00,0xA4,0x3C,0x00,
    0x00,0x00,0x00,0x03,0x7E,0xDE,0xFD,0xF0,0xAC,0x25,0x00,0x00,0x80,0xC5,0x24,0xA4,
    0x4A,0x78,0xE9,0x11,0x00,0xD0,0x4C,0x00,0xA4,0x3C,0x00,0xCF,0x59,0x00,0xC0,0x71,
    0x00,0xA4,0x3C,0x00,0x00,0x00,0x00,0x44,0xF3,0x91,0xBF,0x3D,0x00,0x00,0x00,0x00,
    0x00,0x23,0x8F,0xEF,0xF0,0xA0,0x2A,0x00,0x00,0x00,0x00,0x00,0xA4,0x52,0x7C,0xF2,
    0x3B,0x00,0x00,0x00,0x00,0xA4,0x3C,0x00,0x7D,0xB0,0x2D,0xF4,0x00,0x00,0xA4,0x3C,
    0x00,0x4C,0xC8,0x09,0xF7,0x30,0x00,0xA4,0x3C,0x00,0x7A,0xA1,0x00,0x85,0xD6,0x37,
    0xA5,0x44,0x5C,0xEC,0x2F,0x00,0x02,0x6E,0xD3,0xFD,0xF3,0xB9,0x35,0x00,0x00,0x00,
    0x00,0x00,0xA4,0x3C,0x00,0x00,0x00,0x00,0x00,0x00,0x00,0xA4,0x3C,0x00,0x00,0x00,
    0x00,0x2D,0xCE,0xD1,0xB8,0x0E,0x00,0x00,0x00,0x0D,0xD0,0x16,0x00,0x00,0x00,0xC1,
    0x44,0x00,0x88,0x80,0x00,0x00,0x00,0x94,0x60,0x00,0x00,0x00,0x05,0xE8,0x01,0x00,
    0x33,0xBC,0x00,0x00,0x38,0xBC,0x01,0x00,0x00,0x00,0x12,0xDA,0x00,0x00,0x1E,0xCD,
    0x00,0x05,0xCB,0x24,0x00,0x00,0x00,0x00,0x04,0xE9,0x01,0x00,0x33,0xBC,0x00,0x79,
    0x79,0x2E,0xCE,0xD0,0xB4,0x0C,0x00,0xC0,0x44,0x00,0x87,0x7D,0x24,0xCB,0x05,0xC3,
    0x42,0x00,0x8A,0x7C,0x00,0x2D,0xCE,0xD0,0xB5,0x0E,0xBC,0x39,0x06,0xE8,0x00,0x00,
    0x33,0xB9,0x00,0x00,0x00,0x00,0x00,0x60,0x94,0x00,0x16,0xDA,0x00,0x00,0x1E,0xCA,
    0x00,0x00,0x00,0x00,0x16,0xD0,0x0E,0x00,0x06,0xE8,0x00,0x00,0x33,0xB9,0x00,0x00,
    0x00,0x00,0xA5,0x50,0x00,0x00,0x00,0xC4,0x44,0x00,0x8A,0x7C,0x00,0x00,0x00,0x48,
    0xAC,0x00,0x00,0x00,0x00,0x2F,0xCF,0xD0,0xB5,0x0C,0x00,0x00,0x00,0x02,0x86,0xE2,
    0xE4,0x99,0x04,0x00,0x00,0x00,0x00,0x00,0x5A,0xC2,0x09,0x04,0xB5,0x69,0x00,0x00,
    0x00,0x00,0x00,0x78,0x8C,0x00,0x00,0x7E,0x88,0x00,0x00,0x00,0x00,0x00,0x2D,0xE2,
    0x12,0x19,0xDB,0x39,0x00,0x00,0x00,0x00,0x00,0x00,0x86,0xCB,0xD7,0x52,0x00,0x00,
    0x00,0x00,0x00,0x00,0x3A,0xD4,0xD4,0xA5,0x00,0x00,0x00,0x00,0x00,0x00,0x3F,0xE3,
    0x35,0x09,0xCB,0x77,0x00,0x12,0xFF,0x0D,0x00,0xCE,0x5E,0x00,0x00,0x1A,0xE2,0x4F,
    0x32,0xEA,0x00,0x00,0xFC,0x28,0x00,0x00,0x00,0x31,0xE8,0xA6,0xA3,0x00,0x00,0xE2,
    0x51,0x00,0x00,0x00,0x00,0x64,0xFF,0x4E,0x00,0x00,0x69,0xDF,0x34,0x00,0x03,0x45,
    0xD6,0xC2,0xCD,0x0A,0x00,0x00,0x5D,0xD0,0xEE,0xEC,0xBF,0x4D,0x00,0xA0,0xAD,0x02,
    0xC4,0x5C,0xC0,0x57,0xB1,0x49,0x9C,0x33,0x00,0x00,0x9D,0x3B,0x00,0x2A,0xB6,0x00,
    0x00,0x9E,0x50,0x00,0x08,0xE8,0x09,0x00,0x43,0xC2,0x00,0x00,0x79,0x96,0x00,0x00,
    0x98,0x78,0x00,0x00,0xA3,0x6B,0x00,0x00,0x9A,0x6F,0x00,0x00,0x7D,0x85,0x00,0x00,
    0x48,0xB3,0x00,0x00,0x0A,0xE5,0x06,0x00,0x00,0x9A,0x4E,0x00,0x00,0x27,0xB6,0x00,
    0x00,0x00,0x9A,0x3B,0x0C,0xC3,0x06,0x00,0x00,0x72,0x6F,0x00,0x00,0x0F,0xDA,0x04,
    0x00,0x00,0xAD,0x4A,0x00,0x00,0x67,0x93,0x00,0x00,0x3A,0xC7,0x00,0x00,0x23,0xE2,
    0x00,0x00,0x20,0xEA,0x00,0x00,0x2E,0xE0,0x00,0x00,0x4A,0xC1,0x00,0x00,0x77,0x8B,
    0x00,0x00,0xB4,0x42,0x00,0x10,0xD9,0x02,0x00,0x70,0x70,0x00,0x0C,0xC2,0x07,0x00,
    0x00,0x00,0x00,0x40,0x78,0x00,0x00,0x00,0x00,0x0E,0x00,0x40,0x78,0x00,0x0D,0x01,
    0x01,0xA2,0xB9,0xA6,0xBC,0xB1,0xB3,0x17,0x00,0x00,0x06,0xC9,0xD3,0x15,0x00,0x00,
    0x00,0x00,0x89,0x5D,0x3D,0xA9,0x01,0x00,0x00,0x0B,0x74,0x00,0x00,0x62,0x1C,0x00,
    0x00,0x00,0x00,0xB4,0x4C,0x00,0x00,0x00,0x00,0x00,0x00,0xB4,0x4C,0x00,0x00,0x00,
    0x00,0x00,0x00,0xB4,0x4C,0x00,0x00,0x00,0xD8,0xFF,0xFF,0xFF,0xFF,0xFF,0xFF,0x74,
    0x00,0x00,0x00,0xB4,0x4C,0x00,0x00,0x00,0x00,0x00,0x00,0xB4,0x4C,0x00,0x00,0x00,
    0x00,0x00,0x00,0xB4,0x4C,0x00,0x00,0x00,0x00,0x00,0x00,0x2D,0x13,0x00,0x00,0x00,
    0x39,0xD7,0x39,0x45,0xFA,0x6D,0x02,0xC6,0x34,0x94,0x7F,0x00,0x0D,0x00,0x00,0x00,
    0xF4,0xF4,0xF4,0xF4,0x22,0x00,0x00,0x00,0x39,0xD7,0x3C,0x45,0xF3,0x48,0x00,0x00,
    0x00,0x00,0x00,0x00,0x81,0x4B,0x00,0x00,0x00,0x0A,0xEF,0x17,0x00,0x00,0x00,0x5C,
    0xB4,0x00,0x00,0x00,0x00,0xBA,0x57,0x00,0x00,0x00,0x1A,0xED,0x08,0x00,0x00,0x00,
    0x75,0x9B,0x00,0x00,0x00,0x00,0xD4,0x3C,0x00,0x00,0x00,0x31,0xDF,0x01,0x00,0x00,
    0x00,0x90,0x80,0x00,0x00,0x00,0x04,0xE7,0x25,0x00,0x00,0x00,0x4C,0xC4,0x00,0x00,
    0x00,0x00,0xA9,0x68,0x00,0x00,0x00,0x00,0x00,0x00,0x36,0xC6,0xE9,0xE8,0x9A,0x0B,
    0x00,0x00,0x1F,0xEE,0x55,0x00,0x0D,0xAB,0xAD,0x00,0x00,0x8D,0x9D,0x00,0x00,0x00,
    0x10,0xF5,0x29,0x00,0xD4,0x4B,0x00,0x00,0x00,0x00,0xB3,0x71,0x02,0xFA,0x1F,0x00,
    0x00,0x00,0x00,0x88,0x98,0x0F,0xFF,0x0C,0x00,0x00,0x00,0x00,0x74,0xAB,0x10,0xFF,
    0x0C,0x00,0x00,0x00,0x00,0x74,0xAB,0x02,0xFA,0x1E,0x00,0x00,0x00,0x00,0x86,0x98,
    0x00,0xD7,0x4A,0x00,0x00,0x00,0x00,0xB1,0x72,0x00,0x8E,0x9A,0x00,0x00,0x00,0x0F,
    0xF4,0x2B,0x00,0x21,0xEF,0x54,0x00,0x0D,0xAB,0xB0,0x00,0x00,0x00,0x38,0xC7,0xEA,
    0xE9,0x9A,0x0C,0x00,0x00,0x00,0x00,0x67,0xF4,0x00,0x18,0x95,0xDF,0xF4,0x22,0xEA,
    0x8B,0x2D,0xF4,0x02,0x01,0x00,0x20,0xF4,0x00,0x00,0x00,0x20,0xF4,0x00,0x00,0x00,
    0x20,0xF4,0x00,0x00,0x00,0x20,0xF4,0x00,0x00,0x00,0x20,0xF4,0x00,0x00,0x00,0x20,
    0xF4,0x00,0x00,0x00,0x20,0xF4,0x00,0x00,0x00,0x20,0xF4,0x00,0x00,0x00,0x20,0xF4,
    0x00,0x01,0x73,0xD9,0xF1,0xEE,0xAE,0x1E,0x00,0x00,0x72,0xD5,0x2B,0x00,0x08,0x86,
    0xD4,0x02,0x00,0xC8,0x55,0x00,0x00,0x00,0x03,0xE9,0x34,0x00,0x00,0x00,0x00,0x00,
    0x00,0x00,0xD1,0x48,0x00,0x00,0x00,0x00,0x00,0x00,0x0E,0xF7,0x1F,0x00,0x00,0x00,
    0x00,0x00,0x00,0x8A,0xAD,0x00,0x00,0x00,0x00,0x00,0x00,0x5A,0xE0,0x16,0x00,0x00,
    0x00,0x00,0x00,0x5B,0xE2,0x25,0x00,0x00,0x00,0x00,0x00,0x65,0xDD,0x23,0x00,0x00,
    0x00,0x00,0x00,0x6E,0xD3,0x1B,0x00,0x00,0x00,0x00,0x00,0x7A,0xCB,0x13,0x00,0x00,
    0x00,0x00,0x00,0x13,0xFF,0xF8,0xF4,0xF4,0xF4,0xF4,0xF4,0x9C,0x00,0x51,0xCD,0xF5,
    0xEF,0xAD,0x20,0x00,0x45,0xE8,0x40,0x02,0x0A,0x7B,0xDC,0x05,0xA6,0x75,0x00,0x00,
    0x00,0x00,0xE8,0x34,0x00,0x00,0x00,0x00,0x00,0x06,0xF3,0x22,0x00,0x00,0x00,0x00,
    0x12,0x99,0x98,0x00,0x00,0x00,0x08,0xF5,0xFF,0xB9,0x10,0x00,0x00,0x00,0x00,0x01,
    0x17,0x74,0xDB,0x15,0x00,0x00,0x00,0x00,0x00,0x00,0x9E,0x81,0xF9,0x20,0x00,0x00,
    0x00,0x00,0x76,0xA4,0xC7,0x65,0x00,0x00,0x00,0x00,0x9B,0x86,0x47,0xEC,0x47,0x02,
    0x06,0x5F,0xEB,0x21,0x00,0x47,0xC7,0xF1,0xEE,0xB7,0x30,0x00,0x00,0x00,0x00,0x00,
    0x00,0x22,0xF2,0x5C,0x00,0x00,0x00,0x00,0x00,0x04,0xC5,0xEB,0x5C,0x00,0x00,0x00,
    0x00,0x00,0x80,0x9B,0xB0,0x5C,0x00,0x00,0x00,0x00,0x3B,0xD6,0x0B,0xB0,0x5C,0x00,
    0x00,0x00,0x0E,0xD9,0x33,0x00,0xB0,0x5C,0x00,0x00,0x00,0xA5,0x78,0x00,0x00,0xB0,
    0x5C,0x00,0x00,0x5A,0xBF,0x02,0x00,0x00,0xB0,0x5C,0x00,0x20,0xDF,0x1C,0x00,0x00,
    0x00,0xB0,0x5C,0x00,0x6C,0xFF,0xFC,0xFC,0xFC,0xFC,0xFF,0xFD,0xF4,0x00,0x00,0x00,
    0x00,0x00,0x00,0xB0,0x5C,0x00,0x00,0x00,0x00,0x00,0x00,0x00,0xB0,0x5C,0x00,0x00,
    0x00,0x00,0x00,0x00,0x00,0xB0,0x5C,0x00,0x00,0x1F,0xFE,0xF8,0xF8,0xF8,0xF8,0xE1,
    0x00,0x00,0x33,0xB4,0x00,0x00,0x00,0x00,0x00,0x00,0x00,0x48,0x9D,0x00,0x00,0x00,
    0x00,0x00,0x00,0x00,0x5C,0x86,0x00,0x00,0x00,0x00,0x00,0x00,0x00,0x71,0x9B,0xBF,
    0xF0,0xEF,0xB0,0x24,0x00,0x00,0x85,0xE0,0x3D,0x01,0x08,0x71,0xE5,0x11,0x00,0x1E,
    0x17,0x00,0x00,0x00,0x00,0xB5,0x6F,0x00,0x00,0x00,0x00,0x00,0x00,0x00,0x7C,0x9D,
    0x00,0x00,0x00,0x00,0x00,0x00,0x00,0x80,0x9C,0x03,0xF8,0x25,0x00,0x00,0x00,0x00,
    0xBC,0x6A,0x00,0x90,0xC2,0x28,0x00,0x0A,0x7D,0xDF,0x0D,0x00,0x02,0x72,0xD6,0xF2,
    0xED,0xA8,0x1D,0x00,0x00,0x00,0x1A,0xA7,0xED,0xEF,0xBA,0x2D,0x00,0x00,0x0B,0xDB,
    0x80,0x09,0x03,0x61,0xEC,0x18,0x00,0x74,0xAE,0x00,0x00,0x00,0x00,0xAB,0x75,0x00,
    0xC7,0x4E,0x00,0x00,0x00,0x00,0x00,0x00,0x00,0xF4,0x20,0x00,0x00,0x00,0x00,0x00,
    0x00,0x08,0xFF,0x28,0x9A,0xE4,0xF6,0xD7,0x5C,0x00,0x08,0xFF,0xCF,0x58,0x0B,0x01,
    0x3C,0xEA,0x4C,0x00,0xF7,0x28,0x00,0x00,0x00,0x00,0x77,0xAF,0x00,0xCE,0x42,0x00,
    0x00,0x00,0x00,0x54,0xC4,0x00,0x7C,0xA2,0x00,0x00,0x00,0x00,0x83,0xA1,0x00,0x0F,
    0xDE,0x78,0x0A,0x02,0x49,0xED,0x34,0x00,0x00,0x1E,0xA9,0xEE,0xF0,0xC7,0x42,0x00,
    0x1B,0xF8,0xF8,0xF8,0xF8,0xF8,0xF8,0xFB,0xAC,0x00,0x00,0x00,0x00,0x00,0x00,0x00,
    0xA3,0x6E,0x00,0x00,0x00,0x00,0x00,0x00,0x1F,0xEA,0x0B,0x00,0x00,0x00,0x00,0x00,
    0x00,0x91,0x85,0x00,0x00,0x00,0x00,0x00,0x00,0x12,0xED,0x19,0x00,0x00,0x00,0x00,
    0x00,0x00,0x7D,0x9D,0x00,0x00,0x00,0x00,0x00,0x00,0x09,0xE9,0x2A,0x00,0x00,0x00,
    0x00,0x00,0x00,0x6B,0xB3,0x00,0x00,0x00,0x00,0x00,0x00,0x03,0xDE,0x3F,0x00,0x00,
    0x00,0x00,0x00,0x00,0x59,0xCC,0x00,0x00,0x00,0x00,0x00,0x00,0x00,0xCD,0x56,0x00,
    0x00,0x00,0x00,0x00,0x00,0x44,0xDF,0x03,0x00,0x00,0x00,0x00,0x00,0x00,0x46,0xC8,
    0xF4,0xEB,0x9F,0x14,0x00,0x00,0x33,0xF0,0x4E,0x03,0x0F,0x8E,0xC8,0x00,0x00,0x86,
    0x9B,0x00,0x00,0x00,0x04,0xF7,0x1E,0x00,0x7D,0xA4,0x00,0x00,0x00,0x09,0xF8,0x14,
    0x00,0x20,0xE8,0x56,0x02,0x0E,0xA1,0x9B,0x00,0x00,0x00,0x4B,0xF7,0xF8,0xFC,0xC2,
    0x0A,0x00,0x00,0x48,0xDC,0x45,0x04,0x11,0x7D,0xCB,0x0C,0x00,0xDA,0x49,0x00,0x00,
    0x00,0x00,0xA7,0x72,0x04,0xFF,0x19,0x00,0x00,0x00,0x00,0x74,0x9C,0x00,0xE8,0x42,
    0x00,0x00,0x00,0x00,0x9C,0x80,0x00,0x6F,0xDA,0x38,0x01,0x08,0x69,0xEA,0x1D,0x00,
    0x00,0x62,0xD0,0xF1,0xEC,0xAF,0x2A,0x00,0x00,0x00,0x5E,0xD3,0xF2,0xE7,0x90,0x0A,
    0x00,0x00,0x66,0xD6,0x2D,0x00,0x13,0xA5,0xB1,0x00,0x00,0xE4,0x3F,0x00,0x00,0x00,
    0x06,0xDF,0x39,0x0C,0xFF,0x0C,0x00,0x00,0x00,0x00,0x8A,0x88,0x02,0xF5,0x30,0x00,
    0x00,0x00,0x00,0x77,0xAF,0x00,0x92,0xC8,0x22,0x00,0x14,0x74,0xE2,0xC0,0x00,0x06,
    0x88,0xE7,0xF6,0xDB,0x7C,0x5B,0xC0,0x00,0x00,0x00,0x00,0x00,0x00,0x00,0x68,0xAC,
    0x00,0x00,0x00,0x00,0x00,0x00,0x00,0x99,0x7D,0x01,0xEA,0x39,0x00,0x00,0x00,0x0F,
    0xEC,0x2A,0x00,0x7B,0xCD,0x22,0x00,0x21,0xBE,0x94,0x00,0x00,0x01,0x75,0xDF,0xF0,
    0xDF,0x78,0x03,0x00,0x39,0xD7,0x3C,0x45,0xF3,0x48,0x00,0x00,0x00,0x00,0x00,0x00,
    0x00,0x00,0x00,0x00,0x00,0x00,0x00,0x00,0x00,0x39,0xD7,0x3C,0x45,0xF3,0x48,0x00,
    0x39,0xD7,0x3C,0x45,0xF3,0x48,0x00,0x00,0x00,0x00,0x00,0x00,0x00,0x00,0x00,0x00,
    0x00,0x00,0x00,0x00,0x00,0x39,0xD7,0x39,0x45,0xFA,0x6D,0x02,0xC6,0x34,0x94,0x7F,
    0x00,0x0D,0x00,0x00,0x00,0x00,0x00,0x00,0x00,0x18,0x89,0x6A,0x00,0x00,0x00,0x1E,
    0x93,0xDE,0x77,0x0E,0x00,0x26,0x9E,0xDC,0x6B,0x09,0x00,0x00,0x98,0xD5,0x5F,0x05,
    0x00,0x00,0x00,0x00,0xCC,0x9C,0x23,0x00,0x00,0x00,0x00,0x00,0x06,0x63,0xD7,0xA5,
    0x2C,0x00,0x00,0x00,0x00,0x00,0x03,0x59,0xD2,0xB0,0x37,0x00,0x00,0x00,0x00,0x00,
    0x01,0x4F,0xC9,0x67,0x00,0x00,0x00,0x00,0x00,0x00,0x00,0x10,0xD5,0xFC,0xFC,0xFC,
    0xFC,0xFC,0xFC,0x72,0x00,0x00,0x00,0x00,0x00,0x00,0x00,0x00,0x00,0x00,0x00,0x00,
    0x00,0x00,0x00,0x00,0xD8,0xFF,0xFF,0xFF,0xFF,0xFF,0xFF,0x74,0x03,0x04,0x04,0x04,
    0x04,0x04,0x04,0x02,0xAC,0x5B,0x04,0x00,0x00,0x00,0x00,0x00,0x2C,0xA4,0xD9,0x65,
    0x06,0x00,0x00,0x00,0x00,0x00,0x23,0x9A,0xDD,0x6F,0x0B,0x00,0x00,0x00,0x00,0x00,
    0x1A,0x8D,0xDF,0x4A,0x00,0x00,0x00,0x00,0x01,0x4D,0xCF,0x6A,0x00,0x00,0x03,0x5A,
    0xD0,0xB0,0x36,0x00,0x06,0x64,0xD8,0xA6,0x2C,0x00,0x00,0x00,0xC2,0x9B,0x24,0x00,
    0x00,0x00,0x00,0x00,0x10,0x00,0x00,0x00,0x00,0x00,0x00,0x00,0x00,0x11,0x94,0xDD,
    0xE2,0xE1,0x96,0x10,0x00,0x00,0xC4,0x8D,0x0A,0x00,0x09,0x95,0xB5,0x00,0x26,0xEB,
    0x02,0x00,0x00,0x00,0x09,0xFB,0x0E,0x00,0x00,0x00,0x00,0x00,0x00,0x0E,0xFA,0x09,
    0x00,0x00,0x00,0x00,0x00,0x02,0x9F,0x9C,0x00,0x00,0x00,0x00,0x00,0x06,0xAB,0xAC,
    0x07,0x00,0x00,0x00,0x00,0x00,0x8E,0xA1,0x02,0x00,0x00,0x00,0x00,0x00,0x00,0xEF,
    0x14,0x00,0x00,0x00,0x00,0x00,0x00,0x02,0x5B,0x00,0x00,0x00,0x00,0x00,0x00,0x00,
    0x00,0x00,0x00,0x00,0x00,0x00,0x00,0x00,0x00,0x39,0xD4,0x36,0x00,0x00,0x00,0x00,
    0x00,0x00,0x45,0xF3,0x42,0x00,0x00,0x00,0x00,0x00,0x00,0x2A,0x96,0xCA,0xCB,0xC8,
    0xCD,0x9B,0x31,0x00,0x00,0x00,0x00,0x00,0x01,0x7F,0xC8,0x46,0x03,0x00,0x00,0x02,
    0x40,0xC0,0x8D,0x03,0x00,0x00,0x00,0x81,0xA8,0x05,0x00,0x00,0x00,0x00,0x00,0x00,
    0x02,0x99,0x93,0x00,0x00,0x2E,0xD7,0x08,0x00,0x00,0x38,0x78,0x6B,0x11,0x56,0x0E,
    0x03,0xCB,0x3C,0x00,0x99,0x64,0x00,0x00,0x7C,0xC8,0x66,0x74,0xC7,0xEE,0x24,0x00,
    0x51,0xAC,0x00,0xDC,0x1A,0x00,0x1A,0xE8,0x0B,0x00,0x00,0x3F,0xFF,0x24,0x00,0x0C,
    0xEB,0x00,0xF4,0x00,0x00,0x51,0xB3,0x00,0x00,0x00,0x02,0xF5,0x24,0x00,0x00,0xEA,
    0x0A,0xF4,0x00,0x00,0x55,0xAD,0x00,0x00,0x00,0x00,0xF2,0x24,0x00,0x00,0xEF,0x09,
    0xDC,0x1A,0x00,0x28,0xE3,0x04,0x00,0x00,0x30,0xFF,0x25,0x00,0x1E,0xE2,0x00,0x99,
    0x64,0x00,0x00,0xA6,0xA4,0x3C,0x4F,0xC0,0xBA,0x87,0x39,0xBA,0x71,0x00,0x2F,0xD7,
    0x08,0x00,0x04,0x67,0xA0,0x88,0x1F,0x13,0x86,0x9E,0x57,0x00,0x00,0x00,0x83,0xAB,
    0x06,0x00,0x00,0x00,0x00,0x00,0x00,0x00,0x00,0x00,0x00,0x00,0x00,0x01,0x81,0xCC,
    0x4C,0x06,0x00,0x00,0x00,0x2B,0x1D,0x00,0x00,0x00,0x00,0x00,0x00,0x00,0x29,0x95,
    0xCC,0xCC,0xCE,0xD2,0xB0,0x25,0x00,0x00,0x00,0x00,0x00,0x00,0x00,0x00,0x00,0x00,
    0x94,0xF4,0x0C,0x00,0x00,0x00,0x00,0x00,0x00,0x00,0x07,0xE8,0xC1,0x5C,0x00,0x00,
    0x00,0x00,0x00,0x00,0x00,0x54,0xB0,0x48,0xBC,0x00,0x00,0x00,0x00,0x00,0x00,0x00,
    0xB4,0x4C,0x03,0xE3,0x1C,0x00,0x00,0x00,0x00,0x00,0x18,0xE2,0x04,0x00,0x87,0x78,
    0x00,0x00,0x00,0x00,0x00,0x76,0x87,0x00,0x00,0x25,0xD6,0x00,0x00,0x00,0x00,0x00,
    0xD6,0x25,0x00,0x00,0x00,0xC4,0x34,0x00,0x00,0x00,0x38,0xFF,0xF8,0xF8,0xF8,0xF8,
    0xFD,0x94,0x00,0x00,0x00,0x97,0x6D,0x00,0x00,0x00,0x00,0x0E,0xE5,0x05,0x00,0x08,
    0xEE,0x19,0x00,0x00,0x00,0x00,0x00,0xB6,0x50,0x00,0x58,0xC1,0x00,0x00,0x00,0x00,
    0x00,0x00,0x66,0xAE,0x00,0xB8,0x6B,0x00,0x00,0x00,0x00,0x00,0x00,0x18,0xF7,0x13,
    0x60,0xFD,0xF4,0xF4,0xF4,0xE2,0x92,0x12,0x00,0x60,0xC0,0x00,0x00,0x00,0x1B,0xAA,
    0xC1,0x00,0x60,0xC0,0x00,0x00,0x00,0x00,0x16,0xFF,0x10,0x60,0xC0,0x00,0x00,0x00,
    0x00,0x23,0xF7,0x07,0x60,0xC0,0x00,0x00,0x01,0x2A,0xC0,0x80,0x00,0x60,0xFF,0xFC,
    0xFC,0xFE,0xFF,0xC0,0x1A,0x00,0x60,0xC0,0x00,0x00,0x01,0x14,0x64,0xE1,0x2D,0x60,
    0xC0,0x00,0x00,0x00,0x00,0x00,0x71,0xB0,0x60,0xC0,0x00,0x00,0x00,0x00,0x00,0x46,
    0xD7,0x60,0xC0,0x00,0x00,0x00,0x00,0x00,0x6E,0xBA,0x60,0xC0,0x00,0x00,0x00,0x0A,
    0x55,0xED,0x4B,0x60,0xFD,0xF4,0xF4,0xF4,0xF2,0xC0,0x49,0x00,0x00,0x00,0x3A,0xAD,
    0xE5,0xE8,0xE5,0xAD,0x37,0x00,0x00,0x00,0x66,0xE6,0x58,0x08,0x00,0x08,0x59,0xE5,
    0x5A,0x00,0x2C,0xF4,0x2C,0x00,0x00,0x00,0x00,0x00,0x35,0xF1,0x0D,0x9A,0x9C,0x00,
    0x00,0x00,0x00,0x00,0x00,0x00,0x9C,0x2F,0xDC,0x55,0x00,0x00,0x00,0x00,0x00,0x00,
    0x00,0x00,0x00,0xFA,0x36,0x00,0x00,0x00,0x00,0x00,0x00,0x00,0x00,0x00,0xFA,0x36,
    0x00,0x00,0x00,0x00,0x00,0x00,0x00,0x00,0x00,0xDD,0x55,0x00,0x00,0x00,0x00,0x00,
    0x00,0x00,0x00,0x00,0x9A,0x9E,0x00,0x00,0x00,0x00,0x00,0x00,0x00,0xCB,0x4A,0x2C,
    0xF5,0x2E,0x00,0x00,0x00,0x00,0x00,0x35,0xF2,0x0E,0x00,0x66,0xE8,0x5F,0x0D,0x00,
    0x09,0x59,0xE5,0x59,0x00,0x00,0x00,0x3A,0xAE,0xE9,0xF0,0xEA,0xAE,0x39,0x00,0x00,
    0x60,0xFD,0xF4,0xF4,0xF7,0xEA,0xB2,0x44,0x00,0x00,0x00,0x60,0xC0,0x00,0x00,0x00,
    0x18,0x63,0xE5,0x85,0x00,0x00,0x60,0xC0,0x00,0x00,0x00,0x00,0x00,0x1B,0xE8,0x4E,
    0x00,0x60,0xC0,0x00,0x00,0x00,0x00,0x00,0x00,0x72,0xC1,0x00,0x60,0xC0,0x00,0x00,
    0x00,0x00,0x00,0x00,0x2B,0xFB,0x06,0x60,0xC0,0x00,0x00,0x00,0x00,0x00,0x00,0x0E,
    0xFF,0x1E,0x60,0xC0,0x00,0x00,0x00,0x00,0x00,0x00,0x0E,0xFF,0x1E,0x60,0xC0,0x00,
    0x00,0x00,0x00,0x00,0x00,0x2B,0xFB,0x06,0x60,0xC0,0x00,0x00,0x00,0x00,0x00,0x00,
    0x72,0xC2,0x00,0x60,0xC0,0x00,0x00,0x00,0x00,0x00,0x1B,0xE8,0x4E,0x00,0x60,0xC0,
    0x00,0x00,0x00,0x18,0x63,0xE5,0x86,0x00,0x00,0x60,0xFD,0xF4,0xF4,0xF7,0xEA,0xB2,
    0x44,0x00,0x00,0x00,0x60,0xFD,0xF4,0xF4,0xF4,0xF4,0xF4,0xEC,0x60,0xC0,0x00,0x00,
    0x00,0x00,0x00,0x00,0x60,0xC0,0x00,0x00,0x00,0x00,0x00,0x00,0x60,0xC0,0x00,0x00,
    0x00,0x00,0x00,0x00,0x60,0xC0,0x00,0x00,0x00,0x00,0x00,0x00,0x60,0xFD,0xF4,0xF4,
    0xF4,0xF4,0xF4,0x7E,0x60,0xC0,0x00,0x00,0x00,0x00,0x00,0x00,0x60,0xC0,0x00,0x00,
    0x00,0x00,0x00,0x00,0x60,0xC0,0x00,0x00,0x00,0x00,0x00,0x00,0x60,0xC0,0x00,0x00,
    0x00,0x00,0x00,0x00,0x60,0xC0,0x00,0x00,0x00,0x00,0x00,0x00,0x60,0xFD,0xF4,0xF4,
    0xF4,0xF4,0xF4,0xEC,0x60,0xFD,0xF4,0xF4,0xF4,0xF4,0xF4,0xC2,0x60,0xC0,0x00,0x00,
    0x00,0x00,0x00,0x00,0x60,0xC0,0x00,0x00,0x00,0x00,0x00,0x00,0x60,0xC0,0x00,0x00,
    0x00,0x00,0x00,0x00,0x60,0xC0,0x00,0x00,0x00,0x00,0x00,0x00,0x60,0xFD,0xF4,0xF4,
    0xF4,0xF4,0xF4,0x3D,0x60,0xC0,0x00,0x00,0x00,0x00,0x00,0x00,0x60,0xC0,0x00,0x00,
    0x00,0x00,0x00,0x00,0x60,0xC0,0x00,0x00,0x00,0x00,0x00,0x00,0x60,0xC0,0x00,0x00,
    0x00,0x00,0x00,0x00,0x60,0xC0,0x00,0x00,0x00,0x00,0x00,0x00,0x60,0xC0,0x00,0x00,
    0x00,0x00,0x00,0x00,0x00,0x00,0x3B,0xAE,0xE6,0xE8,0xE6,0xB2,0x3E,0x00,0x00,0x00,
    0x6A,0xE6,0x57,0x08,0x00,0x06,0x59,0xE9,0x64,0x00,0x2F,0xF1,0x28,0x00,0x00,0x00,
    0x00,0x00,0x38,0xF6,0x14,0x9B,0x91,0x00,0x00,0x00,0x00,0x00,0x00,0x00,0x88,0x2F,
    0xDD,0x46,0x00,0x00,0x00,0x00,0x00,0x00,0x00,0x00,0x00,0xFA,0x26,0x00,0x00,0x00,
    0x00,0x00,0x00,0x00,0x00,0x00,0xFA,0x26,0x00,0x00,0x00,0x31,0xF0,0xF0,0xF0,0xF0,
    0x9E,0xDD,0x46,0x00,0x00,0x00,0x02,0x0C,0x0C,0x0C,0x7A,0x9D,0x9C,0x92,0x00,0x00,
    0x00,0x00,0x00,0x00,0x00,0xA0,0x74,0x2F,0xF2,0x2B,0x00,0x00,0x00,0x00,0x00,0x1D,
    0xEE,0x1F,0x00,0x6A,0xE9,0x61,0x10,0x00,0x09,0x4D,0xDE,0x71,0x00,0x00,0x00,0x3B,
    0xAE,0xEA,0xF4,0xEE,0xBB,0x48,0x00,0x00,0x60,0xC0,0x00,0x00,0x00,0x00,0x00,0x00,
    0x38,0xE4,0x60,0xC0,0x00,0x00,0x00,0x00,0x00,0x00,0x38,0xE4,0x60,0xC0,0x00,0x00,
    0x00,0x00,0x00,0x00,0x38,0xE4,0x60,0xC0,0x00,0x00,0x00,0x00,0x00,0x00,0x38,0xE4,
    0x60,0xC0,0x00,0x00,0x00,0x00,0x00,0x00,0x38,0xE4,0x60,0xFF,0xFC,0xFC,0xFC,0xFC,
    0xFC,0xFC,0xFD,0xE4,0x60,0xC0,0x00,0x00,0x00,0x00,0x00,0x00,0x38,0xE4,0x60,0xC0,
    0x00,0x00,0x00,0x00,0x00,0x00,0x38,0xE4,0x60,0xC0,0x00,0x00,0x00,0x00,0x00,0x00,
    0x38,0xE4,0x60,0xC0,0x00,0x00,0x00,0x00,0x00,0x00,0x38,0xE4,0x60,0xC0,0x00,0x00,
    0x00,0x00,0x00,0x00,0x38,0xE4,0x60,0xC0,0x00,0x00,0x00,0x00,0x00,0x00,0x38,0xE4,
    0x60,0xC0,0x60,0xC0,0x60,0xC0,0x60,0xC0,0x60,0xC0,0x60,0xC0,0x60,0xC0,0x60,0xC0,
    0x60,0xC0,0x60,0xC0,0x60,0xC0,0x60,0xC0,0x00,0x00,0x00,0xF4,0x2C,0x00,0x00,0x00,
    0xF4,0x2C,0x00,0x00,0x00,0xF4,0x2C,0x00,0x00,0x00,0xF4,0x2C,0x00,0x00,0x00,0xF4,
    0x2C,0x00,0x00,0x00,0xF4,0x2C,0x00,0x00,0x00,0xF4,0x2C,0x00,0x00,0x00,0xF4,0x2C,
    0x00,0x00,0x00,0xF5,0x2B,0x00,0x00,0x0D,0xFF,0x1B,0x00,0x0A,0x88,0xD8,0x00,0xA7,
    0xF6,0xC1,0x2E,0x00,0x60,0xC0,0x00,0x00,0x00,0x00,0x86,0xC6,0x0A,0x60,0xC0,0x00,
    0x00,0x00,0x6B,0xD5,0x12,0x00,0x60,0xC0,0x00,0x00,0x51,0xDE,0x1B,0x00,0x00,0x60,
    0xC0,0x00,0x3C,0xE3,0x27,0x00,0x00,0x00,0x60,0xC0,0x29,0xE2,0x36,0x00,0x00,0x00,
    0x00,0x60,0xD2,0xE2,0x59,0x00,0x00,0x00,0x00,0x00,0x60,0xC1,0xA5,0xCA,0x0B,0x00,
    0x00,0x00,0x00,0x60,0xC0,0x06,0xBC,0xB5,0x04,0x00,0x00,0x00,0x60,0xC0,0x00,0x0E,
    0xCF,0x9C,0x01,0x00,0x00,0x60,0xC0,0x00,0x00,0x19,0xE0,0x82,0x00,0x00,0x60,0xC0,
    0x00,0x00,0x00,0x27,0xEC,0x65,0x00,0x60,0xC0,0x00,0x00,0x00,0x00,0x38,0xF2,0x4E,
    0x60,0xC0,0x00,0x00,0x00,0x00,0x00,0x00,0x60,0xC0,0x00,0x00,0x00,0x00,0x00,0x00,
    0x60,0xC0,0x00,0x00,0x00,0x00,0x00,0x00,0x60,0xC0,0x00,0x00,0x00,0x00,0x00,0x00,
    0x60,0xC0,0x00,0x00,0x00,0x00,0x00,0x00,0x60,0xC0,0x00,0x00,0x00,0x00,0x00,0x00,
    0x60,0xC0,0x00,0x00,0x00,0x00,0x00,0x00,0x60,0xC0,0x00,0x00,0x00,0x00,0x00,0x00,
    0x60,0xC0,0x00,0x00,0x00,0x00,0x00,0x00,0x60,0xC0,0x00,0x00,0x00,0x00,0x00,0x00,
    0x60,0xC0,0x00,0x00,0x00,0x00,0x00,0x00,0x60,0xFD,0xF4,0xF4,0xF4,0xF4,0xF4,0x85,
    0x60,0xF6,0x22,0x00,0x00,0x00,0x00,0x00,0x00,0x2E,0xFC,0x50,0x60,0xFA,0xB8,0x00,
    0x00,0x00,0x00,0x00,0x01,0xC4,0xFA,0x50,0x60,0xBB,0xCC,0x58,0x00,0x00,0x00,0x00,
    0x62,0xBC,0xCC,0x50,0x60,0xB8,0x33,0xE5,0x0F,0x00,0x00,0x11,0xE5,0x27,0xCC,0x50,
    0x60,0xB8,0x00,0x91,0x94,0x00,0x00,0x99,0x85,0x00,0xCC,0x50,0x60,0xB8,0x00,0x0E,
    0xE4,0x38,0x37,0xDD,0x0A,0x00,0xCC,0x50,0x60,0xB8,0x00,0x00,0x55,0xD0,0xCD,0x4E,
    0x00,0x00,0xCC,0x50,0x60,0xB8,0x00,0x00,0x00,0xB7,0xB1,0x00,0x00,0x00,0xCC,0x50,
    0x60,0xB8,0x00,0x00,0x00,0x00,0x00,0x00,0x00,0x00,0xCC,0x50,0x60,0xB8,0x00,0x00,
    0x00,0x00,0x00,0x00,0x00,0x00,0xCC,0x50,0x60,0xB8,0x00,0x00,0x00,0x00,0x00,0x00,
    0x00,0x00,0xCC,0x50,0x60,0xB8,0x00,0x00,0x00,0x00,0x00,0x00,0x00,0x00,0xCC,0x50,
    0x60,0xFA,0x31,0x00,0x00,0x00,0x00,0x00,0x28,0xEC,0x60,0xF9,0xD3,0x07,0x00,0x00,
    0x00,0x00,0x28,0xEC,0x60,0xB6,0xC1,0x88,0x00,0x00,0x00,0x00,0x28,0xEC,0x60,0xB4,
    0x22,0xF1,0x3B,0x00,0x00,0x00,0x28,0xEC,0x60,0xB4,0x00,0x66,0xDB,0x0B,0x00,0x00,
    0x28,0xEC,0x60,0xB4,0x00,0x01,0xB7,0x95,0x00,0x00,0x28,0xEC,0x60,0xB4,0x00,0x00,
    0x1B,0xED,0x44,0x00,0x28,0xEC,0x60,0xB4,0x00,0x00,0x00,0x5A,0xE2,0x10,0x28,0xEC,
    0x60,0xB4,0x00,0x00,0x00,0x00,0xAC,0xA1,0x28,0xEC,0x60,0xB4,0x00,0x00,0x00,0x00,
    0x14,0xE9,0x78,0xEC,0x60,0xB4,0x00,0x00,0x00,0x00,0x00,0x4F,0xF9,0xEC,0x60,0xB4,
    0x00,0x00,0x00,0x00,0x00,0x00,0x9F,0xEC,0x00,0x00,0x3A,0xAD,0xE5,0xE8,0xE8,0xBA,
    0x4B,0x00,0x00,0x00,0x00,0x66,0xE8,0x5B,0x08,0x00,0x05,0x49,0xDC,0x84,0x00,0x00,
    0x2C,0xF5,0x2D,0x00,0x00,0x00,0x00,0x00,0x1A,0xEB,0x49,0x00,0x9A,0x9F,0x00,0x00,
    0x00,0x00,0x00,0x00,0x00,0x7C,0xBA,0x00,0xDC,0x55,0x00,0x00,0x00,0x00,0x00,0x00,
    0x00,0x33,0xF8,0x04,0xFA,0x36,0x00,0x00,0x00,0x00,0x00,0x00,0x00,0x12,0xFF,0x1A,
    0xFA,0x36,0x00,0x00,0x00,0x00,0x00,0x00,0x00,0x12,0xFF,0x1A,0xDD,0x55,0x00,0x00,
    0x00,0x00,0x00,0x00,0x00,0x33,0xF8,0x04,0x9A,0x9C,0x00,0x00,0x00,0x00,0x00,0x00,
    0x00,0x7A,0xBA,0x00,0x2C,0xF4,0x2C,0x00,0x00,0x00,0x00,0x00,0x18,0xEA,0x49,0x00,
    0x00,0x66,0xE6,0x58,0x08,0x00,0x05,0x47,0xDA,0x86,0x00,0x00,0x00,0x00,0x3A,0xAE,
    0xE6,0xE8,0xE7,0xBA,0x4B,0x00,0x00,0x00,0x60,0xFD,0xF4,0xF4,0xF4,0xEB,0x99,0x11,
    0x00,0x60,0xC0,0x00,0x00,0x00,0x14,0x9D,0xC7,0x02,0x60,0xC0,0x00,0x00,0x00,0x00,
    0x04,0xE6,0x3E,0x60,0xC0,0x00,0x00,0x00,0x00,0x00,0xC1,0x60,0x60,0xC0,0x00,0x00,
    0x00,0x00,0x03,0xE2,0x47,0x60,0xC0,0x00,0x00,0x00,0x1A,0x9A,0xD2,0x05,0x60,0xFF,
    0xFC,0xFC,0xFD,0xED,0x9F,0x16,0x00,0x60,0xC0,0x00,0x00,0x00,0x00,0x00,0x00,0x00,
    0x60,0xC0,0x00,0x00,0x00,0x00,0x00,0x00,0x00,0x60,0xC0,0x00,0x00,0x00,0x00,0x00,
    0x00,0x00,0x60,0xC0,0x00,0x00,0x00,0x00,0x00,0x00,0x00,0x60,0xC0,0x00,0x00,0x00,
    0x00,0x00,0x00,0x00,0x00,0x00,0x3A,0xAD,0xE5,0xE8,0xE8,0xBA,0x4B,0x00,0x00,0x00,
    0x00,0x66,0xE8,0x5B,0x08,0x00,0x05,0x49,0xDC,0x84,0x00,0x00,0x2C,0xF5,0x2D,0x00,
    0x00,0x00,0x00,0x00,0x1A,0xEB,0x49,0x00,0x9A,0x9F,0x00,0x00,0x00,0x00,0x00,0x00,
    0x00,0x7C,0xBA,0x00,0xDC,0x55,0x00,0x00,0x00,0x00,0x00,0x00,0x00,0x33,0xF8,0x04,
    0xFA,0x36,0x00,0x00,0x00,0x00,0x00,0x00,0x00,0x12,0xFF,0x1A,0xFA,0x36,0x00,0x00,
    0x00,0x00,0x00,0x00,0x00,0x12,0xFF,0x1A,0xDD,0x55,0x00,0x00,0x00,0x00,0x00,0x00,
    0x00,0x33,0xF8,0x04,0x9A,0x9C,0x00,0x00,0x00,0x00,0x00,0x00,0x00,0x7A,0xBA,0x00,
    0x2C,0xF4,0x2C,0x00,0x00,0x00,0x00,0x00,0x18,0xEA,0x49,0x00,0x00,0x66,0xE6,0x58,
    0x08,0x00,0x05,0x47,0xDA,0x86,0x00,0x00,0x00,0x00,0x3A,0xAE,0xE6,0xE8,0xF9,0xC5,
    0x4B,0x00,0x00,0x00,0x00,0x00,0x00,0x00,0x00,0x00,0x99,0xB7,0x29,0x03,0x00,0x00,
    0x00,0x00,0x00,0x00,0x00,0x00,0x07,0x8E,0xE8,0xFF,0x80,0x00,0x00,0x00,0x00,0x00,
    0x00,0x00,0x00,0x00,0x00,0x05,0x04,0x00,0x60,0xFD,0xF4,0xF4,0xF4,0xF1,0xB2,0x2A,
    0x00,0x60,0xC0,0x00,0x00,0x00,0x0B,0x81,0xEB,0x12,0x60,0xC0,0x00,0x00,0x00,0x00,
    0x00,0xD4,0x60,0x60,0xC0,0x00,0x00,0x00,0x00,0x00,0xAD,0x73,0x60,0xC0,0x00,0x00,
    0x00,0x00,0x02,0xD7,0x41,0x60,0xC0,0x00,0x00,0x00,0x14,0x9D,0xA9,0x00,0x60,0xFE,
    0xF8,0xF8,0xF8,0xFF,0xA7,0x04,0x00,0x60,0xC0,0x00,0x00,0x00,0x15,0xB8,0x90,0x00,
    0x60,0xC0,0x00,0x00,0x00,0x00,0x20,0xF7,0x10,0x60,0xC0,0x00,0x00,0x00,0x00,0x00,
    0xCD,0x56,0x60,0xC0,0x00,0x00,0x00,0x00,0x00,0x8A,0x9B,0x60,0xC0,0x00,0x00,0x00,
    0x00,0x00,0x46,0xDE,0x00,0x05,0x80,0xDD,0xF7,0xF0,0xBA,0x40,0x00,0x00,0x00,0x91,
    0xC2,0x28,0x00,0x07,0x56,0xEB,0x4A,0x00,0x00,0xE8,0x34,0x00,0x00,0x00,0x00,0x6F,
    0xBC,0x00,0x00,0xE7,0x3A,0x00,0x00,0x00,0x00,0x11,0x2E,0x00,0x00,0x82,0xDE,0x56,
    0x09,0x00,0x00,0x00,0x00,0x00,0x00,0x01,0x5F,0xCF,0xF7,0xBA,0x6D,0x15,0x00,0x00,
    0x00,0x00,0x00,0x00,0x1E,0x61,0xB5,0xF5,0x5C,0x00,0x00,0x00,0x00,0x00,0x00,0x00,
    0x00,0x4C,0xF6,0x11,0x36,0x8E,0x00,0x00,0x00,0x00,0x00,0x00,0xE0,0x37,0x27,0xF4,
    0x0F,0x00,0x00,0x00,0x00,0x0D,0xF4,0x1F,0x00,0xA6,0xC0,0x35,0x03,0x01,0x30,0xBE,
    0xA5,0x00,0x00,0x04,0x73,0xD1,0xF6,0xF3,0xD2,0x75,0x04,0x00,0xCE,0xF4,0xF4,0xF9,
    0xFD,0xF4,0xF4,0xF4,0x32,0x00,0x00,0x00,0x60,0xC0,0x00,0x00,0x00,0x00,0x00,0x00,
    0x00,0x60,0xC0,0x00,0x00,0x00,0x00,0x00,0x00,0x00,0x60,0xC0,0x00,0x00,0x00,0x00,
    0x00,0x00,0x00,0x60,0xC0,0x00,0x00,0x00,0x00,0x00,0x00,0x00,0x60,0xC0,0x00,0x00,
    0x00,0x00,0x00,0x00,0x00,0x60,0xC0,0x00,0x00,0x00,0x00,0x00,0x00,0x00,0x60,0xC0,
    0x00,0x00,0x00,0x00,0x00,0x00,0x00,0x60,0xC0,0x00,0x00,0x00,0x00,0x00,0x00,0x00,
    0x60,0xC0,0x00,0x00,0x00,0x00,0x00,0x00,0x00,0x60,0xC0,0x00,0x00,0x00,0x00,0x00,
    0x00,0x00,0x60,0xC0,0x00,0x00,0x00,0x00,0x8C,0x98,0x00,0x00,0x00,0x00,0x00,0x00,
    0x7C,0xA8,0x8C,0x98,0x00,0x00,0x00,0x00,0x00,0x00,0x7C,0xA8,0x8C,0x98,0x00,0x00,
    0x00,0x00,0x00,0x00,0x7C,0xA8,0x8C,0x98,0x00,0x00,0x00,0x00,0x00,0x00,0x7C,0xA8,
    0x8C,0x98,0x00,0x00,0x00,0x00,0x00,0x00,0x7C,0xA8,0x8C,0x98,0x00,0x00,0x00,0x00,
    0x00,0x00,0x7C,0xA8,0x8C,0x98,0x00,0x00,0x00,0x00,0x00,0x00,0x7C,0xA8,0x8B,0x99,
    0x00,0x00,0x00,0x00,0x00,0x00,0x7E,0xA7,0x76,0xB2,0x00,0x00,0x00,0x00,0x00,0x00,
    0x96,0x93,0x30,0xF2,0x12,0x00,0x00,0x00,0x00,0x07,0xE1,0x4C,0x00,0x9C,0xC9,0x3C,
    0x04,0x02,0x32,0xBA,0xB7,0x01,0x00,0x02,0x6D,0xD2,0xF8,0xF7,0xD8,0x7E,0x07,0x00,
    0xB9,0x7A,0x00,0x00,0x00,0x00,0x00,0x00,0x32,0xF2,0x0A,0x5C,0xD5,0x00,0x00,0x00,
    0x00,0x00,0x00,0x8D,0xA0,0x00,0x0B,0xF4,0x31,0x00,0x00,0x00,0x00,0x03,0xE6,0x42,
    0x00,0x00,0xA1,0x8C,0x00,0x00,0x00,0x00,0x45,0xE2,0x02,0x00,0x00,0x44,0xE6,0x03,
    0x00,0x00,0x00,0xA0,0x86,0x00,0x00,0x00,0x02,0xE5,0x43,0x00,0x00,0x09,0xF2,0x29,
    0x00,0x00,0x00,0x00,0x89,0x9F,0x00,0x00,0x57,0xCC,0x00,0x00,0x00,0x00,0x00,0x2C,
    0xF2,0x09,0x00,0xB2,0x6D,0x00,0x00,0x00,0x00,0x00,0x00,0xCF,0x56,0x13,0xF6,0x15,
    0x00,0x00,0x00,0x00,0x00,0x00,0x71,0xB2,0x6A,0xB2,0x00,0x00,0x00,0x00,0x00,0x00,
    0x00,0x18,0xF6,0xD2,0x54,0x00,0x00,0x00,0x00,0x00,0x00,0x00,0x00,0xB7,0xF0,0x07,
    0x00,0x00,0x00,0x00,0xDC,0x57,0x00,0x00,0x00,0x00,0x0A,0xF7,0xB1,0x00,0x00,0x00,
    0x00,0x00,0x9F,0x7C,0x92,0x9E,0x00,0x00,0x00,0x00,0x4C,0xD8,0xF5,0x07,0x00,0x00,
    0x00,0x01,0xE6,0x32,0x49,0xE3,0x00,0x00,0x00,0x00,0x95,0x73,0xD2,0x47,0x00,0x00,
    0x00,0x2E,0xE8,0x01,0x09,0xF7,0x2A,0x00,0x00,0x00,0xE0,0x28,0x86,0x91,0x00,0x00,
    0x00,0x74,0xA0,0x00,0x00,0xB5,0x71,0x00,0x00,0x2B,0xDC,0x00,0x39,0xDC,0x00,0x00,
    0x00,0xBB,0x58,0x00,0x00,0x6D,0xB7,0x00,0x00,0x74,0x91,0x00,0x02,0xEB,0x27,0x00,
    0x0A,0xF5,0x11,0x00,0x00,0x23,0xF6,0x08,0x00,0xBF,0x46,0x00,0x00,0xA0,0x71,0x00,
    0x49,0xC5,0x00,0x00,0x00,0x00,0xD9,0x45,0x0F,0xEE,0x07,0x00,0x00,0x54,0xBC,0x00,
    0x90,0x7C,0x00,0x00,0x00,0x00,0x91,0x8B,0x54,0xAF,0x00,0x00,0x00,0x0D,0xF4,0x0D,
    0xD6,0x34,0x00,0x00,0x00,0x00,0x47,0xD2,0x9E,0x64,0x00,0x00,0x00,0x00,0xBB,0x6F,
    0xE9,0x02,0x00,0x00,0x00,0x00,0x08,0xF5,0xED,0x1A,0x00,0x00,0x00,0x00,0x6F,0xED,
    0xA2,0x00,0x00,0x00,0x00,0x00,0x00,0xB4,0xCD,0x00,0x00,0x00,0x00,0x00,0x22,0xFF,
    0x58,0x00,0x00,0x00,0x47,0xEA,0x10,0x00,0x00,0x00,0x00,0x5D,0xD0,0x04,0x00,0xA5,
    0x95,0x00,0x00,0x00,0x14,0xE8,0x33,0x00,0x00,0x16,0xE9,0x33,0x00,0x00,0xA0,0x8F,
    0x00,0x00,0x00,0x00,0x60,0xC9,0x02,0x41,0xE0,0x0B,0x00,0x00,0x00,0x00,0x01,0xBC,
    0x6F,0xDB,0x49,0x00,0x00,0x00,0x00,0x00,0x00,0x24,0xFC,0xAB,0x00,0x00,0x00,0x00,
    0x00,0x00,0x00,0x58,0xEC,0xD5,0x06,0x00,0x00,0x00,0x00,0x00,0x12,0xE7,0x3A,0xB8,
    0x80,0x00,0x00,0x00,0x00,0x00,0x9E,0x96,0x00,0x22,0xEF,0x29,0x00,0x00,0x00,0x41,
    0xE4,0x0F,0x00,0x00,0x78,0xC5,0x02,0x00,0x08,0xDC,0x53,0x00,0x00,0x00,0x05,0xD3,
    0x6A,0x00,0x87,0xB0,0x00,0x00,0x00,0x00,0x00,0x3A,0xF0,0x1D,0xB7,0x85,0x00,0x00,
    0x00,0x00,0x00,0x3B,0xEF,0x13,0x28,0xF2,0x1E,0x00,0x00,0x00,0x01,0xC9,0x6D,0x00,
    0x00,0x91,0xA5,0x00,0x00,0x00,0x5A,0xD5,0x04,0x00,0x00,0x11,0xEB,0x37,0x00,0x07,
    0xE1,0x44,0x00,0x00,0x00,0x00,0x69,0xC5,0x01,0x76,0xB0,0x00,0x00,0x00,0x00,0x00,
    0x03,0xD3,0x69,0xEA,0x24,0x00,0x00,0x00,0x00,0x00,0x00,0x43,0xFF,0x87,0x00,0x00,
    0x00,0x00,0x00,0x00,0x00,0x00,0xF0,0x34,0x00,0x00,0x00,0x00,0x00,0x00,0x00,0x00,
    0xF0,0x34,0x00,0x00,0x00,0x00,0x00,0x00,0x00,0x00,0xF0,0x34,0x00,0x00,0x00,0x00,
    0x00,0x00,0x00,0x00,0xF0,0x34,0x00,0x00,0x00,0x00,0x00,0x00,0x00,0x00,0xF0,0x34,
    0x00,0x00,0x00,0x00,0x48,0xF4,0xF4,0xF4,0xF4,0xF4,0xF4,0xFF,0x63,0x00,0x00,0x00,
    0x00,0x00,0x00,0x3D,0xE7,0x14,0x00,0x00,0x00,0x00,0x00,0x0B,0xDC,0x51,0x00,0x00,
    0x00,0x00,0x00,0x00,0x93,0xA5,0x00,0x00,0x00,0x00,0x00,0x00,0x41,0xE3,0x11,0x00,
    0x00,0x00,0x00,0x00,0x0D,0xE0,0x4B,0x00,0x00,0x00,0x00,0x00,0x00,0x98,0x9E,0x00,
    0x00,0x00,0x00,0x00,0x00,0x46,0xE1,0x0E,0x00,0x00,0x00,0x00,0x00,0x0E,0xE1,0x45,
    0x00,0x00,0x00,0x00,0x00,0x00,0x9D,0x98,0x00,0x00,0x00,0x00,0x00,0x00,0x4B,0xDE,
    0x0C,0x00,0x00,0x00,0x00,0x00,0x00,0xAF,0xFB,0xF4,0xF4,0xF4,0xF4,0xF4,0xF4,0xA8,
    0xC0,0xEA,0xE0,0x38,0xC0,0x4C,0x00,0x00,0xC0,0x4C,0x00,0x00,0xC0,0x4C,0x00,0x00,
    0xC0,0x4C,0x00,0x00,0xC0,0x4C,0x00,0x00,0xC0,0x4C,0x00,0x00,0xC0,0x4C,0x00,0x00,
    0xC0,0x4C,0x00,0x00,0xC0,0x4C,0x00,0x00,0xC0,0x4C,0x00,0x00,0xC0,0x4C,0x00,0x00,
    0xC0,0x4C,0x00,0x00,0xC0,0x4C,0x00,0x00,0xC0,0xEC,0xE4,0x39,0x87,0x45,0x00,0x00,
    0x00,0x00,0x64,0xAD,0x00,0x00,0x00,0x00,0x0E,0xEF,0x13,0x00,0x00,0x00,0x00,0xA8,
    0x69,0x00,0x00,0x00,0x00,0x48,0xC8,0x00,0x00,0x00,0x00,0x04,0xE7,0x25,0x00,0x00,
    0x00,0x00,0x8C,0x84,0x00,0x00,0x00,0x00,0x2F,0xDF,0x01,0x00,0x00,0x00,0x00,0xD1,
    0x40,0x00,0x00,0x00,0x00,0x74,0x9C,0x00,0x00,0x00,0x00,0x18,0xEE,0x0A,0x00,0x00,
    0x00,0x00,0xB8,0x58,0x4A,0xE0,0xED,0xA8,0x00,0x00,0x64,0xA8,0x00,0x00,0x64,0xA8,
    0x00,0x00,0x64,0xA8,0x00,0x00,0x64,0xA8,0x00,0x00,0x64,0xA8,0x00,0x00,0x64,0xA8,
    0x00,0x00,0x64,0xA8,0x00,0x00,0x64,0xA8,0x00,0x00,0x64,0xA8,0x00,0x00,0x64,0xA8,
    0x00,0x00,0x64,0xA8,0x00,0x00,0x64,0xA8,0x00,0x00,0x64,0xA8,0x4B,0xE4,0xEF,0xA8,
    0x00,0x00,0x09,0xE1,0x89,0x00,0x00,0x00,0x00,0x00,0x7E,0xB0,0xE8,0x24,0x00,0x00,
    0x00,0x1D,0xEA,0x1A,0x6F,0xAF,0x00,0x00,0x00,0xA6,0x7C,0x00,0x05,0xD8,0x43,0x00,
    0x3B,0xE0,0x09,0x00,0x00,0x49,0xD3,0x03,0xD8,0xD8,0xD8,0xD8,0xD8,0xD8,0xD8,0xD8,
    0x3D,0x00,0x00,0x00,0x19,0x38,0x00,0x00,0x09,0xBB,0x62,0x00,0x00,0x08,0xB1,0x37,
    0x00,0x64,0xD5,0xE1,0xE2,0xA4,0x13,0x4B,0xDF,0x27,0x00,0x06,0x98,0xA6,0x9A,0x75,
    0x00,0x00,0x00,0x23,0xED,0x00,0x00,0x02,0x1F,0x35,0x4D,0xF8,0x1A,0xA5,0xD9,0xB0,
    0x93,0x92,0xF8,0xC5,0x7D,0x02,0x00,0x00,0x14,0xF8,0xFC,0x0F,0x00,0x00,0x00,0x33,
    0xF8,0xD1,0x67,0x00,0x02,0x4C,0xBC,0xF8,0x2C,0xC8,0xE4,0xD9,0x8F,0x10,0xF8,0x00,
    0x80,0x8C,0x00,0x00,0x00,0x00,0x00,0x00,0x80,0x8C,0x00,0x00,0x00,0x00,0x00,0x00,
    0x80,0x8C,0x00,0x00,0x00,0x00,0x00,0x00,0x80,0x8C,0x61,0xD5,0xE7,0xD7,0x4F,0x00,
    0x80,0xDE,0x91,0x0C,0x00,0x38,0xED,0x33,0x80,0xB7,0x00,0x00,0x00,0x00,0x85,0x9D,
    0x80,0x8C,0x00,0x00,0x00,0x00,0x47,0xD0,0x80,0x8C,0x00,0x00,0x00,0x00,0x36,0xDE,
    0x80,0x8C,0x00,0x00,0x00,0x00,0x49,0xCF,0x80,0xA0,0x00,0x00,0x00,0x00,0x8B,0x9A,
    0x80,0xEF,0x6D,0x05,0x00,0x4A,0xF1,0x2E,0x80,0x7F,0x89,0xE3,0xED,0xCE,0x46,0x00,
    0x00,0x44,0xCB,0xE3,0xE3,0xA5,0x17,0x00,0x38,0xE9,0x3A,0x00,0x05,0x89,0xC6,0x00,
    0xB1,0x70,0x00,0x00,0x00,0x04,0xF2,0x1F,0xED,0x2A,0x00,0x00,0x00,0x00,0x00,0x00,
    0xFE,0x16,0x00,0x00,0x00,0x00,0x00,0x00,0xEE,0x28,0x00,0x00,0x00,0x00,0x00,0x00,
    0xB5,0x6B,0x00,0x00,0x00,0x00,0xE2,0x30,0x3A,0xE6,0x36,0x00,0x03,0x76,0xD2,0x02,
    0x00,0x47,0xCB,0xE3,0xE2,0xA8,0x1B,0x00,0x00,0x00,0x00,0x00,0x00,0x00,0xAC,0x60,
    0x00,0x00,0x00,0x00,0x00,0x00,0xAC,0x60,0x00,0x00,0x00,0x00,0x00,0x00,0xAC,0x60,
    0x00,0x59,0xD7,0xEC,0xD8,0x5D,0xAC,0x60,0x48,0xE8,0x34,0x00,0x0D,0x9A,0xE5,0x60,
    0xBB,0x6A,0x00,0x00,0x00,0x02,0xCF,0x60,0xEF,0x28,0x00,0x00,0x00,0x00,0xAC,0x60,
    0xFE,0x16,0x00,0x00,0x00,0x00,0xAC,0x60,0xF0,0x27,0x00,0x00,0x00,0x00,0xAC,0x60,
    0xBE,0x65,0x00,0x00,0x00,0x01,0xC6,0x60,0x52,0xE3,0x29,0x00,0x11,0x9D,0xEE,0x60,
    0x00,0x67,0xE0,0xE9,0xD4,0x5A,0x9E,0x60,0x00,0x54,0xD3,0xE3,0xE1,0x83,0x03,0x00,
    0x41,0xE4,0x2F,0x00,0x0E,0xB4,0x81,0x00,0xB4,0x65,0x00,0x00,0x00,0x1C,0xED,0x03,
    0xEE,0x1E,0x00,0x00,0x00,0x00,0xDE,0x24,0xFE,0xE1,0xE0,0xE0,0xE0,0xE0,0xFA,0x32,
    0xEB,0x11,0x00,0x00,0x00,0x00,0x00,0x00,0xAE,0x4F,0x00,0x00,0x00,0x00,0x95,0x22,
    0x37,0xDA,0x2A,0x00,0x01,0x56,0xE0,0x05,0x00,0x45,0xC8,0xDE,0xDF,0xB5,0x26,0x00,
    0x00,0x00,0x93,0xEB,0xC4,0x00,0x23,0xEC,0x0B,0x00,0x00,0x3B,0xC9,0x00,0x00,0x97,
    0xE8,0xF9,0xE0,0xC1,0x00,0x3C,0xC8,0x00,0x00,0x00,0x3C,0xC8,0x00,0x00,0x00,0x3C,
    0xC8,0x00,0x00,0x00,0x3C,0xC8,0x00,0x00,0x00,0x3C,0xC8,0x00,0x00,0x00,0x3C,0xC8,
    0x00,0x00,0x00,0x3C,0xC8,0x00,0x00,0x00,0x3C,0xC8,0x00,0x00,0x00,0x00,0x00,0x00,
    0x00,0x00,0x82,0xEA,0x3C,0x00,0x06,0x8E,0xD6,0xD1,0xD3,0xAD,0x14,0x00,0x00,0x88,
    0x9F,0x04,0x00,0x32,0xE3,0x0E,0x00,0x00,0xDB,0x27,0x00,0x00,0x00,0xB7,0x4C,0x00,
    0x00,0xDB,0x28,0x00,0x00,0x00,0xB7,0x4C,0x00,0x00,0x82,0xA2,0x06,0x00,0x3B,0xE5,
    0x0E,0x00,0x00,0x45,0xE3,0xDA,0xD4,0xC6,0x35,0x00,0x00,0x00,0xDD,0x3B,0x02,0x00,
    0x00,0x00,0x00,0x00,0x00,0x61,0xFF,0xF0,0xEC,0xEE,0xC6,0x4E,0x00,0x0F,0xD1,0x30,
    0x00,0x00,0x03,0x43,0xEF,0x18,0x4E,0xAD,0x00,0x00,0x00,0x00,0x00,0xCB,0x33,0x22,
    0xE9,0x35,0x00,0x00,0x04,0x5E,0xD7,0x05,0x00,0x47,0xC4,0xDF,0xDC,0xDA,0x9F,0x1B,
    0x00,0x00,0x00,0x00,0x80,0x8C,0x00,0x00,0x00,0x00,0x00,0x00,0x80,0x8C,0x00,0x00,
    0x00,0x00,0x00,0x00,0x80,0x8C,0x00,0x00,0x00,0x00,0x00,0x00,0x80,0x8C,0x63,0xD7,
    0xEA,0xDD,0x4E,0x00,0x80,0xE9,0x91,0x11,0x00,0x40,0xED,0x07,0x80,0xA6,0x00,0x00,
    0x00,0x00,0xDC,0x35,0x80,0x8C,0x00,0x00,0x00,0x00,0xC9,0x43,0x80,0x8C,0x00,0x00,
    0x00,0x00,0xC8,0x44,0x80,0x8C,0x00,0x00,0x00,0x00,0xC8,0x44,0x80,0x8C,0x00,0x00,
    0x00,0x00,0xC8,0x44,0x80,0x8C,0x00,0x00,0x00,0x00,0xC8,0x44,0x80,0x8C,0x00,0x00,
    0x00,0x00,0xC8,0x44,0x30,0x34,0x96,0x9D,0x00,0x00,0x00,0x00,0x80,0x8C,0x80,0x8C,
    0x80,0x8C,0x80,0x8C,0x80,0x8C,0x80,0x8C,0x80,0x8C,0x80,0x8C,0x80,0x8C,0x00,0x00,
    0x00,0x00,0x30,0x34,0x00,0x00,0x96,0x9D,0x00,0x00,0x00,0x00,0x00,0x00,0x00,0x00,
    0x00,0x00,0x80,0x8C,0x00,0x00,0x80,0x8C,0x00,0x00,0x80,0x8C,0x00,0x00,0x80,0x8C,
    0x00,0x00,0x80,0x8C,0x00,0x00,0x80,0x8C,0x00,0x00,0x80,0x8C,0x00,0x00,0x80,0x8C,
    0x00,0x00,0x80,0x8C,0x00,0x00,0x81,0x8B,0x00,0x02,0xB3,0x6D,0x27,0xE9,0xBD,0x0E,
    0x80,0x8C,0x00,0x00,0x00,0x00,0x00,0x00,0x80,0x8C,0x00,0x00,0x00,0x00,0x00,0x00,
    0x80,0x8C,0x00,0x00,0x00,0x00,0x00,0x00,0x80,0x8C,0x00,0x00,0x0C,0xC7,0x80,0x00,
    0x80,0x8C,0x00,0x09,0xBF,0x8A,0x00,0x00,0x80,0x8C,0x07,0xB8,0x94,0x00,0x00,0x00,
    0x80,0x90,0xB1,0x9C,0x01,0x00,0x00,0x00,0x80,0xC7,0xF9,0x33,0x00,0x00,0x00,0x00,
    0x80,0x8C,0x5E,0xE9,0x29,0x00,0x00,0x00,0x80,0x8C,0x00,0x69,0xE4,0x22,0x00,0x00,
    0x80,0x8C,0x00,0x00,0x74,0xDF,0x1C,0x00,0x80,0x8C,0x00,0x00,0x00,0x7F,0xD8,0x16,
    0x9C,0x6C,0x00,0x00,0x9C,0x6C,0x00,0x00,0x9C,0x6C,0x00,0x00,0x9C,0x6C,0x00,0x00,
    0x9C,0x6C,0x00,0x00,0x9C,0x6C,0x00,0x00,0x9C,0x6C,0x00,0x00,0x9C,0x6C,0x00,0x00,
    0x9C,0x6C,0x00,0x00,0x99,0x6F,0x00,0x00,0x7A,0xA1,0x00,0x00,0x17,0xC8,0xE5,0x04,
    0x80,0x81,0x6A,0xDC,0xEA,0xD2,0x33,0x1E,0xAF,0xE6,0xEA,0x96,0x02,0x80,0xE8,0x89,
    0x0C,0x00,0x6A,0xDC,0xC4,0x38,0x00,0x0D,0xD4,0x53,0x80,0xA5,0x00,0x00,0x00,0x07,
    0xFD,0x26,0x00,0x00,0x00,0x7D,0x91,0x80,0x8C,0x00,0x00,0x00,0x00,0xF1,0x1B,0x00,
    0x00,0x00,0x69,0x9F,0x80,0x8C,0x00,0x00,0x00,0x00,0xF0,0x1C,0x00,0x00,0x00,0x68,
    0xA0,0x80,0x8C,0x00,0x00,0x00,0x00,0xF0,0x1C,0x00,0x00,0x00,0x68,0xA0,0x80,0x8C,
    0x00,0x00,0x00,0x00,0xF0,0x1C,0x00,0x00,0x00,0x68,0xA0,0x80,0x8C,0x00,0x00,0x00,
    0x00,0xF0,0x1C,0x00,0x00,0x00,0x68,0xA0,0x80,0x8C,0x00,0x00,0x00,0x00,0xF0,0x1C,
    0x00,0x00,0x00,0x68,0xA0,0x00,0x00,0x00,0x80,0x81,0x63,0xD7,0xE9,0xDD,0x4B,0x00,
    0x80,0xE7,0x91,0x11,0x00,0x42,0xEE,0x07,0x80,0xA6,0x00,0x00,0x00,0x00,0xDD,0x35,
    0x80,0x8C,0x00,0x00,0x00,0x00,0xC9,0x43,0x80,0x8C,0x00,0x00,0x00,0x00,0xC8,0x44,
    0x80,0x8C,0x00,0x00,0x00,0x00,0xC8,0x44,0x80,0x8C,0x00,0x00,0x00,0x00,0xC8,0x44,
    0x80,0x8C,0x00,0x00,0x00,0x00,0xC8,0x44,0x80,0x8C,0x00,0x00,0x00,0x00,0xC8,0x44,
    0x00,0x47,0xCB,0xE2,0xE2,0xAB,0x1D,0x00,0x39,0xE5,0x32,0x00,0x02,0x68,0xDD,0x0C,
    0xB1,0x6A,0x00,0x00,0x00,0x00,0xAF,0x6E,0xEC,0x29,0x00,0x00,0x00,0x00,0x69,0xAB,
    0xFE,0x16,0x00,0x00,0x00,0x00,0x56,0xBE,0xEE,0x26,0x00,0x00,0x00,0x00,0x68,0xAD,
    0xB4,0x66,0x00,0x00,0x00,0x00,0xAB,0x6F,0x3A,0xE1,0x2C,0x00,0x01,0x5F,0xDC,0x0D,
    0x00,0x47,0xCA,0xDE,0xE0,0xAB,0x1E,0x00,0x80,0x8C,0x60,0xD6,0xE7,0xD7,0x4F,0x00,
    0x80,0xDE,0x91,0x0C,0x00,0x38,0xED,0x33,0x80,0xB7,0x00,0x00,0x00,0x00,0x85,0x9D,
    0x80,0x8C,0x00,0x00,0x00,0x00,0x47,0xD0,0x80,0x8C,0x00,0x00,0x00,0x00,0x36,0xDE,
    0x80,0x8C,0x00,0x00,0x00,0x00,0x49,0xCF,0x80,0xA0,0x00,0x00,0x00,0x00,0x8B,0x98,
    0x80,0xEE,0x6C,0x05,0x00,0x4A,0xF0,0x2B,0x80,0x88,0x85,0xE1,0xEC,0xCD,0x43,0x00,
    0x80,0x84,0x00,0x00,0x00,0x00,0x00,0x00,0x80,0x84,0x00,0x00,0x00,0x00,0x00,0x00,
    0x80,0x84,0x00,0x00,0x00,0x00,0x00,0x00,0x00,0x59,0xD7,0xEC,0xD8,0x5C,0xA1,0x60,
    0x48,0xE5,0x33,0x00,0x0D,0x9B,0xE5,0x60,0xBB,0x60,0x00,0x00,0x00,0x02,0xCE,0x60,
    0xF0,0x1C,0x00,0x00,0x00,0x00,0xAC,0x60,0xFE,0x0A,0x00,0x00,0x00,0x00,0xAC,0x60,
    0xF0,0x1C,0x00,0x00,0x00,0x00,0xAC,0x60,0xBD,0x5C,0x00,0x00,0x00,0x02,0xCB,0x60,
    0x51,0xE1,0x28,0x00,0x12,0x9D,0xEB,0x60,0x00,0x67,0xE0,0xE9,0xD4,0x58,0xAC,0x60,
    0x00,0x00,0x00,0x00,0x00,0x00,0xAC,0x60,0x00,0x00,0x00,0x00,0x00,0x00,0xAC,0x60,
    0x00,0x00,0x00,0x00,0x00,0x00,0xAC,0x60,0x80,0x79,0x7B,0xEB,0x60,0x80,0xE1,0x92,
    0x22,0x05,0x80,0xAC,0x00,0x00,0x00,0x80,0x8C,0x00,0x00,0x00,0x80,0x8C,0x00,0x00,
    0x00,0x80,0x8C,0x00,0x00,0x00,0x80,0x8C,0x00,0x00,0x00,0x80,0x8C,0x00,0x00,0x00,
    0x80,0x8C,0x00,0x00,0x00,0x00,0x00,0x00,0x00,0x12,0xA5,0xE3,0xE2,0xCD,0x45,0x00,
    0x00,0x9F,0x8C,0x04,0x00,0x39,0xEB,0x1B,0x00,0xC4,0x49,0x00,0x00,0x00,0x99,0x4B,
    0x00,0x63,0xE4,0x77,0x29,0x00,0x00,0x00,0x00,0x00,0x31,0x94,0xDD,0xE0,0x6E,0x01,
    0x00,0x00,0x00,0x00,0x00,0x30,0xD6,0x59,0x09,0xF7,0x06,0x00,0x00,0x00,0x7C,0x8B,
    0x00,0xBA,0x85,0x05,0x00,0x15,0xCA,0x57,0x00,0x15,0xA3,0xE0,0xDC,0xD9,0x77,0x01,
    0x00,0x3C,0xC8,0x00,0x00,0x00,0x00,0x3C,0xC8,0x00,0x00,0x00,0x97,0xE8,0xF9,0xE0,
    0xE0,0x04,0x00,0x3C,0xC8,0x00,0x00,0x00,0x00,0x3C,0xC8,0x00,0x00,0x00,0x00,0x3C,
    0xC8,0x00,0x00,0x00,0x00,0x3C,0xC8,0x00,0x00,0x00,0x00,0x3C,0xC8,0x00,0x00,0x00,
    0x00,0x38,0xCC,0x00,0x00,0x00,0x00,0x16,0xF0,0x0F,0x00,0x00,0x00,0x00,0x84,0xE8,
    0xE0,0x07,0x00,0x00,0x98,0x74,0x00,0x00,0x00,0x00,0xB4,0x58,0x98,0x74,0x00,0x00,
    0x00,0x00,0xB4,0x58,0x98,0x74,0x00,0x00,0x00,0x00,0xB4,0x58,0x98,0x74,0x00,0x00,
    0x00,0x00,0xB4,0x58,0x98,0x74,0x00,0x00,0x00,0x00,0xB4,0x58,0x98,0x75,0x00,0x00,
    0x00,0x00,0xB4,0x58,0x8A,0x88,0x00,0x00,0x00,0x03,0xCD,0x58,0x48,0xE0,0x26,0x04,
    0x2F,0xB3,0xE6,0x58,0x00,0x84,0xEB,0xFB,0xCB,0x44,0xAC,0x58,0xD0,0x49,0x00,0x00,
    0x00,0x00,0x7A,0x94,0x70,0xA5,0x00,0x00,0x00,0x00,0xD5,0x38,0x16,0xEF,0x0B,0x00,
    0x00,0x30,0xD9,0x00,0x00,0xB0,0x5B,0x00,0x00,0x8B,0x7C,0x00,0x00,0x53,0xB6,0x00,
    0x02,0xE2,0x1F,0x00,0x00,0x07,0xE9,0x16,0x41,0xC0,0x00,0x00,0x00,0x00,0x94,0x6C,
    0x9C,0x64,0x00,0x00,0x00,0x00,0x34,0xCD,0xE6,0x0E,0x00,0x00,0x00,0x00,0x00,0xD4,
    0xA8,0x00,0x00,0x00,0xBA,0x60,0x00,0x00,0x00,0x71,0xFD,0x15,0x00,0x00,0x00,0xBD,
    0x52,0x6A,0xAB,0x00,0x00,0x00,0xBC,0xD6,0x5E,0x00,0x00,0x0C,0xF1,0x0B,0x1B,0xEF,
    0x04,0x00,0x0D,0xE6,0x58,0xA9,0x00,0x00,0x4F,0xB4,0x00,0x00,0xCE,0x3D,0x00,0x51,
    0xA4,0x0F,0xEA,0x04,0x00,0x98,0x66,0x00,0x00,0x7E,0x87,0x00,0x9C,0x59,0x00,0xBE,
    0x40,0x00,0xE0,0x19,0x00,0x00,0x2F,0xD0,0x01,0xE2,0x11,0x00,0x72,0x8C,0x2A,0xCA,
    0x00,0x00,0x00,0x00,0xE0,0x4B,0xC3,0x00,0x00,0x26,0xD8,0x73,0x7B,0x00,0x00,0x00,
    0x00,0x92,0xDB,0x79,0x00,0x00,0x00,0xDA,0xDA,0x2E,0x00,0x00,0x00,0x00,0x42,0xFF,
    0x2D,0x00,0x00,0x00,0x8E,0xDF,0x00,0x00,0x00,0x00,0x00,0x00,0x4F,0xCC,0x03,0x00,
    0x00,0x54,0xC2,0x02,0x00,0xA9,0x6B,0x00,0x0D,0xDC,0x26,0x00,0x00,0x17,0xDD,0x17,
    0x90,0x75,0x00,0x00,0x00,0x00,0x60,0xC3,0xC9,0x03,0x00,0x00,0x00,0x00,0x14,0xFB,
    0x88,0x00,0x00,0x00,0x00,0x00,0xA1,0x70,0xDA,0x28,0x00,0x00,0x00,0x46,0xC4,0x01,
    0x4C,0xC5,0x02,0x00,0x0B,0xDA,0x2B,0x00,0x00,0xAB,0x6B,0x00,0x92,0x84,0x00,0x00,
    0x00,0x18,0xE3,0x1E,0xD0,0x4C,0x00,0x00,0x00,0x00,0x79,0x94,0x6C,0xAC,0x00,0x00,
    0x00,0x00,0xD2,0x34,0x13,0xF1,0x13,0x00,0x00,0x2C,0xD4,0x00,0x00,0xA8,0x6C,0x00,
    0x00,0x85,0x74,0x00,0x00,0x46,0xCC,0x00,0x01,0xDA,0x18,0x00,0x00,0x02,0xE2,0x2C,
    0x3A,0xB4,0x00,0x00,0x00,0x00,0x82,0x8C,0x93,0x54,0x00,0x00,0x00,0x00,0x21,0xE6,
    0xD6,0x07,0x00,0x00,0x00,0x00,0x00,0xBD,0x94,0x00,0x00,0x00,0x00,0x00,0x00,0xC6,
    0x34,0x00,0x00,0x00,0x00,0x00,0x52,0xC6,0x00,0x00,0x00,0x00,0x1C,0xE1,0xDA,0x2D,
    0x00,0x00,0x00,0x00,0x0B,0xE0,0xE0,0xE0,0xE0,0xEF,0xD0,0x00,0x00,0x00,0x00,0x00,
    0x08,0xD6,0x57,0x00,0x00,0x00,0x00,0x00,0x8F,0xA6,0x00,0x00,0x00,0x00,0x00,0x41,
    0xE3,0x11,0x00,0x00,0x00,0x00,0x0E,0xDF,0x46,0x00,0x00,0x00,0x00,0x00,0xA0,0x95,
    0x00,0x00,0x00,0x00,0x00,0x52,0xDA,0x0A,0x00,0x00,0x00,0x00,0x17,0xE6,0x36,0x00,
    0x00,0x00,0x00,0x00,0x6B,0xFA,0xE0,0xE0,0xE0,0xE0,0xE0,0x0E,0x00,0x00,0x93,0xE8,
    0x38,0x00,0x27,0xE8,0x09,0x00,0x00,0x3C,0xC8,0x00,0x00,0x00,0x3C,0xC8,0x00,0x00,
    0x00,0x3D,0xC8,0x00,0x00,0x00,0x4B,0xBD,0x00,0x00,0x04,0xA0,0x79,0x00,0x00,0xE1,
    0xD9,0x09,0x00,0x00,0x06,0xA2,0x7C,0x00,0x00,0x00,0x4C,0xBE,0x00,0x00,0x00,0x3D,
    0xC8,0x00,0x00,0x00,0x3C,0xC8,0x00,0x00,0x00,0x3C,0xC8,0x00,0x00,0x00,0x27,0xE8,
    0x09,0x00,0x00,0x00,0x94,0xEA,0x39,0x00,0x10,0xEC,0x10,0xEC,0x10,0xEC,0x10,0xEC,
    0x10,0xEC,0x10,0xEC,0x10,0xEC,0x10,0xEC,0x10,0xEC,0x10,0xEC,0x10,0xEC,0x10,0xEC,
    0x10,0xEC,0x10,0xEC,0x10,0xEC,0x00,0x00,0x4A,0xE8,0x82,0x00,0x00,0x00,0x12,0xF6,
    0x17,0x00,0x00,0x00,0xE0,0x2C,0x00,0x00,0x00,0xE0,0x2C,0x00,0x00,0x00,0xE0,0x2D,
    0x00,0x00,0x00,0xD6,0x3A,0x00,0x00,0x00,0x91,0x8E,0x02,0x00,0x00,0x12,0xE6,0xD1,
    0x00,0x00,0x92,0x92,0x03,0x00,0x00,0xD6,0x3A,0x00,0x00,0x00,0xE0,0x2D,0x00,0x00,
    0x00,0xE0,0x2C,0x00,0x00,0x00,0xE0,0x2C,0x00,0x00,0x13,0xF6,0x17,0x00,0x4B,0xEB,
    0x83,0x00,0x00,0x00,0x03,0x9D,0xF7,0xE0,0x59,0x00,0x00,0x00,0xC5,0x35,0x5A,0xC0,
    0x0E,0x35,0xD5,0x92,0x11,0x35,0xEA,0x09,0x9E,0x63,0x00,0x00,0x0D,0x9D,0xF6,0xE8,
    0x51,0x00,0x00,0x00,
};

leRasterFont aptos_light_s =
{
    {
        {
            LE_STREAM_LOCATION_ID_INTERNAL, // data location id
            (void*)aptos_light_s_glyphs, // glyph table variable pointer
            11476, // data size
        },
        LE_RASTER_FONT,
        0,
    },
    18,
    14,
    LE_FONT_BPP_8, // bits per pixel
    aptos_light_s_data, // kerning table
};

